Place;Date;Page;Sector;Country Code;Year;Latitude;Longitude;Country;Region;Region District
Ábelová;1994-01-01;40;C;SK;1994;48,41157;19,43282;Slovakia;Banskobystrický kraj;okres Lučenec
Abertamy;;6;A;CZ;1899;#N/A;#N/A;#N/A;#N/A;#N/A
Abovce;1994-01-01;51;B;SK;1994;48,3191673;20,3382988;Slovensko;Banskobystrický kraj;okres Rimavská Sobota
Abrahám;2025-08-16;47;A;SK;2025;48,2479831;17,6194193;Slovensko;Trnavský kraj;okres Galanta
Abramová;1994-01-01;39;A;SK;1994;48,9362901;18,79687;Slovensko;Žilinský kraj;okres Turčianske Teplice
Adamov;2001-06-16;21;D;CZ;2001;#N/A;#N/A;#N/A;#N/A;#N/A
Adolfovice;2022-04-15;12;D;CZ;2022;#N/A;#N/A;#N/A;#N/A;#N/A
Adršpach;2022-04-14;11;A;CZ;2022;#N/A;#N/A;#N/A;#N/A;#N/A
Albeř;;33;B;CZ;1899;#N/A;#N/A;#N/A;#N/A;#N/A
Albrechtice;1994-01-01;24;B;CZ;1994;#N/A;#N/A;#N/A;#N/A;#N/A
Albrechtice nad Orlicí;;11;C;CZ;1899;#N/A;#N/A;#N/A;#N/A;#N/A
Albrechtice nad Vltavou;;18;C;CZ;1899;#N/A;#N/A;#N/A;#N/A;#N/A
Albrechtice v Jizerských Horách;;4;A;CZ;1899;#N/A;#N/A;#N/A;#N/A;#N/A
Albrechtičky;;24;A;CZ;1899;#N/A;#N/A;#N/A;#N/A;#N/A
Alekšince;;47;B;SK;1899;48,3648941;17,9475515;Slovensko;Nitriansky kraj;okres Nitra
Andělská Hora (Bruntál);karlovice;13;C;CZ;#VALUE!;#N/A;#N/A;#N/A;#N/A;#N/A
Andělská Hora (Karlovy Vary);;6;D;CZ;1899;#N/A;#N/A;#N/A;#N/A;#N/A
Andovce;2025-08-16;48;C;SK;2025;47,9950053;18,1042136;Slovensko;Nitriansky kraj;okres Nové Zámky
Andrejovka;2020-08-09;28;C;SK;2020;49,2869504;20,8978329;Slovensko;Prešovský kraj;okres Stará Ľubovňa
Annín;1995-08-02;17;C;CZ;1995;#N/A;#N/A;#N/A;#N/A;#N/A
Antol;1997-08-20;39;C;SK;1997;48,4221921;18,9414516;Slovensko;Banskobystrický kraj;okres Banská Štiavnica
Archlebov;;36;B;CZ;1899;#N/A;#N/A;#N/A;#N/A;#N/A
Arnoltice;;2;B;CZ;1899;#N/A;#N/A;#N/A;#N/A;#N/A
Aš;;5;A;CZ;1899;#N/A;#N/A;#N/A;#N/A;#N/A
Báb;;47;B;SK;1899;48,3102873;17,8684044;Slovensko;Nitriansky kraj;okres Nitra
Babice (Olomouc);;22;B;CZ;1899;#N/A;#N/A;#N/A;#N/A;#N/A
Babice (Praha-východ);;9;C;CZ;1899;#N/A;#N/A;#N/A;#N/A;#N/A
Babice (Uherské Hradiště);;37;A;CZ;1899;#N/A;#N/A;#N/A;#N/A;#N/A
Babice nad Svitavou;;22;C;CZ;1899;#N/A;#N/A;#N/A;#N/A;#N/A
Babín (Dolný Kubín);1994-01-01;26;C;SK;1994;49,3326721;19,3829973;Slovensko;Žilinský kraj;okres Námestovo
Babín (Klatovy);;17;D;CZ;1899;#N/A;#N/A;#N/A;#N/A;#N/A
Babiná;1994-01-01;39;D;SK;1994;48,4350789;19,0903462;Slovensko;Banskobystrický kraj;okres Zvolen
Babindol;2023-08-19;48;A;SK;2023;48,2882536;18,2394277;Slovensko;Nitriansky kraj;okres Nitra
Babkov;2021-07-27;24;D;SK;2021;49,1575816;18,6404143;Slovensko;Žilinský kraj;okres Žilina
Babylon;;16;C;CZ;1899;#N/A;#N/A;#N/A;#N/A;#N/A
Bacúch;1994-01-01;40;B;SK;1994;48,8558662;19,8061102;Slovensko;Banskobystrický kraj;okres Brezno
Báč;1994-01-01;47;A;SK;1994;48,0045275;17,377711;Slovensko;Trnavský kraj;okres Dunajská Streda
Bačetín;;11;C;CZ;1899;#N/A;#N/A;#N/A;#N/A;#N/A
Bačkov;;43;A;SK;1899;48,7392974;21,6243645;Slovensko;Košický kraj;okres Trebišov
Baďan;1997-08-20;49;A;SK;1997;48,3313769;18,8408068;Slovensko;Banskobystrický kraj;okres Banská Štiavnica
Badín;1994-01-01;39;D;SK;1994;48,6650207;19,1269549;Slovensko;Banskobystrický kraj;okres Banská Bystrica
Báhoň;1994-01-01;47;A;SK;1994;48,3086455;17,4453651;Slovensko;Bratislavský kraj;okres Pezinok
Bajč;1994-01-01;48;C;SK;1994;47,9235482;18,2081404;Slovensko;Nitriansky kraj;okres Komárno
Bajka;1994-01-01;48;B;SK;1994;48,1513064;18,5173881;Slovensko;Nitriansky kraj;okres Levice
Bajtava;1994-01-01;49;C;SK;1994;47,8558281;18,7498697;Slovensko;Nitriansky kraj;okres Nové Zámky
Baka;1996-05-19;47;C;SK;1996;47,9046685;17,5265767;Slovensko;Trnavský kraj;okres Dunajská Streda
Bakov nod Jizerou;;9;B;CZ;1899;#N/A;#N/A;#N/A;#N/A;#N/A
Bakta;2002-09-28;41;C;SK;2002;48,3906078;20,0947564;Slovensko;Banskobystrický kraj;okres Rimavská Sobota
Baláže;1994-01-01;39;B;SK;1994;48,8140003;19,1956082;Slovensko;Banskobystrický kraj;okres Banská Bystrica
Baldovce;1994-01-01;42;A;SK;1994;48,9922749;20,714067;Slovensko;Prešovský kraj;okres Levoča
Balog nad Ipľom;2018-07-01;49;B;SK;2018;48,0765217;19,1338237;Slovensko;Banskobystrický kraj;okres Veľký Krtíš
Baloň;2025-08-02;47;D;SK;2025;47,8300902;17,6700761;Slovensko;Trnavský kraj;okres Dunajská Streda
Baňa Lucia;2021-05-22;42;A;SK;2021;48,7244592;20,9265672;Slovensko;Košický kraj;okres Košice - okolie
Banka;2000-07-19;37;D;SK;2000;48,5830874;17,8497077;Slovensko;Trnavský kraj;okres Piešťany
Bánov (Nové Zámky);1994-01-01;48;A;SK;1994;48,0487885;18,191583;Slovensko;Nitriansky kraj;okres Nové Zámky
Bánov (Uh. Hraďište);1998-08-01;37;B;CZ;1998;#N/A;#N/A;#N/A;#N/A;#N/A
Bánová;;25;C;SK;1899;49,2021705;18,7215582;Slovensko;Žilinský kraj;okres Žilina
Bánovce nad Bebravou;1998-08-01;38;C;SK;1998;48,7216671;18,2598263;Slovensko;Trenčiansky kraj;okres Bánovce nad Bebravou
Bánovce nad Ondavou;;43;B;SK;1899;48,6820122;21,8143807;Slovensko;Košický kraj;okres Michalovce
Banská Belá;1994-01-01;39;C;SK;1994;48,4750134;18,9343398;Slovensko;Banskobystrický kraj;okres Banská Štiavnica
Banská Bystrica;1994-01-01;39;D;SK;1994;48,7383895;19,1585805;Slovensko;Banskobystrický kraj;okres Banská Bystrica
Banská Hodruša;2018-07-01;39;C;SK;2018;48,4662496;18,8187939;Slovensko;Banskobystrický kraj;okres Žarnovica
Banská Štiavnica;1994-01-01;39;C;SK;1994;48,4580926;18,8988414;Slovensko;Banskobystrický kraj;okres Banská Štiavnica
Banské;;43;A;SK;1899;48,8285889;21,5725639;Slovensko;Prešovský kraj;okres Vranov nad Topľou
Banský Studenec;2018-07-01;39;D;SK;2018;48,4472104;18,9709794;Slovensko;Banskobystrický kraj;okres Banská Štiavnica
Barca;;42;D;SK;1899;48,3731989;20,2300428;Slovensko;Banskobystrický kraj;okres Rimavská Sobota
Bardejov;1994-01-01;28;D;SK;1994;49,2926871;21,2756031;Slovensko;Prešovský kraj;okres Bardejov
Bardejovská Nová Ves;2020-06-20;28;D;SK;2020;49,3031143;21,3177277;Slovensko;Prešovský kraj;okres Bardejov
Bardejovské Kúpele;1994-01-01;28;D;SK;1994;49,3273239;21,2739014;Slovensko;Prešovský kraj;okres Bardejov
Bardoňovo;1994-01-01;48;B;SK;1994;48,110839;18,4209045;Slovensko;Nitriansky kraj;okres Nové Zámky
Bartošova Lehôtka;1994-01-01;39;C;SK;1994;48,653705;18,9107646;Slovensko;Banskobystrický kraj;okres Žiar nad Hronom
Bartošovce;2020-06-20;28;D;SK;2020;49,1960586;21,2761945;Slovensko;Prešovský kraj;okres Bardejov
Bartošovice;2003-10-05;24;A;CZ;2003;#N/A;#N/A;#N/A;#N/A;#N/A
Bartošovice v Orlických Horách;;11;D;CZ;1899;#N/A;#N/A;#N/A;#N/A;#N/A
Bartovice;1994-01-01;24;B;CZ;1994;#N/A;#N/A;#N/A;#N/A;#N/A
Bařice;;23;C;CZ;1899;#N/A;#N/A;#N/A;#N/A;#N/A
Baška;;24;B;CZ;1899;#N/A;#N/A;#N/A;#N/A;#N/A
Baškovce;;43;B;SK;1899;49,0337435;21,8383492;Slovensko;Prešovský kraj;okres Humenné
Batelov;;20;C;CZ;1899;#N/A;#N/A;#N/A;#N/A;#N/A
Batizovce;1994-01-01;41;A;SK;1994;49,0743511;20,1856832;Slovensko;Prešovský kraj;okres Poprad
Bátka;2002-09-28;41;C;SK;2002;48,3808122;20,1688011;Slovensko;Banskobystrický kraj;okres Rimavská Sobota
Batňovice;;11;A;CZ;1899;#N/A;#N/A;#N/A;#N/A;#N/A
Bátovce;1994-01-01;49;A;SK;1994;48,2913705;18,744011;Slovensko;Nitriansky kraj;okres Levice
Bavorov;;18;C;CZ;1899;#N/A;#N/A;#N/A;#N/A;#N/A
Beckov;2021-08-05;37;B;SK;2021;48,7892993;17,8967071;Slovensko;Trenčiansky kraj;okres Nové Mesto nad Váhom
Bečov;;7;B;CZ;1899;#N/A;#N/A;#N/A;#N/A;#N/A
Bečov nad Teplou;;6;C;CZ;1899;#N/A;#N/A;#N/A;#N/A;#N/A
Bečváry;;9;D;CZ;1899;#N/A;#N/A;#N/A;#N/A;#N/A
Bedihošť;;22;D;CZ;1899;#N/A;#N/A;#N/A;#N/A;#N/A
Bedřichov (Blansko);;21;D;CZ;1899;#N/A;#N/A;#N/A;#N/A;#N/A
Bedřichov (Joblonec nad Nisou);;3;B;CZ;1899;#N/A;#N/A;#N/A;#N/A;#N/A
Bedřichov (Šumperk);;12;D;CZ;1899;#N/A;#N/A;#N/A;#N/A;#N/A
Bedřichov (Trutnov);;4;A;CZ;1899;#N/A;#N/A;#N/A;#N/A;#N/A
Beharovce;;42;A;SK;1899;49,0039;20,81306;Slovakia;Prešovský kraj;okres Levoča
Běhařovice;;35;A;CZ;1899;#N/A;#N/A;#N/A;#N/A;#N/A
Behynce;2002-09-28;41;C;SK;2002;48,4226114;20,2941702;Slovensko;Banskobystrický kraj;okres Revúca
Becherov;2020-06-20;28;D;SK;2020;49,4199204;21,3117602;Slovensko;Prešovský kraj;okres Bardejov
Bechlín;;8;B;CZ;1899;#N/A;#N/A;#N/A;#N/A;#N/A
Běchovice;1994-01-01;8;D;CZ;1994;#N/A;#N/A;#N/A;#N/A;#N/A
Bechyně;;18;D;CZ;1899;#N/A;#N/A;#N/A;#N/A;#N/A
Belá (Martin);1996-08-28;39;A;SK;1996;49,0026226;18,9782612;Slovensko;Žilinský kraj;okres Martin
Belá (Nové Zámky);1994-01-01;48;D;SK;1994;47,8319764;18,5973874;Slovensko;Nitriansky kraj;okres Nové Zámky
Belá (Žilina);1994-01-01;25;C;SK;1994;49,2394172;18,9427594;Slovensko;Žilinský kraj;okres Žilina
Belá nad Círochou;2026-06-02;44;A;SK;2026;48,974421;22,1072708;Slovensko;Prešovský kraj;okres Snina
Bělá nad Radbuzou;;16;A;CZ;1899;#N/A;#N/A;#N/A;#N/A;#N/A
Bělá nad Svitavou;;21;B;CZ;1899;#N/A;#N/A;#N/A;#N/A;#N/A
Bělá pod Bezdězem;;9;A;CZ;1899;#N/A;#N/A;#N/A;#N/A;#N/A
Bělá u Jevíčka;;21;B;CZ;1899;#N/A;#N/A;#N/A;#N/A;#N/A
Beladice;2003-05-08;48;A;SK;2003;48,3432762;18,2919848;Slovensko;Nitriansky kraj;okres Zlaté Moravce
Belejovce;2020-06-19;29;C;SK;2020;49,3750075;21,5446813;Slovensko;Prešovský kraj;okres Svidník
Bělčice;;17;B;CZ;1899;#N/A;#N/A;#N/A;#N/A;#N/A
Bělečko;;10;D;CZ;1899;#N/A;#N/A;#N/A;#N/A;#N/A
Belín;;51;A;SK;1899;48,340167;20,1076261;Slovensko;Banskobystrický kraj;okres Rimavská Sobota
Bělkovice - Lašťany;;22;B;CZ;1899;#N/A;#N/A;#N/A;#N/A;#N/A
Bělotín;1994-01-01;23;B;CZ;1994;#N/A;#N/A;#N/A;#N/A;#N/A
Běloves;;11;A;CZ;1899;#N/A;#N/A;#N/A;#N/A;#N/A
Beloveža;2020-06-20;29;C;SK;2020;49,2957839;21,3687757;Slovensko;Prešovský kraj;okres Bardejov
Beluj;1997-08-20;49;A;SK;1997;48,3518592;18,8923904;Slovensko;Banskobystrický kraj;okres Banská Štiavnica
Beluša;1994-01-01;38;A;SK;1994;49,065532;18,3279679;Slovensko;Trenčiansky kraj;okres Púchov
Benátky nad Jizerou;;9;A;CZ;1899;#N/A;#N/A;#N/A;#N/A;#N/A
Benecko;;10;A;CZ;1899;#N/A;#N/A;#N/A;#N/A;#N/A
Benešov (Benešov);;19;A;CZ;1899;#N/A;#N/A;#N/A;#N/A;#N/A
Benešov (Blansko);;22;C;CZ;1899;#N/A;#N/A;#N/A;#N/A;#N/A
Benešov nad Černou;2024-03-30;32;D;CZ;2024;#N/A;#N/A;#N/A;#N/A;#N/A
Benešov nad Ploučnicí;;2;B;CZ;1899;#N/A;#N/A;#N/A;#N/A;#N/A
Benešov u Semil;;10;A;CZ;1899;#N/A;#N/A;#N/A;#N/A;#N/A
Benešovice;;16;A;CZ;1899;#N/A;#N/A;#N/A;#N/A;#N/A
Benetice;;20;D;CZ;1899;#N/A;#N/A;#N/A;#N/A;#N/A
Beňov;;23;C;CZ;1899;#N/A;#N/A;#N/A;#N/A;#N/A
Beňuš;1994-01-01;40;B;SK;1994;48,8299192;19,758473;Slovensko;Banskobystrický kraj;okres Brezno
Bernatice (Písek);;18;D;CZ;1899;#N/A;#N/A;#N/A;#N/A;#N/A
Bernartice (Šumperk);;12;B;CZ;1899;#N/A;#N/A;#N/A;#N/A;#N/A
Bernartice (Trutnov);;11;A;CZ;1899;#N/A;#N/A;#N/A;#N/A;#N/A
Bernartice nad Odrou;;23;B;CZ;1899;#N/A;#N/A;#N/A;#N/A;#N/A
Bernolákovo;1994-01-01;46;B;SK;1994;48,1989817;17,3000328;Slovensko;Bratislavský kraj;okres Senec
Beroun;1995-07-29;8;C;CZ;1995;#N/A;#N/A;#N/A;#N/A;#N/A
Bertotovce;1994-01-01;42;B;SK;1994;49,020755;21,0252903;Slovensko;Prešovský kraj;okres Prešov
Běrunice;;10;C;CZ;1899;#N/A;#N/A;#N/A;#N/A;#N/A
Besednice;;32;B;CZ;1899;#N/A;#N/A;#N/A;#N/A;#N/A
Běstvina;;20;A;CZ;1899;#N/A;#N/A;#N/A;#N/A;#N/A
Beša;1994-01-01;48;B;SK;1994;48,14342;18,40082;Slovensko;Nitriansky kraj;okres Levice
Bešeňov;2024-08-04;48;A;SK;2024;48,0447635;18,2634183;Slovensko;Nitriansky kraj;okres Nové Zámky
Běšiny;;17;C;CZ;1899;#N/A;#N/A;#N/A;#N/A;#N/A
Betlanovce;1994-01-01;41;B;SK;1994;48,9796309;20,392215;Slovensko;Košický kraj;okres Spišská Nová Ves
Betliar;1994-01-01;41;D;SK;1994;48,7032085;20,5055594;Slovensko;Košický kraj;okres Rožňava
Bezděkov (Klatovy);1995-07-31;16;D;CZ;1995;#N/A;#N/A;#N/A;#N/A;#N/A
Bezděkov (Plzeň-jih);;17;D;CZ;1899;#N/A;#N/A;#N/A;#N/A;#N/A
Bezděkov (Tachov);;16;A;CZ;1899;#N/A;#N/A;#N/A;#N/A;#N/A
Bezděz;;9;A;CZ;1899;#N/A;#N/A;#N/A;#N/A;#N/A
Bezdružice;;6;D;CZ;1899;#N/A;#N/A;#N/A;#N/A;#N/A
Bezměrov;;22;D;CZ;1899;#N/A;#N/A;#N/A;#N/A;#N/A
Bezno;;9;A;CZ;1899;#N/A;#N/A;#N/A;#N/A;#N/A
Bezvěrov;;6;D;CZ;1899;#N/A;#N/A;#N/A;#N/A;#N/A
Bežovce;;44;C;SK;1899;48,6315482;22,1536951;Slovensko;Košický kraj;okres Sobrance
Bidovce;2020-07-29;43;A;SK;2020;48,736309;21,4386284;Slovensko;Košický kraj;okres Košice - okolie
Biel;;44;C;SK;1899;48,4085488;22,0563856;Slovensko;Košický kraj;okres Trebišov
Bielovce;1994-01-01;49;A;SK;1994;47,9950648;18,7739458;Slovensko;Nitriansky kraj;okres Levice
Biely Potok;1994-01-01;39;B;SK;1994;49,0429;19,30363;Slovakia;Žilinský kraj;okres Ružomberok
Bijacovce;;42;A;SK;1899;49,0227157;20,7970117;Slovensko;Prešovský kraj;okres Levoča
Bílá;2004-02-04;24;D;CZ;2004;#N/A;#N/A;#N/A;#N/A;#N/A
Bílá Lhota;;22;A;CZ;1899;#N/A;#N/A;#N/A;#N/A;#N/A
Bílá Třemešná;;10;B;CZ;1899;#N/A;#N/A;#N/A;#N/A;#N/A
Bílá Voda (Šumperk);2022-04-15;12;A;CZ;2022;#N/A;#N/A;#N/A;#N/A;#N/A
Bílá Voda (Ústí nad Orlicí);;12;C;CZ;1899;#N/A;#N/A;#N/A;#N/A;#N/A
Bílichov;;7;B;CZ;1899;#N/A;#N/A;#N/A;#N/A;#N/A
Bílina;;7;B;CZ;1899;#N/A;#N/A;#N/A;#N/A;#N/A
Bílovec;2003-10-03;23;B;CZ;2003;#N/A;#N/A;#N/A;#N/A;#N/A
Bílovice;;37;A;CZ;1899;#N/A;#N/A;#N/A;#N/A;#N/A
Bílovice nad Svitavou;2001-06-16;22;C;CZ;2001;#N/A;#N/A;#N/A;#N/A;#N/A
Bílsko;;22;B;CZ;1899;#N/A;#N/A;#N/A;#N/A;#N/A
Bílý Kostel nad Nisou;;3;B;CZ;1899;#N/A;#N/A;#N/A;#N/A;#N/A
Bílý Potok (Liberec);;3;B;CZ;1899;#N/A;#N/A;#N/A;#N/A;#N/A
Bílý Potok (Šumperk);2022-04-15;12;A;CZ;2022;#N/A;#N/A;#N/A;#N/A;#N/A
Bíňa;1994-01-01;48;D;SK;1994;47,9211342;18,6421132;Slovensko;Nitriansky kraj;okres Nové Zámky
Biskupice (Gottwaldov);2017-09-01;37;B;CZ;2017;#N/A;#N/A;#N/A;#N/A;#N/A
Biskupice (Lučenec);1994-01-01;50;B;SK;1994;48,2507467;19,8346907;Slovensko;Banskobystrický kraj;okres Lučenec
Biskupice (Svitavy);;22;A;CZ;1899;#N/A;#N/A;#N/A;#N/A;#N/A
Biskupice (Třebíč);;35;A;CZ;1899;#N/A;#N/A;#N/A;#N/A;#N/A
Bitarová;;24;D;SK;1899;49,2077671;18,6713396;Slovensko;Žilinský kraj;okres Žilina
Bítov;2004-05-22;34;B;CZ;2004;#N/A;#N/A;#N/A;#N/A;#N/A
Bítovany;;20;B;CZ;1899;#N/A;#N/A;#N/A;#N/A;#N/A
Bítovčice;;20;D;CZ;1899;#N/A;#N/A;#N/A;#N/A;#N/A
Bitozeves;;7;B;CZ;1899;#N/A;#N/A;#N/A;#N/A;#N/A
Blahová;2019-06-02;47;A;SK;2019;48,0860549;17,5384211;Slovensko;Trnavský kraj;okres Dunajská Streda
Blansko;;21;D;CZ;1899;#N/A;#N/A;#N/A;#N/A;#N/A
Blatce;;9;A;CZ;1899;#N/A;#N/A;#N/A;#N/A;#N/A
Blatec;;22;D;CZ;1899;#N/A;#N/A;#N/A;#N/A;#N/A
Blatná;;17;D;CZ;1899;#N/A;#N/A;#N/A;#N/A;#N/A
Blatná na Ostrove;2025-08-02;47;A;SK;2025;48,0060487;17,440189;Slovensko;Trnavský kraj;okres Dunajská Streda
Blatná Polianka;;44;A;SK;1899;48,6924214;22,1053097;Slovensko;Košický kraj;okres Sobrance
Blatné;2018-07-01;47;A;SK;2018;48,2660661;17,4188909;Slovensko;Bratislavský kraj;okres Senec
Blatnica;1994-01-01;39;A;SK;1994;48,9385282;18,9260491;Slovensko;Žilinský kraj;okres Martin
Blatnice (Hodonín);;37;A;CZ;1899;#N/A;#N/A;#N/A;#N/A;#N/A
Blatnice (Plzeň-sever);;16;B;CZ;1899;#N/A;#N/A;#N/A;#N/A;#N/A
Blatno (Chomutov);;7;A;CZ;1899;#N/A;#N/A;#N/A;#N/A;#N/A
Blatno (Louny);;7;C;CZ;1899;#N/A;#N/A;#N/A;#N/A;#N/A
Blazice;;23;C;CZ;1899;#N/A;#N/A;#N/A;#N/A;#N/A
Blažim;;7;B;CZ;1899;#N/A;#N/A;#N/A;#N/A;#N/A
Blažovice;;22;C;CZ;1899;#N/A;#N/A;#N/A;#N/A;#N/A
Blhovce;2020-05-02;50;B;SK;2020;48,275354;19,9540267;Slovensko;Banskobystrický kraj;okres Rimavská Sobota
Blížejov;;16;B;CZ;1899;#N/A;#N/A;#N/A;#N/A;#N/A
Blíževedly;;8;B;CZ;1899;#N/A;#N/A;#N/A;#N/A;#N/A
Blížkovice;;34;B;CZ;1899;#N/A;#N/A;#N/A;#N/A;#N/A
Blovice;1995-08-09;17;A;CZ;1995;#N/A;#N/A;#N/A;#N/A;#N/A
Blšany;;7;C;CZ;1899;#N/A;#N/A;#N/A;#N/A;#N/A
Blučina;;35;B;CZ;1899;#N/A;#N/A;#N/A;#N/A;#N/A
Bludov;;12;C;CZ;1899;#N/A;#N/A;#N/A;#N/A;#N/A
Bobnice;;9;D;CZ;1899;#N/A;#N/A;#N/A;#N/A;#N/A
Bobot;2018-07-01;38;A;SK;2018;48,8063918;18,1896039;Slovensko;Trenčiansky kraj;okres Trenčín
Bobrov;1994-01-01;26;C;SK;1994;49,4278559;19,5437515;Slovensko;Žilinský kraj;okres Námestovo
Bobrová;;21;C;CZ;1899;#N/A;#N/A;#N/A;#N/A;#N/A
Bobrovček;1994-01-01;26;C;SK;1994;49,1427756;19,6016451;Slovensko;Žilinský kraj;okres Liptovský Mikuláš
Bobrovec;1994-01-01;40;A;SK;1994;49,118459;19,6137205;Slovensko;Žilinský kraj;okres Liptovský Mikuláš
Bodorová;1994-01-01;39;A;SK;1994;48,9043651;18,849473;Slovensko;Žilinský kraj;okres Turčianske Teplice
Bodza;1994-01-01;47;D;SK;1994;47,8335306;17,8288064;Slovensko;Nitriansky kraj;okres Komárno
Bogliarka;2020-08-08;28;D;SK;2020;49,2783896;21,152164;Slovensko;Prešovský kraj;okres Bardejov
Boharyně;;10;D;CZ;1899;#N/A;#N/A;#N/A;#N/A;#N/A
Bohatá;1994-01-01;48;C;SK;1994;47,8877086;18,2019477;Slovensko;Nitriansky kraj;okres Komárno
Bohdalec;;21;C;CZ;1899;#N/A;#N/A;#N/A;#N/A;#N/A
Bohdalice;;22;D;CZ;1899;#N/A;#N/A;#N/A;#N/A;#N/A
Bohdalín;;19;D;CZ;1899;#N/A;#N/A;#N/A;#N/A;#N/A
Bohdalov;;20;D;CZ;1899;#N/A;#N/A;#N/A;#N/A;#N/A
Bohdaneč;;10;D;CZ;1899;#N/A;#N/A;#N/A;#N/A;#N/A
Bohdanovce;1994-01-01;43;C;SK;1994;48,6569436;21,3997111;Slovensko;Košický kraj;okres Košice - okolie
Bohdanovce nad Trnavou;1997-06-03;37;C;SK;1997;48,4300547;17,5432001;Slovensko;Trnavský kraj;okres Trnava
Bohdíkov;;12;C;CZ;1899;#N/A;#N/A;#N/A;#N/A;#N/A
Bohostice;;18;A;CZ;1899;#N/A;#N/A;#N/A;#N/A;#N/A
Bohosudov;;1;B;CZ;1899;#N/A;#N/A;#N/A;#N/A;#N/A
Bohunice (Levice);1994-01-01;49;A;SK;1994;48,3334848;18,7514797;Slovensko;Nitriansky kraj;okres Levice
Bohunice (Považská Bystrica);1998-09-12;38;A;SK;1998;49,01942;18,19574;Slovakia;Trenčiansky kraj;okres Ilava
Bohuňov;;21;B;CZ;1899;#N/A;#N/A;#N/A;#N/A;#N/A
Bohuňovice;;22;B;CZ;1899;#N/A;#N/A;#N/A;#N/A;#N/A
Bohúňovo;2002-09-28;41;D;SK;2002;48,5139369;20,3844822;Slovensko;Košický kraj;okres Rožňava
Bohuslavice (Hodonín);2020-06-28;36;B;CZ;2020;#N/A;#N/A;#N/A;#N/A;#N/A
Bohuslavice (Náchod);;11;A;CZ;1899;#N/A;#N/A;#N/A;#N/A;#N/A
Bohuslavice (Opava);;14;C;CZ;1899;#N/A;#N/A;#N/A;#N/A;#N/A
Bohuslavice (Prostějov);;22;A;CZ;1899;#N/A;#N/A;#N/A;#N/A;#N/A
Bohuslavice nad Vláří;;37;B;CZ;1899;#N/A;#N/A;#N/A;#N/A;#N/A
Bohuslavice u Gottwaldova;2017-09-01;23;C;CZ;2017;#N/A;#N/A;#N/A;#N/A;#N/A
Bohušov;;13;D;CZ;1899;#N/A;#N/A;#N/A;#N/A;#N/A
Bohušovice nad Ohří;;8;A;CZ;1899;#N/A;#N/A;#N/A;#N/A;#N/A
Bohutice;;35;B;CZ;1899;#N/A;#N/A;#N/A;#N/A;#N/A
Bohutín;;17;B;CZ;1899;#N/A;#N/A;#N/A;#N/A;#N/A
Bochoř;;23;C;CZ;1899;#N/A;#N/A;#N/A;#N/A;#N/A
Bochov;;6;D;CZ;1899;#N/A;#N/A;#N/A;#N/A;#N/A
Bojanov;;20;B;CZ;1899;#N/A;#N/A;#N/A;#N/A;#N/A
Bojkovice;2018-07-01;37;B;CZ;2018;#N/A;#N/A;#N/A;#N/A;#N/A
Bojná;2000-07-19;38;C;SK;2000;48,5756486;18,0568631;Slovensko;Nitriansky kraj;okres Topoľčany
Bojnice;1994-01-01;38;B;SK;1994;48,7799591;18,5821986;Slovensko;Trenčiansky kraj;okres Prievidza
Bojničky;2023-06-29;37;D;SK;2023;48,39214;17,7968409;Slovensko;Trnavský kraj;okres Hlohovec
Boľ;;43;D;SK;1899;48,474004;21,9421363;Slovensko;Košický kraj;okres Trebišov
Bolatice;;14;C;CZ;1899;#N/A;#N/A;#N/A;#N/A;#N/A
Bolehošť;;11;C;CZ;1899;#N/A;#N/A;#N/A;#N/A;#N/A
Boleradice;;36;A;CZ;1899;#N/A;#N/A;#N/A;#N/A;#N/A
Boleráz;1997-06-03;37;C;SK;1997;48,4655654;17,4933242;Slovensko;Trnavský kraj;okres Trnava
Bolešiny;;17;C;CZ;1899;#N/A;#N/A;#N/A;#N/A;#N/A
Bolešov;1998-09-13;38;A;SK;1998;48,9854933;18,1565106;Slovensko;Trenčiansky kraj;okres Ilava
Boletice nad Labem;;2;A;CZ;1899;#N/A;#N/A;#N/A;#N/A;#N/A
Boľkovce;;50;B;SK;1899;48,3371064;19,7699834;Slovensko;Banskobystrický kraj;okres Lučenec
Bonětice;;16;A;CZ;1899;#N/A;#N/A;#N/A;#N/A;#N/A
Bor;1994-01-01;16;A;CZ;1994;#N/A;#N/A;#N/A;#N/A;#N/A
Borčany;2018-07-01;38;C;SK;2018;48,6563788;18,2193755;Slovensko;Trenčiansky kraj;okres Bánovce nad Bebravou
Borinka;1994-01-01;46;B;SK;1994;48,2626241;17,0860379;Slovensko;Bratislavský kraj;okres Malacky
Bôrka;2019-08-16;42;C;SK;2019;48,6310107;20,7635859;Slovensko;Košický kraj;okres Rožňava
Borkovany;;36;A;CZ;1899;#N/A;#N/A;#N/A;#N/A;#N/A
Borohrádek;;11;C;CZ;1899;#N/A;#N/A;#N/A;#N/A;#N/A
Borotín (Blansko);;22;A;CZ;1899;#N/A;#N/A;#N/A;#N/A;#N/A
Borotín (Tábor);;18;D;CZ;1899;#N/A;#N/A;#N/A;#N/A;#N/A
Borová;2005-08-27;21;A;CZ;2005;#N/A;#N/A;#N/A;#N/A;#N/A
Borovany;;32;B;CZ;1899;#N/A;#N/A;#N/A;#N/A;#N/A
Borovce;2018-09-01;37;D;SK;2018;48,5741822;17,745565;Slovensko;Trnavský kraj;okres Piešťany
Borovnice (Rychnov nad Kněžnou);;11;C;CZ;1899;#N/A;#N/A;#N/A;#N/A;#N/A
Borovnice (Trutnov);;10;A;CZ;1899;#N/A;#N/A;#N/A;#N/A;#N/A
Borovnice (Ždár nad Sázavou);;21;A;CZ;1899;#N/A;#N/A;#N/A;#N/A;#N/A
Borovnička;;10;B;CZ;1899;#N/A;#N/A;#N/A;#N/A;#N/A
Borovno;;17;B;CZ;1899;#N/A;#N/A;#N/A;#N/A;#N/A
Borovy;1995-07-31;17;A;CZ;1995;#N/A;#N/A;#N/A;#N/A;#N/A
Borský Jur;2003-06-20;36;D;SK;2003;48,612876;17,0458836;Slovensko;Trnavský kraj;okres Senica
Borský Mikuláš;2018-07-01;36;D;SK;2018;48,628718;17,2058154;Slovensko;Trnavský kraj;okres Senica
Borský Peter;2018-07-01;36;D;SK;2018;48,6349152;17,2178358;Slovensko;Trnavský kraj;okres Senica
Borša;;43;D;SK;1899;48,3921319;21,7063716;Slovensko;Košický kraj;okres Trebišov
Boršice u Blatnice;;37;A;CZ;1899;#N/A;#N/A;#N/A;#N/A;#N/A
Boršice u Buchlovic;;37;A;CZ;1899;#N/A;#N/A;#N/A;#N/A;#N/A
Boršov nad Vltavou;1995-08-09;32;B;CZ;1995;#N/A;#N/A;#N/A;#N/A;#N/A
Bořetice;;36;A;CZ;1899;#N/A;#N/A;#N/A;#N/A;#N/A
Bořislav;1994-01-01;8;A;CZ;1994;#N/A;#N/A;#N/A;#N/A;#N/A
Bořitov;2022-04-13;21;D;CZ;2022;#N/A;#N/A;#N/A;#N/A;#N/A
Boseň;;9;B;CZ;1899;#N/A;#N/A;#N/A;#N/A;#N/A
Boskovice;;21;D;CZ;1899;#N/A;#N/A;#N/A;#N/A;#N/A
Bosonohy;;21;D;CZ;1899;#N/A;#N/A;#N/A;#N/A;#N/A
Bošany;2000-07-19;38;C;SK;2000;48,5802963;18,2488386;Slovensko;Trenčiansky kraj;okres Partizánske
Bošovice;;36;A;CZ;1899;#N/A;#N/A;#N/A;#N/A;#N/A
Boťany;;44;C;SK;1899;48,4446516;22,0877219;Slovensko;Košický kraj;okres Trebišov
Bouzov;;22;A;CZ;1899;#N/A;#N/A;#N/A;#N/A;#N/A
Bozkov;;10;A;CZ;1899;#N/A;#N/A;#N/A;#N/A;#N/A
Božanov;;11;B;CZ;1899;#N/A;#N/A;#N/A;#N/A;#N/A
Božejov;1994-01-01;19;D;CZ;1994;#N/A;#N/A;#N/A;#N/A;#N/A
Božetice;;18;D;CZ;1899;#N/A;#N/A;#N/A;#N/A;#N/A
Božice;;35;A;CZ;1899;#N/A;#N/A;#N/A;#N/A;#N/A
Božičany;;6;A;CZ;1899;#N/A;#N/A;#N/A;#N/A;#N/A
Boží Dar;;6;B;CZ;1899;#N/A;#N/A;#N/A;#N/A;#N/A
Božtěšice;;2;A;CZ;1899;#N/A;#N/A;#N/A;#N/A;#N/A
Brádno;1994-01-01;41;C;SK;1994;48,5680157;20,017013;Slovensko;Banskobystrický kraj;okres Rimavská Sobota
Braňany;;7;B;CZ;1899;#N/A;#N/A;#N/A;#N/A;#N/A
Branč;1994-01-01;48;A;SK;1994;48,2110635;18,1470603;Slovensko;Nitriansky kraj;okres Nitra
Brandov;;1;A;CZ;1899;#N/A;#N/A;#N/A;#N/A;#N/A
Brondýs nad Labem - Stará Boleslov;;9;C;CZ;1899;#N/A;#N/A;#N/A;#N/A;#N/A
Brandýs nad Orlicí;1994-01-01;11;C;CZ;1994;#N/A;#N/A;#N/A;#N/A;#N/A
Brandýsek;;8;C;CZ;1899;#N/A;#N/A;#N/A;#N/A;#N/A
Branice;;13;D;CZ;1899;#N/A;#N/A;#N/A;#N/A;#N/A
Branišovice;2021-09-10;35;B;CZ;2021;#N/A;#N/A;#N/A;#N/A;#N/A
Branka;;23;B;CZ;1899;#N/A;#N/A;#N/A;#N/A;#N/A
Brankovice;1998-08-01;36;B;CZ;1998;#N/A;#N/A;#N/A;#N/A;#N/A
Branky;;23;D;CZ;1899;#N/A;#N/A;#N/A;#N/A;#N/A
Branná;2018-07-01;12;D;CZ;2018;#N/A;#N/A;#N/A;#N/A;#N/A
Branovo;2024-08-04;48;A;SK;2024;48,0260358;18,309159;Slovensko;Nitriansky kraj;okres Nové Zámky
Bransouze;;20;D;CZ;1899;#N/A;#N/A;#N/A;#N/A;#N/A
Brantice;;13;C;CZ;1899;#N/A;#N/A;#N/A;#N/A;#N/A
Bratčice;;35;B;CZ;1899;#N/A;#N/A;#N/A;#N/A;#N/A
Bratislava;1994-01-01;46;B;SK;1994;48,1516988;17,1093063;Slovensko;Bratislavský kraj;
Bratronice;;8;C;CZ;1899;#N/A;#N/A;#N/A;#N/A;#N/A
Bratrušov;;12;C;CZ;1899;#N/A;#N/A;#N/A;#N/A;#N/A
Bratřejov;;23;D;CZ;1899;#N/A;#N/A;#N/A;#N/A;#N/A
Braväcovo;1994-01-01;40;B;SK;1994;48,8398676;19,749064;Slovensko;Banskobystrický kraj;okres Brezno
Bravantice;2003-10-03;24;A;CZ;2003;#N/A;#N/A;#N/A;#N/A;#N/A
Brehy;2018-07-01;38;D;SK;2018;48,4068987;18,6494975;Slovensko;Banskobystrický kraj;okres Žarnovica
Brekov;2002-09-28;43;D;SK;2002;48,9056816;21,8380892;Slovensko;Prešovský kraj;okres Humenné
Brestov;;43;A;SK;1899;48,8690553;21,3478254;Slovensko;Prešovský kraj;okres Prešov
Brestovany;1994-01-01;37;D;SK;1994;48,3855572;17,690227;Slovensko;Trnavský kraj;okres Trnava
Brestovec;2018-09-01;37;A;SK;2018;47,8640011;17,8218727;Slovensko;Nitriansky kraj;okres Komárno
Bretka;2019-08-18;41;D;SK;2019;48,4891841;20,3434281;Slovensko;Košický kraj;okres Rožňava
Breza;1994-01-01;26;C;SK;1994;49,3864182;19,3824493;Slovensko;Žilinský kraj;okres Námestovo
Brezina;1994-01-01;43;C;SK;1994;48,5493506;21,5531473;Slovensko;Košický kraj;okres Trebišov
Breznica;2020-07-24;29;C;SK;2020;49,1612113;21,6616469;Slovensko;Prešovský kraj;okres Stropkov
Breznička (Bardejov);;29;D;SK;1899;49,223373;21,7035632;Slovensko;Prešovský kraj;okres Stropkov
Breznička (Lučenec);2019-06-22;40;D;SK;2019;48,42226;19,73577;Slovakia;Banskobystrický kraj;okres Poltár
Brezno;1994-01-01;40;A;SK;1994;48,8053349;19,6409612;Slovensko;Banskobystrický kraj;okres Brezno
Brezová pod Bradlom;2018-07-01;37;C;SK;2018;48,6616437;17,5370299;Slovensko;Trenčiansky kraj;okres Myjava
Brezovica;1994-01-01;26;C;SK;1994;49,1447741;20,8524486;Slovensko;Prešovský kraj;okres Sabinov
Brezovica;2002-07-25;28;C;SK;2002;49,1447741;20,8524486;Slovensko;Prešovský kraj;okres Sabinov
Brhlovce;1994-01-01;49;A;SK;1994;48,2164446;18,7401464;Slovensko;Nitriansky kraj;okres Levice
Brieštie;1994-01-01;39;A;SK;1994;48,9170257;18,73709;Slovensko;Žilinský kraj;okres Turčianske Teplice
Brloh;;32;A;CZ;1899;#N/A;#N/A;#N/A;#N/A;#N/A
Brná nad Labem;;8;A;CZ;1899;#N/A;#N/A;#N/A;#N/A;#N/A
Brňany;;8;A;CZ;1899;#N/A;#N/A;#N/A;#N/A;#N/A
Brníčko;;22;A;CZ;1899;#N/A;#N/A;#N/A;#N/A;#N/A
Brníkov;;8;A;CZ;1899;#N/A;#N/A;#N/A;#N/A;#N/A
Brnište;;3;A;CZ;1899;#N/A;#N/A;#N/A;#N/A;#N/A
Brno;1994-01-01;21;D;CZ;1994;#N/A;#N/A;#N/A;#N/A;#N/A
Brod nad Dyjí;;35;B;CZ;1899;#N/A;#N/A;#N/A;#N/A;#N/A
Brodce;;9;A;CZ;1899;#N/A;#N/A;#N/A;#N/A;#N/A
Brodek u Konice;;22;A;CZ;1899;#N/A;#N/A;#N/A;#N/A;#N/A
Brodek u Prostějova;;22;D;CZ;1899;#N/A;#N/A;#N/A;#N/A;#N/A
Brodek u Přerova;1994-01-01;23;C;CZ;1994;#N/A;#N/A;#N/A;#N/A;#N/A
Brodno;1994-01-01;25;C;SK;1994;49,2549077;18,7563427;Slovensko;Žilinský kraj;okres Žilina
Brodské;1994-01-01;36;D;SK;1994;48,6913539;17,0143051;Slovensko;Trnavský kraj;okres Skalica
Brodzany;1994-01-01;38;D;SK;1994;48,6105062;18,341165;Slovensko;Trenčiansky kraj;okres Partizánske
Broumov;2022-04-15;11;B;CZ;2022;#N/A;#N/A;#N/A;#N/A;#N/A
Broumy;;7;D;CZ;1899;#N/A;#N/A;#N/A;#N/A;#N/A
Brozany;;8;A;CZ;1899;#N/A;#N/A;#N/A;#N/A;#N/A
Brtnice;;20;D;CZ;1899;#N/A;#N/A;#N/A;#N/A;#N/A
Brtníky;;2;B;CZ;1899;#N/A;#N/A;#N/A;#N/A;#N/A
Brťov u Černé Hory;;21;D;CZ;1899;#N/A;#N/A;#N/A;#N/A;#N/A
Brumov;2003-10-03;38;A;CZ;2003;#N/A;#N/A;#N/A;#N/A;#N/A
Brumovice (Břeclav);;36;A;CZ;1899;#N/A;#N/A;#N/A;#N/A;#N/A
Brumovice (Opava);;13;D;CZ;1899;#N/A;#N/A;#N/A;#N/A;#N/A
Brunovce;1994-01-01;37;D;SK;1994;48,672649;17,8545574;Slovensko;Trenčiansky kraj;okres Nové Mesto nad Váhom
Bruntál;2022-04-16;13;C;CZ;2022;#N/A;#N/A;#N/A;#N/A;#N/A
Brusnica;;29;D;SK;1899;49,1536217;21,6989155;Slovensko;Prešovský kraj;okres Stropkov
Brusník;;50;A;SK;1899;48,299763;19,4013246;Slovensko;Banskobystrický kraj;okres Veľký Krtíš
Brusno;1994-01-01;39;A;SK;1994;48,7916589;19,3852977;Slovensko;Banskobystrický kraj;okres Banská Bystrica
Brusno - kúpele;1994-01-01;40;A;SK;1994;48,785687;19,3955392;Slovensko;Banskobystrický kraj;okres Banská Bystrica
Brušperk;;24;A;CZ;1899;#N/A;#N/A;#N/A;#N/A;#N/A
Brutovce;;42;A;SK;1899;49,0869104;20,7742407;Slovensko;Prešovský kraj;okres Levoča
Bruty;1994-01-01;48;D;SK;1994;47,9236648;18,5789655;Slovensko;Nitriansky kraj;okres Nové Zámky
Bruzovice;;24;B;CZ;1899;#N/A;#N/A;#N/A;#N/A;#N/A
Brvnište;2023-05-06;24;D;SK;2023;49,2139762;18,4266984;Slovensko;Trenčiansky kraj;okres Považská Bystrica
Brzice;;10;B;CZ;1899;#N/A;#N/A;#N/A;#N/A;#N/A
Brzkov;;20;B;CZ;1899;#N/A;#N/A;#N/A;#N/A;#N/A
Brzotín;1994-01-01;41;D;SK;1994;48,6319853;20,4974235;Slovensko;Košický kraj;okres Rožňava
Břasy;;17;A;CZ;1899;#N/A;#N/A;#N/A;#N/A;#N/A
Břeclav;1994-01-01;36;C;CZ;1994;#N/A;#N/A;#N/A;#N/A;#N/A
Břehy;;10;C;CZ;1899;#N/A;#N/A;#N/A;#N/A;#N/A
Břest;;23;C;CZ;1899;#N/A;#N/A;#N/A;#N/A;#N/A
Březí (Břeclav);2004-05-23;35;B;CZ;2004;#N/A;#N/A;#N/A;#N/A;#N/A
Březí (Plzeň-jih);;17;A;CZ;1899;#N/A;#N/A;#N/A;#N/A;#N/A
Březina (Jindřichův Hradec);;19;C;CZ;1899;#N/A;#N/A;#N/A;#N/A;#N/A
Březina (Mladá Boleslav);;9;B;CZ;1899;#N/A;#N/A;#N/A;#N/A;#N/A
Březina (Rokycany);;17;A;CZ;1899;#N/A;#N/A;#N/A;#N/A;#N/A
Březiny;;2;B;CZ;1899;#N/A;#N/A;#N/A;#N/A;#N/A
Březnice (Gottwaldov);;23;C;CZ;1899;#N/A;#N/A;#N/A;#N/A;#N/A
Březnice (Příbram);;17;B;CZ;1899;#N/A;#N/A;#N/A;#N/A;#N/A
Březnice (Tábor);;18;D;CZ;1899;#N/A;#N/A;#N/A;#N/A;#N/A
Březník;2021-09-10;21;C;CZ;2021;#N/A;#N/A;#N/A;#N/A;#N/A
Březno (Chomutov);;7;A;CZ;1899;#N/A;#N/A;#N/A;#N/A;#N/A
Březno (Mladá Boleslav);;9;B;CZ;1899;#N/A;#N/A;#N/A;#N/A;#N/A
Březolupy;;37;A;CZ;1899;#N/A;#N/A;#N/A;#N/A;#N/A
Březová (Karlovy Vary);;6;C;CZ;1899;#N/A;#N/A;#N/A;#N/A;#N/A
Březová (Náchod);;11;A;CZ;1899;#N/A;#N/A;#N/A;#N/A;#N/A
Březová (Uherské Hradiště);;37;B;CZ;1899;#N/A;#N/A;#N/A;#N/A;#N/A
Březová nad Svitavou;2005-08-28;21;B;CZ;2005;#N/A;#N/A;#N/A;#N/A;#N/A
Březovice;;9;A;CZ;1899;#N/A;#N/A;#N/A;#N/A;#N/A
Březůvky;;37;B;CZ;1899;#N/A;#N/A;#N/A;#N/A;#N/A
Břežánky;;7;B;CZ;1899;#N/A;#N/A;#N/A;#N/A;#N/A
Břežany (Klatovy);;17;C;CZ;1899;#N/A;#N/A;#N/A;#N/A;#N/A
Břežany (Kolín);;9;C;CZ;1899;#N/A;#N/A;#N/A;#N/A;#N/A
Břežany (Znojmo);;35;A;CZ;1899;#N/A;#N/A;#N/A;#N/A;#N/A
Břidličná;;23;A;CZ;1899;#N/A;#N/A;#N/A;#N/A;#N/A
Břilice;;33;A;CZ;1899;#N/A;#N/A;#N/A;#N/A;#N/A
Břvany;;7;B;CZ;1899;#N/A;#N/A;#N/A;#N/A;#N/A
Břve;;8;C;CZ;1899;#N/A;#N/A;#N/A;#N/A;#N/A
Bublava;;5;B;CZ;1899;#N/A;#N/A;#N/A;#N/A;#N/A
Buclovany;2020-06-17;29;C;SK;2020;49,1547738;21,3664163;Slovensko;Prešovský kraj;okres Bardejov
Búč;1994-01-01;48;D;SK;1994;47,8077245;18,4421897;Slovensko;Nitriansky kraj;okres Komárno
Bučany;2018-09-01;37;D;SK;2018;48,4190408;17,6991713;Slovensko;Trnavský kraj;okres Trnava
Bučovice;1998-08-01;36;B;CZ;1998;#N/A;#N/A;#N/A;#N/A;#N/A
Buda;;19;B;CZ;1899;#N/A;#N/A;#N/A;#N/A;#N/A
Budča;1994-01-01;39;D;SK;1994;48,5735389;19,0654184;Slovensko;Banskobystrický kraj;okres Zvolen
Budeč;;34;A;CZ;1899;#N/A;#N/A;#N/A;#N/A;#N/A
Budětsko;;22;A;CZ;1899;#N/A;#N/A;#N/A;#N/A;#N/A
Budimír;1994-01-01;42;B;SK;1994;48,8002774;21,3034889;Slovensko;Košický kraj;okres Košice - okolie
Budiná;;40;C;SK;1899;48,4562768;19,4786731;Slovensko;Banskobystrický kraj;okres Lučenec
Budislav;;21;A;CZ;1899;#N/A;#N/A;#N/A;#N/A;#N/A
Budíškovice;;34;A;CZ;1899;#N/A;#N/A;#N/A;#N/A;#N/A
Budišov;;21;C;CZ;1899;#N/A;#N/A;#N/A;#N/A;#N/A
Budišov nad Budišovkou;;23;A;CZ;1899;#N/A;#N/A;#N/A;#N/A;#N/A
Budkov;;34;A;CZ;1899;#N/A;#N/A;#N/A;#N/A;#N/A
Budkovce;;43;D;SK;1899;48,6343517;21,9274867;Slovensko;Košický kraj;okres Michalovce
Budmerice;1994-01-01;47;A;SK;1994;48,3559971;17,4097834;Slovensko;Bratislavský kraj;okres Pezinok
Budulov;2021-05-22;42;D;SK;2021;48,5880733;20,9923169;Slovensko;Košický kraj;okres Košice - okolie
Budyně nad Ohří;;8;A;CZ;1899;#N/A;#N/A;#N/A;#N/A;#N/A
Buchlovice;;37;A;CZ;1899;#N/A;#N/A;#N/A;#N/A;#N/A
Bukov;;21;C;CZ;1899;#N/A;#N/A;#N/A;#N/A;#N/A
Buková (Plzeň-jih);;16;B;CZ;1899;#N/A;#N/A;#N/A;#N/A;#N/A
Buková (Prostějov);;22;C;CZ;1899;#N/A;#N/A;#N/A;#N/A;#N/A
Buková (Trnava);2002-02-02;37;C;SK;2002;48,5418252;17,3943271;Slovensko;Trnavský kraj;okres Trnava
Bukovany (Benešov);;18;B;CZ;1899;#N/A;#N/A;#N/A;#N/A;#N/A
Bukovany (Hodonín);2020-06-27;36;B;CZ;2020;#N/A;#N/A;#N/A;#N/A;#N/A
Bukovany (Sokolov);;6;C;CZ;1899;#N/A;#N/A;#N/A;#N/A;#N/A
Bukovec (Domažlice);;16;B;CZ;1899;#N/A;#N/A;#N/A;#N/A;#N/A
Bukovec (Košice);2021-05-22;42;B;SK;2021;48,7106413;21,1493045;Slovensko;Košický kraj;okres Košice - okolie
Bukovec (Senica);2018-09-01;37;C;SK;2018;48,69806;17,49668;Slovakia;Trenčiansky kraj;okres Myjava
Bukovno;;9;A;CZ;1899;#N/A;#N/A;#N/A;#N/A;#N/A
Bulhary;;36;A;CZ;1899;#N/A;#N/A;#N/A;#N/A;#N/A
Bulovka;;3;B;CZ;1899;#N/A;#N/A;#N/A;#N/A;#N/A
Buš;;18;B;CZ;1899;#N/A;#N/A;#N/A;#N/A;#N/A
Bušín;;12;C;CZ;1899;#N/A;#N/A;#N/A;#N/A;#N/A
Bušince;2018-07-01;50;A;SK;2018;48,1732469;19,5002547;Slovensko;Banskobystrický kraj;okres Veľký Krtíš
Buškovice;;7;C;CZ;1899;#N/A;#N/A;#N/A;#N/A;#N/A
Bušovce;1994-01-01;27;D;SK;1994;49,2184073;20,4865401;Slovensko;Prešovský kraj;okres Kežmarok
Bušovice;;17;A;CZ;1899;#N/A;#N/A;#N/A;#N/A;#N/A
Buštěhrad;;8;C;CZ;1899;#N/A;#N/A;#N/A;#N/A;#N/A
Buzica;2021-05-22;42;D;SK;2021;48,5316473;21,0771114;Slovensko;Košický kraj;okres Košice - okolie
Buzitka;1994-01-01;50;B;SK;1994;48,3080403;19,8012907;Slovensko;Banskobystrický kraj;okres Lučenec
Býchory;;9;D;CZ;1899;#N/A;#N/A;#N/A;#N/A;#N/A
Bylany (Chrudim);;10;D;CZ;1899;#N/A;#N/A;#N/A;#N/A;#N/A
Bylany (Most);;7;B;CZ;1899;#N/A;#N/A;#N/A;#N/A;#N/A
Bylnice;2003-10-03;38;A;CZ;2003;#N/A;#N/A;#N/A;#N/A;#N/A
Byňov;;33;A;CZ;1899;#N/A;#N/A;#N/A;#N/A;#N/A
Bynovec;;2;B;CZ;1899;#N/A;#N/A;#N/A;#N/A;#N/A
Byseň;;8;C;CZ;1899;#N/A;#N/A;#N/A;#N/A;#N/A
Bystrá;1994-01-01;40;A;SK;1994;49,2429535;21,8205102;Slovensko;Prešovský kraj;okres Stropkov
Bystrany;1994-01-01;42;A;SK;1994;48,9492458;20,7597948;Slovensko;Košický kraj;okres Spišská Nová Ves
Bystrc;;21;D;CZ;1899;#N/A;#N/A;#N/A;#N/A;#N/A
Bystré (Prešov);;43;A;SK;1899;49,0107214;21,5423299;Slovensko;Prešovský kraj;okres Vranov nad Topľou
Bystré (Svitavy);;21;B;CZ;1899;#N/A;#N/A;#N/A;#N/A;#N/A
Bystričany;2000-07-19;38;D;SK;2000;48,6589444;18,5177264;Slovensko;Trenčiansky kraj;okres Prievidza
Bystrička (Lučenec);2019-06-22;40;D;SK;2019;48,46726;19,69969;Slovakia;Banskobystrický kraj;okres Poltár
Bystrička (Martin);1994-01-01;39;A;SK;1994;49,05;18,8833333;Slovensko;Žilinský kraj;okres Martin
Bystrovany;;22;B;CZ;1899;#N/A;#N/A;#N/A;#N/A;#N/A
Bystřany;1994-01-01;7;B;CZ;1994;#N/A;#N/A;#N/A;#N/A;#N/A
Bystřec;;11;D;CZ;1899;#N/A;#N/A;#N/A;#N/A;#N/A
Bystřice (Benešov);1994-01-01;19;A;CZ;1994;#N/A;#N/A;#N/A;#N/A;#N/A
Bystřice (Frýdek-Místek);1994-01-01;25;A;CZ;1994;#N/A;#N/A;#N/A;#N/A;#N/A
Bystřice (Jičín);;9;B;CZ;1899;#N/A;#N/A;#N/A;#N/A;#N/A
Bystřice (Teplice);1994-01-01;1;B;CZ;1994;#N/A;#N/A;#N/A;#N/A;#N/A
Bystřice nad Pernštejnem;;21;C;CZ;1899;#N/A;#N/A;#N/A;#N/A;#N/A
Bystřice nad Úhlavou;;16;D;CZ;1899;#N/A;#N/A;#N/A;#N/A;#N/A
Bystřice pod Hostýnem;;23;C;CZ;1899;#N/A;#N/A;#N/A;#N/A;#N/A
Bystřice pod Lopeníkem;1998-08-01;37;B;CZ;1998;#N/A;#N/A;#N/A;#N/A;#N/A
Bystřička;1994-01-01;23;D;CZ;1994;#N/A;#N/A;#N/A;#N/A;#N/A
Byšice - Liblice;;9;A;CZ;1899;#N/A;#N/A;#N/A;#N/A;#N/A
Býškovice;;23;D;CZ;1899;#N/A;#N/A;#N/A;#N/A;#N/A
Býšť;1994-01-01;10;D;CZ;1994;#N/A;#N/A;#N/A;#N/A;#N/A
Bytča;1994-01-01;24;D;SK;1994;49,2235748;18,5586825;Slovensko;Žilinský kraj;okres Bytča
Bytčica;1994-01-01;25;C;SK;1994;49,1847873;18,7326001;Slovensko;Žilinský kraj;okres Žilina
Bzenec;2020-06-27;36;B;CZ;2020;#N/A;#N/A;#N/A;#N/A;#N/A
Bzenica;1994-01-01;39;C;SK;1994;48,5291788;18,7416615;Slovensko;Banskobystrický kraj;okres Žiar nad Hronom
Bzince pod Javorinou;2003-12-14;37;B;SK;2003;48,78734;17,7717047;Slovensko;Trenčiansky kraj;okres Nové Mesto nad Váhom
Bzová (Beroun);;7;D;CZ;1899;#N/A;#N/A;#N/A;#N/A;#N/A
Bzová (Uherské Hradiště);2018-07-01;37;B;CZ;2018;#N/A;#N/A;#N/A;#N/A;#N/A
Bzovík;2018-07-01;49;B;SK;2018;48,3203168;19,0904118;Slovensko;Banskobystrický kraj;okres Krupina
Cabaj;2019-09-16;48;A;SK;2019;48,241617;18,0224168;Slovensko;Nitriansky kraj;okres Nitra
Cabov;;43;A;SK;1899;48,8044758;21,6401964;Slovensko;Prešovský kraj;okres Vranov nad Topľou
Cakov;;51;A;SK;1899;48,3407333;20,2268828;Slovensko;Banskobystrický kraj;okres Rimavská Sobota
Cehnice;;18;C;CZ;1899;#N/A;#N/A;#N/A;#N/A;#N/A
Cejkov;2026-06-01;43;D;SK;2026;48,4671814;21,7640014;Slovensko;Košický kraj;okres Trebišov
Cejle;;20;C;CZ;1899;#N/A;#N/A;#N/A;#N/A;#N/A
Cerekvice nad Bystřicí;;10;B;CZ;1899;#N/A;#N/A;#N/A;#N/A;#N/A
Cerekvice nod Loučnou;1994-01-01;21;A;CZ;1994;#N/A;#N/A;#N/A;#N/A;#N/A
Cerhenice;1994-01-01;9;D;CZ;1994;#N/A;#N/A;#N/A;#N/A;#N/A
Ceroonice;;18;C;CZ;1899;#N/A;#N/A;#N/A;#N/A;#N/A
Cerhovice;1994-01-01;17;B;CZ;1994;#N/A;#N/A;#N/A;#N/A;#N/A
Cerová - Lieskové;2004-06-19;37;C;SK;2004;48,5868089;17,380381;Slovensko;Trnavský kraj;okres Senica
Cerovo;2018-07-01;49;B;SK;2018;48,2549755;19,1566814;Slovensko;Banskobystrický kraj;okres Krupina
Cetkovice;;22;A;CZ;1899;#N/A;#N/A;#N/A;#N/A;#N/A
Cetoraz;;19;C;CZ;1899;#N/A;#N/A;#N/A;#N/A;#N/A
Cetuna;2023-04-22;37;B;SK;2023;48,8271305;17,724661;Slovensko;Trenčiansky kraj;okres Nové Mesto nad Váhom
Cífer;1994-01-01;47;A;SK;1994;48,3151877;17,4902571;Slovensko;Trnavský kraj;okres Trnava
Cigeľka;2020-08-08;28;D;SK;2020;49,4055886;21,1480998;Slovensko;Prešovský kraj;okres Bardejov
Cinobaňa;2019-06-22;40;C;SK;2019;48,4464898;19,6498623;Slovensko;Banskobystrický kraj;okres Poltár
Cínovec;1994-01-01;1;B;CZ;1994;#N/A;#N/A;#N/A;#N/A;#N/A
Církvice;;10;C;CZ;1899;#N/A;#N/A;#N/A;#N/A;#N/A
Citice;;6;C;CZ;1899;#N/A;#N/A;#N/A;#N/A;#N/A
Cítoliby;;7;B;CZ;1899;#N/A;#N/A;#N/A;#N/A;#N/A
Citonice;2004-05-22;34;B;CZ;2004;#N/A;#N/A;#N/A;#N/A;#N/A
Citov;;22;D;CZ;1899;#N/A;#N/A;#N/A;#N/A;#N/A
Cítov;;8;B;CZ;1899;#N/A;#N/A;#N/A;#N/A;#N/A
Cotkytle;;12;C;CZ;1899;#N/A;#N/A;#N/A;#N/A;#N/A
Ctětín;;20;B;CZ;1899;#N/A;#N/A;#N/A;#N/A;#N/A
Ctiněves;;8;B;CZ;1899;#N/A;#N/A;#N/A;#N/A;#N/A
Cvikov;;3;A;CZ;1899;#N/A;#N/A;#N/A;#N/A;#N/A
Čabalovce;2020-06-19;29;D;SK;2020;49,2282084;21,9636771;Slovensko;Prešovský kraj;okres Medzilaborce
Čabiny;;29;D;SK;1899;49,1786693;21,9029095;Slovensko;Prešovský kraj;okres Medzilaborce
Čabradský Vrbovok;;49;B;SK;1899;48,2571342;19,0771533;Slovensko;Banskobystrický kraj;okres Krupina
Čab-Sila;;37;D;SK;1899;48,3927986;17,9972753;Slovensko;Nitriansky kraj;okres Nitra
Čáčov;2020-08-22;36;D;SK;2020;48,6780096;17,3385723;Slovensko;Trnavský kraj;okres Senica
Čadca;1994-01-01;25;C;SK;1994;49,4375146;18,7896041;Slovensko;Žilinský kraj;okres Čadca
Čachovice;;9;D;CZ;1899;#N/A;#N/A;#N/A;#N/A;#N/A
Čachrov;;16;D;CZ;1899;#N/A;#N/A;#N/A;#N/A;#N/A
Čachtice;2005-01-01;37;D;SK;2005;48,7138556;17,7871394;Slovensko;Trenčiansky kraj;okres Nové Mesto nad Váhom
Čajkov;1994-01-01;48;B;SK;1994;48,2896655;18,600311;Slovensko;Nitriansky kraj;okres Levice
Čaka;2024-05-25;48;B;SK;2024;48,0402251;18,4700428;Slovensko;Nitriansky kraj;okres Levice
Čakajovce;;48;A;SK;1899;48,3707463;18,0367516;Slovensko;Nitriansky kraj;okres Nitra
Čakanovce (Košice);2020-07-29;43;A;SK;2020;48,7660833;21,4424619;Slovensko;Košický kraj;okres Košice - okolie
Čakanovce (Lučenec);1994-01-01;50;B;SK;1994;48,2142043;19,8129972;Slovensko;Banskobystrický kraj;okres Lučenec
Čakany;1995-05-03;47;A;SK;1995;48,1161884;17,3630666;Slovensko;Trnavský kraj;okres Dunajská Streda
Čaklov;;43;A;SK;1899;48,9074038;21,6280664;Slovensko;Prešovský kraj;okres Vranov nad Topľou
Čaková;;13;C;CZ;1899;#N/A;#N/A;#N/A;#N/A;#N/A
Čakovice;;8;D;CZ;1899;#N/A;#N/A;#N/A;#N/A;#N/A
Čalovec;2025-08-02;47;D;SK;2025;47,8169186;17,9879046;Slovensko;Nitriansky kraj;okres Komárno
Čalovo;1994-01-01;47;D;SK;1994;47,8557806;17,7693671;Slovensko;Trnavský kraj;okres Dunajská Streda
Čamovce;2020-05-02;50;B;SK;2020;48,2491446;19,887084;Slovensko;Banskobystrický kraj;okres Lučenec
Čaňa;1994-01-01;43;C;SK;1994;48,6097522;21,3261089;Slovensko;Košický kraj;okres Košice - okolie
Čankov;1994-01-01;49;A;SK;1994;48,1960931;18,7081119;Slovensko;Nitriansky kraj;okres Levice
Čankovice;;10;D;CZ;1899;#N/A;#N/A;#N/A;#N/A;#N/A
Čápor;2019-09-16;48;A;SK;2019;48,2489047;18,0192411;Slovensko;Nitriansky kraj;okres Nitra
Čaradice;1994-01-01;48;B;SK;1994;48,3574332;18,504448;Slovensko;Nitriansky kraj;okres Zlaté Moravce
Čáry;2018-07-01;36;D;SK;2018;48,6541114;17,0913588;Slovensko;Trnavský kraj;okres Senica
Čáslav;;10;C;CZ;1899;#N/A;#N/A;#N/A;#N/A;#N/A
Čáslavice;;20;D;CZ;1899;#N/A;#N/A;#N/A;#N/A;#N/A
Čáslavsko;;19;B;CZ;1899;#N/A;#N/A;#N/A;#N/A;#N/A
Častá;2002-02-02;37;C;SK;2002;48,399911;17,3607347;Slovensko;Bratislavský kraj;okres Pezinok
Častkov;2020-08-22;37;C;SK;2020;48,7469675;17,353964;Slovensko;Trnavský kraj;okres Senica
Částkov (Tachov);;16;A;CZ;1899;#N/A;#N/A;#N/A;#N/A;#N/A
Částkov (Uherské Hradiště);;37;A;CZ;1899;#N/A;#N/A;#N/A;#N/A;#N/A
Čostolovice;;11;C;CZ;1899;#N/A;#N/A;#N/A;#N/A;#N/A
Častrov;;19;D;CZ;1899;#N/A;#N/A;#N/A;#N/A;#N/A
Časy;;10;D;CZ;1899;#N/A;#N/A;#N/A;#N/A;#N/A
Čata;1994-01-01;49;C;SK;1994;47,9525891;18,6514869;Slovensko;Nitriansky kraj;okres Levice
Čataj;2018-07-01;47;A;SK;2018;48,2703207;17,4771682;Slovensko;Bratislavský kraj;okres Senec
Čavoj;1994-01-01;38;B;SK;1994;48,8827296;18,4864781;Slovensko;Trenčiansky kraj;okres Prievidza
Čebín;;21;D;CZ;1899;#N/A;#N/A;#N/A;#N/A;#N/A
Čebovce;2018-07-01;49;B;SK;2018;48,1810406;19,2289249;Slovensko;Banskobystrický kraj;okres Veľký Krtíš
Čečejovce;1994-01-01;42;D;SK;1994;48,597966;21,064243;Slovensko;Košický kraj;okres Košice - okolie
Čečelice;;9;A;CZ;1899;#N/A;#N/A;#N/A;#N/A;#N/A
Čehovice;;22;D;CZ;1899;#N/A;#N/A;#N/A;#N/A;#N/A
Čechtice;;19;B;CZ;1899;#N/A;#N/A;#N/A;#N/A;#N/A
Čechtín;;20;D;CZ;1899;#N/A;#N/A;#N/A;#N/A;#N/A
Čechy;2024-08-04;48;B;SK;2024;48,0325264;18,3745659;Slovensko;Nitriansky kraj;okres Nové Zámky
Čechy pod Kosířem;;22;B;CZ;1899;#N/A;#N/A;#N/A;#N/A;#N/A
Čejč;2019-09-06;36;A;CZ;2019;#N/A;#N/A;#N/A;#N/A;#N/A
Čejkovice;2019-09-06;36;A;CZ;2019;#N/A;#N/A;#N/A;#N/A;#N/A
Čejov;;20;A;CZ;1899;#N/A;#N/A;#N/A;#N/A;#N/A
Čekanice (Strakonice);;17;D;CZ;1899;#N/A;#N/A;#N/A;#N/A;#N/A
Čekanice (Tábor);;19;C;CZ;1899;#N/A;#N/A;#N/A;#N/A;#N/A
Čekovce;;49;B;SK;1899;48,3519528;19,1227789;Slovensko;Banskobystrický kraj;okres Krupina
Čekyně;;23;C;CZ;1899;#N/A;#N/A;#N/A;#N/A;#N/A
Čeľadice;2003-05-08;48;A;SK;2003;48,3263122;18,2403003;Slovensko;Nitriansky kraj;okres Nitra
Čeľadince;2018-07-01;38;C;SK;2018;48,5125542;18,1716375;Slovensko;Nitriansky kraj;okres Topoľčany
Čeladná;;24;A;CZ;1899;#N/A;#N/A;#N/A;#N/A;#N/A
Čelákovice;2003-08-08;9;C;CZ;2003;#N/A;#N/A;#N/A;#N/A;#N/A
Čeláre;2018-07-01;50;A;SK;2018;48,1413038;19,4916844;Slovensko;Banskobystrický kraj;okres Veľký Krtíš
Čelčice;;22;D;CZ;1899;#N/A;#N/A;#N/A;#N/A;#N/A
Čelechovice na Hané;;22;D;CZ;1899;#N/A;#N/A;#N/A;#N/A;#N/A
Čelina;;18;B;CZ;1899;#N/A;#N/A;#N/A;#N/A;#N/A
Čelkovice;;18;D;CZ;1899;#N/A;#N/A;#N/A;#N/A;#N/A
Čeľovce (Trebišov);2026-05-31;43;C;SK;2026;48,6021659;21,6279527;Slovensko;Košický kraj;okres Trebišov
Čelovce (Zvolen);;49;B;SK;1899;48,18318;19,14327;Slovakia;Banskobystrický kraj;okres Veľký Krtíš
Čemerné;;43;B;SK;1899;48,8787034;21,6691966;Slovensko;Prešovský kraj;okres Vranov nad Topľou
Čenkov;;18;A;CZ;1899;#N/A;#N/A;#N/A;#N/A;#N/A
Čenkov u Malšic;;18;D;CZ;1899;#N/A;#N/A;#N/A;#N/A;#N/A
Čeperka;;10;D;CZ;1899;#N/A;#N/A;#N/A;#N/A;#N/A
Čeradice;;7;A;CZ;1899;#N/A;#N/A;#N/A;#N/A;#N/A
Čerčany;;19;A;CZ;1899;#N/A;#N/A;#N/A;#N/A;#N/A
Čereňany;2000-07-19;38;D;SK;2000;48,6440656;18,4854836;Slovensko;Trenčiansky kraj;okres Prievidza
Čerenčany;2019-06-22;41;C;SK;2019;48,4100169;19,9859917;Slovensko;Banskobystrický kraj;okres Rimavská Sobota
Čerhov;1994-01-01;43;D;SK;1994;48,4639647;21,6472058;Slovensko;Košický kraj;okres Trebišov
Čerín;1994-01-01;39;D;SK;1994;48,659947;19,2460967;Slovensko;Banskobystrický kraj;okres Banská Bystrica
Čermany;2018-07-01;38;C;SK;2018;48,4683416;18,0356424;Slovensko;Nitriansky kraj;okres Topoľčany
Čermná;;10;B;CZ;1899;#N/A;#N/A;#N/A;#N/A;#N/A
Čermná nad Orlicí;;11;C;CZ;1899;#N/A;#N/A;#N/A;#N/A;#N/A
Černá;;20;D;CZ;1899;#N/A;#N/A;#N/A;#N/A;#N/A
Černá Hora;2022-04-13;21;D;CZ;2022;#N/A;#N/A;#N/A;#N/A;#N/A
Černá Voda;;12;B;CZ;1899;#N/A;#N/A;#N/A;#N/A;#N/A
Černá v Pošumaví;1995-08-09;32;A;CZ;1995;#N/A;#N/A;#N/A;#N/A;#N/A
Černá za Bory;1994-01-01;10;D;CZ;1994;#N/A;#N/A;#N/A;#N/A;#N/A
Černčice;;7;B;CZ;1899;#N/A;#N/A;#N/A;#N/A;#N/A
Černice;;7;A;CZ;1899;#N/A;#N/A;#N/A;#N/A;#N/A
Černík;2023-08-19;48;A;SK;2023;48,1534962;18,2251815;Slovensko;Nitriansky kraj;okres Nové Zámky
Černíkovice;;11;C;CZ;1899;#N/A;#N/A;#N/A;#N/A;#N/A
Černilov;;10;D;CZ;1899;#N/A;#N/A;#N/A;#N/A;#N/A
Černochov B A;;7;A;CZ;1899;#N/A;#N/A;#N/A;#N/A;#N/A
Černošice;1995-07-29;8;D;CZ;1995;#N/A;#N/A;#N/A;#N/A;#N/A
Černošín;;16;A;CZ;1899;#N/A;#N/A;#N/A;#N/A;#N/A
Černousy;;3;B;CZ;1899;#N/A;#N/A;#N/A;#N/A;#N/A
Černová;1994-01-01;39;B;SK;1994;49,0919324;19,2550957;Slovensko;Žilinský kraj;okres Ružomberok
Černovice (Blansko);;21;D;CZ;1899;#N/A;#N/A;#N/A;#N/A;#N/A
Černovice (Chomutov);;7;A;CZ;1899;#N/A;#N/A;#N/A;#N/A;#N/A
Černovice (Pelhřimov);;19;C;CZ;1899;#N/A;#N/A;#N/A;#N/A;#N/A
Čerňovice;;16;B;CZ;1899;#N/A;#N/A;#N/A;#N/A;#N/A
Černožice;2005-08-27;10;B;CZ;2005;#N/A;#N/A;#N/A;#N/A;#N/A
Černuc;;8;A;CZ;1899;#N/A;#N/A;#N/A;#N/A;#N/A
Černý Důl;;10;B;CZ;1899;#N/A;#N/A;#N/A;#N/A;#N/A
Čertižné;2020-06-19;29;D;SK;2020;49,3505128;21,8261904;Slovensko;Prešovský kraj;okres Medzilaborce
Červená Lhota;2018-11-01;19;C;CZ;2018;#N/A;#N/A;#N/A;#N/A;#N/A
Červená Rečice;2018-10-29;19;D;CZ;2018;#N/A;#N/A;#N/A;#N/A;#N/A
Červená Skala;1994-01-01;41;A;SK;1994;48,8231853;20,1315193;Slovensko;Banskobystrický kraj;okres Brezno
Červená Voda;;12;C;CZ;1899;49,145877;#N/A;#N/A;#N/A;#N/A
Červená Voda;2020-08-10;28;D;SK;2020;49,145877;21,0891729;Slovensko;Prešovský kraj;okres Sabinov
Červené Janovice;;19;B;CZ;1899;#N/A;#N/A;#N/A;#N/A;#N/A
Červené Pečky;;9;D;CZ;1899;#N/A;#N/A;#N/A;#N/A;#N/A
Červenica;2020-07-29;43;A;SK;2020;48,8836237;21,4485444;Slovensko;Prešovský kraj;okres Prešov
Červeník;;37;D;SK;1899;48,460178;17,7554329;Slovensko;Trnavský kraj;okres Hlohovec
Červenka;1994-01-01;22;B;CZ;1994;#N/A;#N/A;#N/A;#N/A;#N/A
Červeny Hradek;;34;A;CZ;1899;#N/A;#N/A;#N/A;#N/A;#N/A
Červený Hrádok;1994-01-01;48;B;SK;1994;48,301778;18,3864785;Slovensko;Nitriansky kraj;okres Zlaté Moravce
Červený Kameň;2026-08-22;38;A;SK;2026;49,0875197;18,1825274;Slovensko;Trenčiansky kraj;okres Ilava
Červený Kláštor;1994-01-01;27;D;SK;1994;49,3989028;20,4171628;Slovensko;Prešovský kraj;okres Kežmarok
Červený Kláštor - kúpele;1994-01-01;27;D;SK;1994;49,3888611;20,4219526;Slovensko;Prešovský kraj;okres Kežmarok
Červený Kostelec;;11;A;CZ;1899;#N/A;#N/A;#N/A;#N/A;#N/A
Červený Újezd (Benešov);;18;B;CZ;1899;#N/A;#N/A;#N/A;#N/A;#N/A
Červený Újezd (Kladno);;8;C;CZ;1899;#N/A;#N/A;#N/A;#N/A;#N/A
Česká;2022-04-13;21;D;CZ;2022;#N/A;#N/A;#N/A;#N/A;#N/A
Česká Bělá;2005-08-27;20;B;CZ;2005;#N/A;#N/A;#N/A;#N/A;#N/A
Česká Bříza;;17;A;CZ;1899;#N/A;#N/A;#N/A;#N/A;#N/A
Česká Čermná;;11;A;CZ;1899;#N/A;#N/A;#N/A;#N/A;#N/A
Česká Kamenice;;2;B;CZ;1899;#N/A;#N/A;#N/A;#N/A;#N/A
Česká Kubice;;16;C;CZ;1899;#N/A;#N/A;#N/A;#N/A;#N/A
Česká Lípa;1997-05-30;2;B;CZ;1997;#N/A;#N/A;#N/A;#N/A;#N/A
Česká Metuje;2022-04-14;11;A;CZ;2022;#N/A;#N/A;#N/A;#N/A;#N/A
Česká Rybná (Chrudim);;21;A;CZ;1899;#N/A;#N/A;#N/A;#N/A;#N/A
Česká Rybná (Ústí nad Orlicí);;11;D;CZ;1899;#N/A;#N/A;#N/A;#N/A;#N/A
Česká Skalice;;11;A;CZ;1899;#N/A;#N/A;#N/A;#N/A;#N/A
Česká Třebová;1994-01-01;21;B;CZ;1994;#N/A;#N/A;#N/A;#N/A;#N/A
Česká Ves;;12;D;CZ;1899;#N/A;#N/A;#N/A;#N/A;#N/A
České Brezovo;2019-06-22;40;D;SK;2019;48,4806579;19,803926;Slovensko;Banskobystrický kraj;okres Poltár
České Budějovice;1995-08-09;32;B;CZ;1995;#N/A;#N/A;#N/A;#N/A;#N/A
České Heřmanice;;11;C;CZ;1899;#N/A;#N/A;#N/A;#N/A;#N/A
České Kopisty;;8;A;CZ;1899;#N/A;#N/A;#N/A;#N/A;#N/A
České Libchavy;2022-04-14;11;D;CZ;2022;#N/A;#N/A;#N/A;#N/A;#N/A
České Meziříčí;;11;C;CZ;1899;#N/A;#N/A;#N/A;#N/A;#N/A
České Velenice;;33;A;CZ;1899;#N/A;#N/A;#N/A;#N/A;#N/A
Český Brod;1994-01-01;9;C;CZ;1994;#N/A;#N/A;#N/A;#N/A;#N/A
Český Bukov;;2;A;CZ;1899;#N/A;#N/A;#N/A;#N/A;#N/A
Český Dub;;9;B;CZ;1899;#N/A;#N/A;#N/A;#N/A;#N/A
Český Jiřetín;;1;B;CZ;1899;#N/A;#N/A;#N/A;#N/A;#N/A
Český Krumlov;1995-08-09;32;A;CZ;1995;#N/A;#N/A;#N/A;#N/A;#N/A
Český Rudolec;;33;B;CZ;1899;#N/A;#N/A;#N/A;#N/A;#N/A
Český Šternberk;;19;A;CZ;1899;#N/A;#N/A;#N/A;#N/A;#N/A
Český Těšín;1994-01-01;24;B;CZ;1994;#N/A;#N/A;#N/A;#N/A;#N/A
Čestice;;17;D;CZ;1899;#N/A;#N/A;#N/A;#N/A;#N/A
Čestín;;19;B;CZ;1899;#N/A;#N/A;#N/A;#N/A;#N/A
Češov;;10;A;CZ;1899;#N/A;#N/A;#N/A;#N/A;#N/A
Čičarovce;;44;C;SK;1899;48,5406692;22,0231036;Slovensko;Košický kraj;okres Michalovce
Čičava;;43;A;SK;1899;48,92441;21,6698;Slovakia;Prešovský kraj;okres Vranov nad Topľou
Čičmany;1994-01-01;38;B;SK;1994;48,9547463;18,516148;Slovensko;Žilinský kraj;okres Žilina
Číčóv;2025-08-02;47;D;SK;2025;47,7709697;17,7671833;Slovensko;Nitriansky kraj;okres Komárno
Čierna;;44;C;SK;1899;48,4166409;22,0887368;Slovensko;Košický kraj;okres Trebišov
Čierna Lehota (Rožňava);2020-07-30;41;C;SK;2020;48,7236593;20,2530541;Slovensko;Košický kraj;okres Rožňava
Čierna Lehota (Toporčany);2018-07-01;38;B;SK;2018;48,865;18,33157;Slovakia;Trenčiansky kraj;okres Bánovce nad Bebravou
Čierna nad Tisou;;44;C;SK;1899;48,4166409;22,0887368;Slovensko;Košický kraj;okres Trebišov
Čierna Voda;2019-06-08;47;A;SK;2019;48,196352;17,446603;Slovensko;Bratislavský kraj;okres Senec
Čierne;1995-07-27;25;C;SK;1995;49,4940138;18,8193338;Slovensko;Žilinský kraj;okres Čadca
Čierne Kľačany;1994-01-01;48;B;SK;1994;48,3516576;18,4151244;Slovensko;Nitriansky kraj;okres Zlaté Moravce
Čierne nad Topľou;;43;A;SK;1899;48,9968845;21,5659387;Slovensko;Prešovský kraj;okres Vranov nad Topľou
Čierny Balog;1994-01-01;40;A;SK;1994;48,745455;19,6600538;Slovensko;Banskobystrický kraj;okres Brezno
Čierny Brod;2019-06-02;47;A;SK;2019;48,151335;17,6560302;Slovensko;Trnavský kraj;okres Galanta
Čifáre;1994-01-01;48;B;SK;1994;48,2324639;18,3939373;Slovensko;Nitriansky kraj;okres Nitra
Číhaň;;17;C;CZ;1899;#N/A;#N/A;#N/A;#N/A;#N/A
Čikov;;21;C;CZ;1899;#N/A;#N/A;#N/A;#N/A;#N/A
Čiližská Radvaň;2025-08-02;47;D;SK;2025;47,83397;17,6941467;Slovensko;Trnavský kraj;okres Dunajská Streda
Čimelice;;18;C;CZ;1899;#N/A;#N/A;#N/A;#N/A;#N/A
Číměř;;33;B;CZ;1899;#N/A;#N/A;#N/A;#N/A;#N/A
Činěves;;9;D;CZ;1899;#N/A;#N/A;#N/A;#N/A;#N/A
Čingov;1996-08-07;41;B;SK;1996;48,9407957;20,48007;Slovensko;Košický kraj;okres Spišská Nová Ves
Čirč;2020-08-09;28;C;SK;2020;49,2829079;20,9205963;Slovensko;Prešovský kraj;okres Stará Ľubovňa
Čisovice;;18;B;CZ;1899;#N/A;#N/A;#N/A;#N/A;#N/A
Čistá (Mladá Boleslav);;9;A;CZ;1899;#N/A;#N/A;#N/A;#N/A;#N/A
Čistá (Rakovník);;7;C;CZ;1899;#N/A;#N/A;#N/A;#N/A;#N/A
Čistá (Semily);;10;A;CZ;1899;#N/A;#N/A;#N/A;#N/A;#N/A
Čistá (Svitavy);;21;B;CZ;1899;#N/A;#N/A;#N/A;#N/A;#N/A
Číž;1994-01-01;51;A;SK;1994;48,3133563;20,2820802;Slovensko;Banskobystrický kraj;okres Rimavská Sobota
Čižatice;;43;A;SK;1899;48,7950132;21,3927152;Slovensko;Košický kraj;okres Košice - okolie
Čižice;;17;A;CZ;1899;#N/A;#N/A;#N/A;#N/A;#N/A
Čížkov;2018-10-29;19;D;CZ;2018;#N/A;#N/A;#N/A;#N/A;#N/A
Čižkovice;;8;A;CZ;1899;#N/A;#N/A;#N/A;#N/A;#N/A
Čížová;;18;C;CZ;1899;#N/A;#N/A;#N/A;#N/A;#N/A
Čkyně;;17;D;CZ;1899;#N/A;#N/A;#N/A;#N/A;#N/A
Člunek;;33;B;CZ;1899;#N/A;#N/A;#N/A;#N/A;#N/A
Čtyřkoly;;19;A;CZ;1899;#N/A;#N/A;#N/A;#N/A;#N/A
Čučma;1995-08-13;41;D;SK;1995;48,6896908;20,5424124;Slovensko;Košický kraj;okres Rožňava
Čunín;;22;A;CZ;1899;#N/A;#N/A;#N/A;#N/A;#N/A
Čunovo;1994-01-01;46;B;SK;1994;48,029636;17,1995727;Slovensko;Bratislavský kraj;
Chabařovice;;2;A;CZ;1899;#N/A;#N/A;#N/A;#N/A;#N/A
Chabeřice;;19;B;CZ;1899;#N/A;#N/A;#N/A;#N/A;#N/A
Chaloupky;;17;B;CZ;1899;#N/A;#N/A;#N/A;#N/A;#N/A
Chanava;;51;A;SK;1899;48,3333333;20,3;Slovensko;Banskobystrický kraj;okres Rimavská Sobota
Charvatce;;8;A;CZ;1899;#N/A;#N/A;#N/A;#N/A;#N/A
Charvátská Nová Ves;;36;C;CZ;1899;#N/A;#N/A;#N/A;#N/A;#N/A
Chcebuz;;8;B;CZ;1899;#N/A;#N/A;#N/A;#N/A;#N/A
Cheb;;5;D;CZ;1899;#N/A;#N/A;#N/A;#N/A;#N/A
Cheznovice;;17;B;CZ;1899;#N/A;#N/A;#N/A;#N/A;#N/A
Chľaba;1994-01-01;49;C;SK;1994;47,8298085;18,8277038;Slovensko;Nitriansky kraj;okres Nové Zámky
Chlebičov;;13;D;CZ;1899;#N/A;#N/A;#N/A;#N/A;#N/A
Chlebnice;;26;C;SK;1899;49,229216;19,4646448;Slovensko;Žilinský kraj;okres Dolný Kubín
Chlebovice;;24;A;CZ;1899;#N/A;#N/A;#N/A;#N/A;#N/A
Chlístov;;17;C;CZ;1899;#N/A;#N/A;#N/A;#N/A;#N/A
Chlístovice;;19;B;CZ;1899;#N/A;#N/A;#N/A;#N/A;#N/A
Chlum (Blansko);;21;B;CZ;1899;#N/A;#N/A;#N/A;#N/A;#N/A
Chlum (Chrudim);2005-08-27;20;B;CZ;2005;#N/A;#N/A;#N/A;#N/A;#N/A
Chlum nad Ohří;;5;D;CZ;1899;#N/A;#N/A;#N/A;#N/A;#N/A
Chlum u Třeboně;;33;A;CZ;1899;#N/A;#N/A;#N/A;#N/A;#N/A
Chlumčany (Louny);;7;B;CZ;1899;#N/A;#N/A;#N/A;#N/A;#N/A
Chlumčany (Plzeň-jih);1995-07-31;17;A;CZ;1995;#N/A;#N/A;#N/A;#N/A;#N/A
Chlumec (České Budějovice);;18;D;CZ;1899;#N/A;#N/A;#N/A;#N/A;#N/A
Chlumec (Ústí nad Labem);;2;A;CZ;1899;#N/A;#N/A;#N/A;#N/A;#N/A
Chlumec nad Cidlinou;1994-01-01;10;C;CZ;1994;#N/A;#N/A;#N/A;#N/A;#N/A
Chlumín;;8;B;CZ;1899;#N/A;#N/A;#N/A;#N/A;#N/A
Chmeľnica;1994-01-01;28;C;SK;1994;49,2960774;20,7313808;Slovensko;Prešovský kraj;okres Stará Ľubovňa
Chmeľov;2025-06-10;43;A;SK;2025;49,0685096;21,4392373;Slovensko;Prešovský kraj;okres Prešov
Chmeľovec;;43;A;SK;1899;49,0833333;21,3666667;Slovensko;Prešovský kraj;okres Prešov
Chminianska Nová Ves;1994-01-01;42;B;SK;1994;49,0020021;21,0861816;Slovensko;Prešovský kraj;okres Prešov
Choceň;1994-01-01;11;C;CZ;1994;#N/A;#N/A;#N/A;#N/A;#N/A
Chocenice;;17;A;CZ;1899;#N/A;#N/A;#N/A;#N/A;#N/A
Chocerady;;19;A;CZ;1899;#N/A;#N/A;#N/A;#N/A;#N/A
Choča;2018-07-01;48;B;SK;2018;48,3565549;18,3215663;Slovensko;Nitriansky kraj;okres Zlaté Moravce
Chodouň;;8;C;CZ;1899;#N/A;#N/A;#N/A;#N/A;#N/A
Chodov (Domažlice);;16;C;CZ;1899;#N/A;#N/A;#N/A;#N/A;#N/A
Chodov (Karlovy Vary);;6;A;CZ;1899;#N/A;#N/A;#N/A;#N/A;#N/A
Chodov u Prahy;;8;D;CZ;1899;#N/A;#N/A;#N/A;#N/A;#N/A
Chodová Planá;;6;C;CZ;1899;#N/A;#N/A;#N/A;#N/A;#N/A
Chodská Lhota;;16;D;CZ;1899;#N/A;#N/A;#N/A;#N/A;#N/A
Chodský Újezd;;6;C;CZ;1899;#N/A;#N/A;#N/A;#N/A;#N/A
Chocholná-Velčice;2018-07-01;37;B;SK;2018;48,8664726;17,9450568;Slovensko;Trenčiansky kraj;okres Trenčín
Cholina;;22;B;CZ;1899;#N/A;#N/A;#N/A;#N/A;#N/A
Choltice;;10;C;CZ;1899;#N/A;#N/A;#N/A;#N/A;#N/A
Cholupice;;8;D;CZ;1899;#N/A;#N/A;#N/A;#N/A;#N/A
Chomoutov;;22;B;CZ;1899;#N/A;#N/A;#N/A;#N/A;#N/A
Chomutice;;10;A;CZ;1899;#N/A;#N/A;#N/A;#N/A;#N/A
Chomutov;1994-01-01;7;A;CZ;1994;#N/A;#N/A;#N/A;#N/A;#N/A
Choňkovce;;44;A;SK;1899;48,7794862;22,2409193;Slovensko;Košický kraj;okres Sobrance
Chornice;;22;A;CZ;1899;#N/A;#N/A;#N/A;#N/A;#N/A
Chorušice;;9;A;CZ;1899;#N/A;#N/A;#N/A;#N/A;#N/A
Chorvatice;1994-01-01;49;A;SK;1994;48,1200641;18,8969566;Slovensko;Nitriansky kraj;okres Levice
Chorvátsky Grob;1996-04-21;46;B;SK;1996;48,227585;17,2900169;Slovensko;Bratislavský kraj;okres Senec
Choryně;;23;D;CZ;1899;#N/A;#N/A;#N/A;#N/A;#N/A
Chotča;2020-06-19;29;C;SK;2020;49,2448843;21,6816353;Slovensko;Prešovský kraj;okres Stropkov
Chotěboř;;20;B;CZ;1899;#N/A;#N/A;#N/A;#N/A;#N/A
Chotěbudice;;34;A;CZ;1899;#N/A;#N/A;#N/A;#N/A;#N/A
Chotěbuz;1994-01-01;24;B;CZ;1994;#N/A;#N/A;#N/A;#N/A;#N/A
Choteč;;10;A;CZ;1899;#N/A;#N/A;#N/A;#N/A;#N/A
Chotěšov (Litoměřice);;8;A;CZ;1899;#N/A;#N/A;#N/A;#N/A;#N/A
Chotěšov (Plzeň-jih);;16;B;CZ;1899;#N/A;#N/A;#N/A;#N/A;#N/A
Chotětov;;9;A;CZ;1899;#N/A;#N/A;#N/A;#N/A;#N/A
Chotěvice;;10;B;CZ;1899;#N/A;#N/A;#N/A;#N/A;#N/A
Chotíkov;;17;A;CZ;1899;#N/A;#N/A;#N/A;#N/A;#N/A
Chotilsko;;18;D;CZ;1899;#N/A;#N/A;#N/A;#N/A;#N/A
Chotín;1994-01-01;48;C;SK;1994;47,8082975;18,225706;Slovensko;Nitriansky kraj;okres Komárno
Chotouň;;9;D;CZ;1899;#N/A;#N/A;#N/A;#N/A;#N/A
Chotoviny;;19;C;CZ;1899;#N/A;#N/A;#N/A;#N/A;#N/A
Chotusice;;10;C;CZ;1899;#N/A;#N/A;#N/A;#N/A;#N/A
Chotutice;;9;D;CZ;1899;#N/A;#N/A;#N/A;#N/A;#N/A
Chotyně;;3;A;CZ;1899;#N/A;#N/A;#N/A;#N/A;#N/A
Chotýšany;;19;A;CZ;1899;#N/A;#N/A;#N/A;#N/A;#N/A
Choustník;;19;C;CZ;1899;#N/A;#N/A;#N/A;#N/A;#N/A
Choustníkovo Hradiště;;10;B;CZ;1899;#N/A;#N/A;#N/A;#N/A;#N/A
Chrabrany;;38;C;SK;1899;48,5293748;18,1401199;Slovensko;Nitriansky kraj;okres Topoľčany
Chrámec;;51;A;SK;1899;48,2784189;20,1852256;Slovensko;Banskobystrický kraj;okres Rimavská Sobota
Chranišov;;6;A;CZ;1899;#N/A;#N/A;#N/A;#N/A;#N/A
Chrast;;20;B;CZ;1899;#N/A;#N/A;#N/A;#N/A;#N/A
Chrást;1995-07-29;17;A;CZ;1995;#N/A;#N/A;#N/A;#N/A;#N/A
Chrastava;;3;B;CZ;1899;#N/A;#N/A;#N/A;#N/A;#N/A
Chrášťany (Benešov);;18;B;CZ;1899;#N/A;#N/A;#N/A;#N/A;#N/A
Chráiťany (Kolín);;9;C;CZ;1899;#N/A;#N/A;#N/A;#N/A;#N/A
Chrášťany (Praha-západ);;8;C;CZ;1899;#N/A;#N/A;#N/A;#N/A;#N/A
Chrášťany (Rakovník);;7;D;CZ;1899;#N/A;#N/A;#N/A;#N/A;#N/A
Chraštice;;18;A;CZ;1899;#N/A;#N/A;#N/A;#N/A;#N/A
Chrášťovice;;17;D;CZ;1899;#N/A;#N/A;#N/A;#N/A;#N/A
Chrlice;2019-09-04;35;B;CZ;2019;#N/A;#N/A;#N/A;#N/A;#N/A
Chroboly;;32;A;CZ;1899;#N/A;#N/A;#N/A;#N/A;#N/A
Chromeč;;12;C;CZ;1899;#N/A;#N/A;#N/A;#N/A;#N/A
Chropov;2020-08-22;36;B;SK;2020;48,7731833;17,3178357;Slovensko;Trnavský kraj;okres Skalica
Chropyně;;23;C;CZ;1899;#N/A;#N/A;#N/A;#N/A;#N/A
Chroustovice;;11;C;CZ;1899;#N/A;#N/A;#N/A;#N/A;#N/A
Chrtníč;;20;A;CZ;1899;#N/A;#N/A;#N/A;#N/A;#N/A
Chrudim;;10;D;CZ;1899;#N/A;#N/A;#N/A;#N/A;#N/A
Chrustenice;;8;C;CZ;1899;#N/A;#N/A;#N/A;#N/A;#N/A
Chřibská;;2;B;CZ;1899;#N/A;#N/A;#N/A;#N/A;#N/A
Chříč;;7;D;CZ;1899;#N/A;#N/A;#N/A;#N/A;#N/A
Chtelnica;;37;C;SK;1899;48,5694654;17,6238258;Slovensko;Trnavský kraj;okres Piešťany
Chudenice;;16;D;CZ;1899;#N/A;#N/A;#N/A;#N/A;#N/A
Chuderov;;2;A;CZ;1899;#N/A;#N/A;#N/A;#N/A;#N/A
Chuchelna;;10;A;CZ;1899;#N/A;#N/A;#N/A;#N/A;#N/A
Chuchelná;;14;C;CZ;1899;#N/A;#N/A;#N/A;#N/A;#N/A
Chvalčov;;23;D;CZ;1899;#N/A;#N/A;#N/A;#N/A;#N/A
Chvaleč;;11;A;CZ;1899;#N/A;#N/A;#N/A;#N/A;#N/A
Chvaletice;1994-01-01;10;C;CZ;1994;#N/A;#N/A;#N/A;#N/A;#N/A
Chvalkovice;;11;A;CZ;1899;#N/A;#N/A;#N/A;#N/A;#N/A
Chvalkovice na Hané;;22;D;CZ;1899;#N/A;#N/A;#N/A;#N/A;#N/A
Chvalovice;;35;A;CZ;1899;#N/A;#N/A;#N/A;#N/A;#N/A
Chvalšiny;;32;A;CZ;1899;#N/A;#N/A;#N/A;#N/A;#N/A
Chvatěruby;;8;D;CZ;1899;#N/A;#N/A;#N/A;#N/A;#N/A
Chvojenec;1994-01-01;10;D;CZ;1994;#N/A;#N/A;#N/A;#N/A;#N/A
Chvojnica;1998-09-12;38;B;SK;1998;48,8780838;18,5636982;Slovensko;Trenčiansky kraj;okres Prievidza
Chyňava;;8;C;CZ;1899;#N/A;#N/A;#N/A;#N/A;#N/A
Chýně;;8;C;CZ;1899;#N/A;#N/A;#N/A;#N/A;#N/A
Chynorany;2000-07-19;38;C;SK;2000;48,6101761;18,2740449;Slovensko;Trenčiansky kraj;okres Partizánske
Chýnov;2018-10-29;19;C;CZ;2018;#N/A;#N/A;#N/A;#N/A;#N/A
Chyše;;7;C;CZ;1899;#N/A;#N/A;#N/A;#N/A;#N/A
Chyšky;;18;B;CZ;1899;#N/A;#N/A;#N/A;#N/A;#N/A
Chýšť;;10;C;CZ;1899;#N/A;#N/A;#N/A;#N/A;#N/A
Chyzerovce;2018-07-01;48;B;SK;2018;48,3682187;18,3842402;Slovensko;Nitriansky kraj;okres Zlaté Moravce
Ďáblice;;8;D;CZ;1899;#N/A;#N/A;#N/A;#N/A;#N/A
Dačice;;34;A;CZ;1899;#N/A;#N/A;#N/A;#N/A;#N/A
Dačov - Lom;;49;B;SK;1899;48,3243639;19,2500907;Slovensko;Banskobystrický kraj;okres Veľký Krtíš
Dalečín;;21;A;CZ;1899;#N/A;#N/A;#N/A;#N/A;#N/A
Daleké Dušníky;;18;A;CZ;1899;#N/A;#N/A;#N/A;#N/A;#N/A
Dalešice;;35;A;CZ;1899;#N/A;#N/A;#N/A;#N/A;#N/A
Dalovice (Korlovy Vary);;6;B;CZ;1899;#N/A;#N/A;#N/A;#N/A;#N/A
Dalovice (Mlodá Boleslov);;9;A;CZ;1899;#N/A;#N/A;#N/A;#N/A;#N/A
Dambořice;;36;A;CZ;1899;#N/A;#N/A;#N/A;#N/A;#N/A
Damníkov;;21;B;CZ;1899;#N/A;#N/A;#N/A;#N/A;#N/A
Ďapalovce;;43;B;SK;1899;49,0669751;21,7500602;Slovensko;Prešovský kraj;okres Vranov nad Topľou
Dargov;2002-09-28;43;A;SK;2002;48,7317805;21,5863054;Slovensko;Košický kraj;okres Trebišov
Darkov;;24;B;CZ;1899;#N/A;#N/A;#N/A;#N/A;#N/A
Dašice;;10;D;CZ;1899;#N/A;#N/A;#N/A;#N/A;#N/A
Davidov;;43;A;SK;1899;48,82463;21,6373042;Slovensko;Prešovský kraj;okres Vranov nad Topľou
Davle;;8;D;CZ;1899;#N/A;#N/A;#N/A;#N/A;#N/A
Deblín;;21;D;CZ;1899;#N/A;#N/A;#N/A;#N/A;#N/A
Děbolín;;19;C;CZ;1899;#N/A;#N/A;#N/A;#N/A;#N/A
Debraď;2021-05-22;42;C;SK;2021;48,6513261;20,9787119;Slovensko;Košický kraj;okres Košice - okolie
Děčín;;2;A;CZ;1899;#N/A;#N/A;#N/A;#N/A;#N/A
Dedinka;2024-08-04;48;B;SK;2024;48,0660479;18,422514;Slovensko;Nitriansky kraj;okres Nové Zámky
Dedinky;1994-01-01;41;B;SK;1994;48,86712;20,3814202;Slovensko;Košický kraj;okres Rožňava
Defurovy Lažany;;17;D;CZ;1899;#N/A;#N/A;#N/A;#N/A;#N/A
Děhylov;;24;A;CZ;1899;#N/A;#N/A;#N/A;#N/A;#N/A
Dechtice;2018-07-01;37;C;SK;2018;48,5473979;17,596008;Slovensko;Trnavský kraj;okres Trnava
Dekýš;1997-08-20;39;C;SK;1997;48,395819;18,8148417;Slovensko;Banskobystrický kraj;okres Banská Štiavnica
Demandice;1994-01-01;49;A;SK;1994;48,1266909;18,7825672;Slovensko;Nitriansky kraj;okres Levice
Demänová;1994-01-01;40;A;SK;1994;49,0596732;19,5815009;Slovensko;Žilinský kraj;okres Liptovský Mikuláš
Demjata;1994-01-01;28;D;SK;1994;49,1068799;21,3115991;Slovensko;Prešovský kraj;okres Prešov
Děpoltovice;;6;A;CZ;1899;#N/A;#N/A;#N/A;#N/A;#N/A
Desná;;4;A;CZ;1899;#N/A;#N/A;#N/A;#N/A;#N/A
Dešenice;1995-08-01;16;D;CZ;1995;#N/A;#N/A;#N/A;#N/A;#N/A
Dešná;;34;A;CZ;1899;#N/A;#N/A;#N/A;#N/A;#N/A
Dešov;;34;B;CZ;1899;#N/A;#N/A;#N/A;#N/A;#N/A
Deštná (Blansko);;21;B;CZ;1899;#N/A;#N/A;#N/A;#N/A;#N/A
Deštná (Jindřichúv Hradec);;19;C;CZ;1899;#N/A;#N/A;#N/A;#N/A;#N/A
Deštné;;11;B;CZ;1899;#N/A;#N/A;#N/A;#N/A;#N/A
Dětěnice;;9;B;CZ;1899;#N/A;#N/A;#N/A;#N/A;#N/A
Dětkovice;;22;D;CZ;1899;#N/A;#N/A;#N/A;#N/A;#N/A
Dětmarovice;;24;B;CZ;1899;#N/A;#N/A;#N/A;#N/A;#N/A
Dětřichov;;3;B;CZ;1899;#N/A;#N/A;#N/A;#N/A;#N/A
Dětřichov nad Bystřicí;;23;A;CZ;1899;#N/A;#N/A;#N/A;#N/A;#N/A
Detva;1994-01-01;40;C;SK;1994;48,5595662;19,4205586;Slovensko;Banskobystrický kraj;okres Detva
Detvianska Huta;1994-01-01;40;C;SK;1994;48,5675561;19,5900465;Slovensko;Banskobystrický kraj;okres Detva
Devičany;1994-01-01;49;A;SK;1994;48,3222116;18,7047074;Slovensko;Nitriansky kraj;okres Levice
Devičie;1994-01-01;49;B;SK;1994;48,308481;19,0255576;Slovensko;Banskobystrický kraj;okres Krupina
Devín;1994-01-01;46;A;SK;1994;48,1731085;16,9803676;Slovensko;Bratislavský kraj;
Devínska Nová Ves;1994-01-01;46;A;SK;1994;48,2091751;16,973894;Slovensko;Bratislavský kraj;
Dežerice;2018-07-01;38;C;SK;2018;48,761706;18,2133311;Slovensko;Trenčiansky kraj;okres Bánovce nad Bebravou
Diakovce;2022-08-14;47;B;SK;2022;48,1337877;17,8413564;Slovensko;Nitriansky kraj;okres Šaľa
Diana;;15;B;CZ;1899;#N/A;#N/A;#N/A;#N/A;#N/A
Dírná;2011-11-01;19;C;CZ;2011;#N/A;#N/A;#N/A;#N/A;#N/A
Dívčice;1995-08-09;32;A;CZ;1995;#N/A;#N/A;#N/A;#N/A;#N/A
Diviacka Nová Ves;1994-01-01;38;D;SK;1994;48,7480833;18,4968443;Slovensko;Trenčiansky kraj;okres Prievidza
Diviaky;2018-07-01;39;A;SK;2018;48,8759278;18,8505127;Slovensko;Žilinský kraj;okres Turčianske Teplice
Diviaky nad Nitricou;1994-01-01;38;B;SK;1994;48,7653122;18,4950332;Slovensko;Trenčiansky kraj;okres Prievidza
Divín;2019-10-08;40;C;SK;2019;48,4496395;19,5352777;Slovensko;Banskobystrický kraj;okres Lučenec
Divina;1995-07-26;25;C;SK;1995;49,2714644;18,6957247;Slovensko;Žilinský kraj;okres Žilina
Divinka;1995-07-26;25;C;SK;1995;49,2538337;18,6979267;Slovensko;Žilinský kraj;okres Žilina
Divišov;;19;A;CZ;1899;#N/A;#N/A;#N/A;#N/A;#N/A
Divišovice;;18;B;CZ;1899;#N/A;#N/A;#N/A;#N/A;#N/A
Dlažov;;16;D;CZ;1899;#N/A;#N/A;#N/A;#N/A;#N/A
Dlhá Lúka;1996-07-27;28;D;SK;1996;49,1167526;18,8279431;Slovensko;Žilinský kraj;okres Martin
Dlhá nad Oravou;1994-01-01;26;C;SK;1994;49,2661834;19,4468308;Slovensko;Žilinský kraj;okres Dolný Kubín
Dlhá nad Váhom;2019-11-05;47;B;SK;2019;48,1715668;17,8608963;Slovensko;Nitriansky kraj;okres Šaľa
Dlhá Ves;1994-01-01;41;D;SK;1994;48,4942775;20,4380532;Slovensko;Košický kraj;okres Rožňava
Dlhé Klčovo;;43;B;SK;1899;48,8095571;21,7411304;Slovensko;Prešovský kraj;okres Vranov nad Topľou
Dlhé nad Cirochou;2026-06-02;44;A;SK;2026;48,96191;22,0629114;Slovensko;Prešovský kraj;okres Snina
Dlhé Pole;;24;D;SK;1899;49,3046706;18,6306974;Slovensko;Žilinský kraj;okres Žilina
Dlouhá Brtnice;;20;C;CZ;1899;#N/A;#N/A;#N/A;#N/A;#N/A
Dlouhá Lhota;;19;C;CZ;1899;#N/A;#N/A;#N/A;#N/A;#N/A
Dlouhá Loučka (Olomouc);;22;B;CZ;1899;#N/A;#N/A;#N/A;#N/A;#N/A
Dlouhá Loučka (Svitavy);;21;B;CZ;1899;#N/A;#N/A;#N/A;#N/A;#N/A
Dlouhá Třebová;1994-01-01;11;D;CZ;1994;#N/A;#N/A;#N/A;#N/A;#N/A
Dlouhá Ves (Havlíčkův Brod);;20;B;CZ;1899;#N/A;#N/A;#N/A;#N/A;#N/A
Dlouhá Ves (Klatovy);;17;C;CZ;1899;#N/A;#N/A;#N/A;#N/A;#N/A
Dlouhomilov;;22;A;CZ;1899;#N/A;#N/A;#N/A;#N/A;#N/A
Dlouhopolsko;1994-01-01;10;C;CZ;1994;#N/A;#N/A;#N/A;#N/A;#N/A
Dlouhý Most;;3;B;CZ;1899;#N/A;#N/A;#N/A;#N/A;#N/A
Dnešice;;16;B;CZ;1899;#N/A;#N/A;#N/A;#N/A;#N/A
Dobev;;18;C;CZ;1899;#N/A;#N/A;#N/A;#N/A;#N/A
Dobkovice;;2;A;CZ;1899;#N/A;#N/A;#N/A;#N/A;#N/A
Dobrá (Frýdek-Místek);1994-01-01;24;B;CZ;1994;#N/A;#N/A;#N/A;#N/A;#N/A
Dobrá (Trenčín);2023-07-09;38;A;SK;2023;48,92398;18,10422;Slovensko;Trenčiansky kraj;okres Trenčín
Dobrá nad Ondavou;2026-06-02;43;B;SK;2026;49,01667;21,7;Slovakia;Prešovský kraj;okres Vranov nad Topľou
Dobrá Niva;1994-01-01;39;D;SK;1994;48,473598;19,1013782;Slovensko;Banskobystrický kraj;okres Zvolen
Dobrá Voda;2018-07-01;37;C;SK;2018;48,5994645;17,5375103;Slovensko;Trnavský kraj;okres Trnava
Dobrá Voda u Hořic;;10;A;CZ;1899;#N/A;#N/A;#N/A;#N/A;#N/A
Dobranov;;3;A;CZ;1899;#N/A;#N/A;#N/A;#N/A;#N/A
Dobré;;11;C;CZ;1899;#N/A;#N/A;#N/A;#N/A;#N/A
Dobroč (Banská Bystrica);1994-01-01;40;D;SK;1994;48,73295;19,70066;Slovakia;Banskobystrický kraj;okres Brezno
Dobroč (Lučenec);;40;C;SK;1899;48,4753289;19,566736;Slovensko;Banskobystrický kraj;okres Lučenec
Dobročská Lehota;;40;C;SK;1899;48,4842616;19,5794835;Slovensko;Banskobystrický kraj;okres Lučenec
Dobrohošť;1994-01-01;47;C;SK;1994;47,983335;17,3666631;Slovensko;Trnavský kraj;okres Dunajská Streda
Dobroměřice;;7;B;CZ;1899;#N/A;#N/A;#N/A;#N/A;#N/A
Dobromilice;;22;D;CZ;1899;#N/A;#N/A;#N/A;#N/A;#N/A
Dobronín;;20;D;CZ;1899;#N/A;#N/A;#N/A;#N/A;#N/A
Dobrošov;;11;A;CZ;1899;#N/A;#N/A;#N/A;#N/A;#N/A
Dobrotice;;23;C;CZ;1899;#N/A;#N/A;#N/A;#N/A;#N/A
Dobroutov;;20;D;CZ;1899;#N/A;#N/A;#N/A;#N/A;#N/A
Dobrovice;;9;B;CZ;1899;#N/A;#N/A;#N/A;#N/A;#N/A
Dobruška;2022-04-14;11;C;CZ;2022;#N/A;#N/A;#N/A;#N/A;#N/A
Dobřany;1995-07-31;17;A;CZ;1995;#N/A;#N/A;#N/A;#N/A;#N/A
Dobřejovice;;8;D;CZ;1899;#N/A;#N/A;#N/A;#N/A;#N/A
Dobříč;;7;C;CZ;1899;#N/A;#N/A;#N/A;#N/A;#N/A
Dobřichovice;1995-07-29;8;C;CZ;1995;#N/A;#N/A;#N/A;#N/A;#N/A
Dobříkov;1994-01-01;11;C;CZ;1994;#N/A;#N/A;#N/A;#N/A;#N/A
Dobříň;;8;B;CZ;1899;#N/A;#N/A;#N/A;#N/A;#N/A
Dobříš;;18;A;CZ;1899;#N/A;#N/A;#N/A;#N/A;#N/A
Dobřív;;17;B;CZ;1899;#N/A;#N/A;#N/A;#N/A;#N/A
Dobšice;;35;A;CZ;1899;#N/A;#N/A;#N/A;#N/A;#N/A
Dobšiná;1994-01-01;41;B;SK;1994;48,8211362;20,3649119;Slovensko;Košický kraj;okres Rožňava
Dohňany;1994-01-01;24;C;SK;1994;49,1468651;18,2882731;Slovensko;Trenčiansky kraj;okres Púchov
Dojč;2018-07-01;36;D;SK;2018;48,6771217;17,254151;Slovensko;Trnavský kraj;okres Senica
Doksany;1994-01-01;8;A;CZ;1994;#N/A;#N/A;#N/A;#N/A;#N/A
Doksy (Česká Lípa);;9;A;CZ;1899;#N/A;#N/A;#N/A;#N/A;#N/A
Doksy (Kladno);;8;C;CZ;1899;#N/A;#N/A;#N/A;#N/A;#N/A
Dolany (Klatovy);;16;D;CZ;1899;#N/A;#N/A;#N/A;#N/A;#N/A
Dolany (Olomouc);1994-01-01;22;B;CZ;1994;#N/A;#N/A;#N/A;#N/A;#N/A
Dolany (Pardubice);;10;D;CZ;1899;#N/A;#N/A;#N/A;#N/A;#N/A
Dolany (Praha-západ);;8;D;CZ;1899;#N/A;#N/A;#N/A;#N/A;#N/A
Doľany;2002-02-02;37;C;SK;2002;49,0121689;20,65493;Slovensko;Prešovský kraj;okres Levoča
Dolce;;17;A;CZ;1899;#N/A;#N/A;#N/A;#N/A;#N/A
Dolín;;8;C;CZ;1899;#N/A;#N/A;#N/A;#N/A;#N/A
Dolná Breznica;1994-01-01;38;A;SK;1994;49,0811413;18,2609899;Slovensko;Trenčiansky kraj;okres Púchov
Dolná Krupá;2005-01-16;37;C;SK;2005;48,482782;17,5513543;Slovensko;Trnavský kraj;okres Trnava
Dolná Lehota;1994-01-01;40;A;SK;1994;48,8373755;19,5085214;Slovensko;Banskobystrický kraj;okres Brezno
Dolná Mariková;2023-05-06;24;D;SK;2023;49,2057134;18,3578363;Slovensko;Trenčiansky kraj;okres Považská Bystrica
Dolná Poruba;2023-07-09;38;A;SK;2023;48,9117274;18,296795;Slovensko;Trenčiansky kraj;okres Trenčín
Dolná Seč;1994-01-01;48;B;SK;1994;48,17647;18,5628949;Slovensko;Nitriansky kraj;okres Levice
Dolná Strehová;;50;A;SK;1899;48,2491837;19,4898149;Slovensko;Banskobystrický kraj;okres Veľký Krtíš
Dolná Súča;2026-08-22;38;A;SK;2026;48,9579902;18,0330936;Slovensko;Trenčiansky kraj;okres Trenčín
Dolná Štubňa;1996-08-28;39;A;SK;1996;48,8486354;18,8618533;Slovensko;Žilinský kraj;okres Turčianske Teplice
Dolná Tižina;1995-07-28;25;C;SK;1995;49,2177857;18,9142933;Slovensko;Žilinský kraj;okres Žilina
Dolná Ždaňa;1997-09-06;39;C;SK;1997;48,5472754;18,7619335;Slovensko;Banskobystrický kraj;okres Žiar nad Hronom
Dolné Breziny;1994-01-01;39;D;SK;1994;48,5165901;19,0828657;Slovensko;Banskobystrický kraj;okres Zvolen
Dolné Držkovce;2018-07-01;38;C;SK;2018;48,7333174;18,1805753;Slovensko;Trenčiansky kraj;okres Bánovce nad Bebravou
Dolné Hámre;1994-01-01;39;C;SK;1994;48,4615038;18,7439119;Slovensko;Banskobystrický kraj;okres Žarnovica
Dolné Kočkovce;1994-01-01;38;A;SK;1994;49,0934957;18,3244259;Slovensko;Trenčiansky kraj;okres Púchov
Dolné Krškany;1994-01-01;48;A;SK;1994;48,2711543;18,0968857;Slovensko;Nitriansky kraj;okres Nitra
Dolné Lefantovce;2018-07-01;38;C;SK;2018;48,4238791;18,1229693;Slovensko;Nitriansky kraj;okres Nitra
Dolné Naštice;2018-07-01;38;C;SK;2018;48,6929658;18,2498537;Slovensko;Trenčiansky kraj;okres Bánovce nad Bebravou
Dolné Obdokovce;;48;A;SK;1899;48,3121309;18,2091918;Slovensko;Nitriansky kraj;okres Nitra
Dolné Orešany;2002-02-02;37;C;SK;2002;48,4378976;17,4278497;Slovensko;Trnavský kraj;okres Trnava
Dolné Plachtince;2002-09-28;50;A;SK;2002;48,2019668;19,3101558;Slovensko;Banskobystrický kraj;okres Veľký Krtíš
Dolné Rykynčice;1994-01-01;49;A;SK;1994;48,1990413;18,9701395;Slovensko;Banskobystrický kraj;okres Krupina
Dolné Saliby;2019-06-09;47;B;SK;2019;48,1084391;17,7802971;Slovensko;Trnavský kraj;okres Galanta
Dolné Semerovce;1994-01-01;49;A;SK;1994;48,1124858;18,8517265;Slovensko;Nitriansky kraj;okres Levice
Dolné Srnie;2026-08-23;37;B;SK;2026;48,8002896;17,8195414;Slovensko;Trenčiansky kraj;okres Nové Mesto nad Váhom
Dolné Strháre;2018-07-01;50;A;SK;2018;48,2476575;19,3915081;Slovensko;Banskobystrický kraj;okres Veľký Krtíš
Dolné Štitáre;2018-07-01;48;A;SK;2018;48,3495611;18,1599477;Slovensko;Nitriansky kraj;okres Nitra
Dolné Trhovište;2018-07-01;37;D;SK;2018;48,4416162;17,891697;Slovensko;Trnavský kraj;okres Hlohovec
Dolné Turovce;1994-01-01;49;A;SK;1994;48,1008707;18,9443609;Slovensko;Nitriansky kraj;okres Levice
Dolné Vestenice;1994-01-01;38;D;SK;1994;48,7026483;18,3995524;Slovensko;Trenčiansky kraj;okres Prievidza
Dolní Adršpach;2022-04-14;11;A;CZ;2022;#N/A;#N/A;#N/A;#N/A;#N/A
Dolní Bečva;1994-01-01;24;C;CZ;1994;#N/A;#N/A;#N/A;#N/A;#N/A
Dolní Bělá;;7;C;CZ;1899;#N/A;#N/A;#N/A;#N/A;#N/A
Dolní Benešov;2018-07-01;14;C;CZ;2018;#N/A;#N/A;#N/A;#N/A;#N/A
Dolní Beřkovice;;8;B;CZ;1899;#N/A;#N/A;#N/A;#N/A;#N/A
Dolní Bludovice;;24;B;CZ;1899;#N/A;#N/A;#N/A;#N/A;#N/A
Dolní Bojanovice;;36;B;CZ;1899;#N/A;#N/A;#N/A;#N/A;#N/A
Dolní Boříkovice;;12;C;CZ;1899;#N/A;#N/A;#N/A;#N/A;#N/A
Dolní Bousov;;9;B;CZ;1899;#N/A;#N/A;#N/A;#N/A;#N/A
Dolní Branná;;10;A;CZ;1899;#N/A;#N/A;#N/A;#N/A;#N/A
Dolní Břežany;;8;D;CZ;1899;#N/A;#N/A;#N/A;#N/A;#N/A
Dolní Bučice;;10;C;CZ;1899;#N/A;#N/A;#N/A;#N/A;#N/A
Dolní Bukovsko;;18;D;CZ;1899;#N/A;#N/A;#N/A;#N/A;#N/A
Dolní Cerekev;;20;C;CZ;1899;#N/A;#N/A;#N/A;#N/A;#N/A
Dolní Čermná;;11;D;CZ;1899;#N/A;#N/A;#N/A;#N/A;#N/A
Dolní Dobrouč;;11;D;CZ;1899;#N/A;#N/A;#N/A;#N/A;#N/A
Dolní Domaslavice;;24;B;CZ;1899;#N/A;#N/A;#N/A;#N/A;#N/A
Dolní Dunajovice;;35;B;CZ;1899;#N/A;#N/A;#N/A;#N/A;#N/A
Dolní Dvořiště;;32;D;CZ;1899;#N/A;#N/A;#N/A;#N/A;#N/A
Dolní Habartice;;2;B;CZ;1899;#N/A;#N/A;#N/A;#N/A;#N/A
Dolní Heřmanice;;21;C;CZ;1899;#N/A;#N/A;#N/A;#N/A;#N/A
Dolní Hořice;;19;C;CZ;1899;#N/A;#N/A;#N/A;#N/A;#N/A
Dolní Chabry;;8;D;CZ;1899;#N/A;#N/A;#N/A;#N/A;#N/A
Dolní Jamné;;6;D;CZ;1899;#N/A;#N/A;#N/A;#N/A;#N/A
Dolní Jiřetín;;7;B;CZ;1899;#N/A;#N/A;#N/A;#N/A;#N/A
Dolní Kalná;;10;B;CZ;1899;#N/A;#N/A;#N/A;#N/A;#N/A
Dolní Kounice;;35;B;CZ;1899;#N/A;#N/A;#N/A;#N/A;#N/A
Dolní Kralovice;;19;B;CZ;1899;#N/A;#N/A;#N/A;#N/A;#N/A
Dolní Krupá (Havlíčkův Brod);;20;A;CZ;1899;#N/A;#N/A;#N/A;#N/A;#N/A
Dolní Krupá (Mladá Boleslav);;9;A;CZ;1899;#N/A;#N/A;#N/A;#N/A;#N/A
Dolní Lánov;;10;B;CZ;1899;#N/A;#N/A;#N/A;#N/A;#N/A
Dolní Lhota;2003-10-04;24;A;CZ;2003;#N/A;#N/A;#N/A;#N/A;#N/A
Dolní Libchava;;2;B;CZ;1899;#N/A;#N/A;#N/A;#N/A;#N/A
Dolní Libchavy;2022-04-14;11;D;CZ;2022;#N/A;#N/A;#N/A;#N/A;#N/A
Dolní Libina;;22;B;CZ;1899;#N/A;#N/A;#N/A;#N/A;#N/A
Dolní Lomná;;25;A;CZ;1899;#N/A;#N/A;#N/A;#N/A;#N/A
Dolní Loučky;;21;D;CZ;1899;#N/A;#N/A;#N/A;#N/A;#N/A
Dolní Lukavice;;17;A;CZ;1899;#N/A;#N/A;#N/A;#N/A;#N/A
Dolní Lutyně;;24;B;CZ;1899;#N/A;#N/A;#N/A;#N/A;#N/A
Dolní Morklovice;;24;B;CZ;1899;#N/A;#N/A;#N/A;#N/A;#N/A
Dolní Měcholupy;;8;D;CZ;1899;#N/A;#N/A;#N/A;#N/A;#N/A
Dolní Město;;20;A;CZ;1899;#N/A;#N/A;#N/A;#N/A;#N/A
Dolní Morava;;12;C;CZ;1899;#N/A;#N/A;#N/A;#N/A;#N/A
Dolní Moravice;;12;D;CZ;1899;#N/A;#N/A;#N/A;#N/A;#N/A
Dolní Němčí;;37;A;CZ;1899;#N/A;#N/A;#N/A;#N/A;#N/A
Dolní Nivy;;6;A;CZ;1899;#N/A;#N/A;#N/A;#N/A;#N/A
Dolní Novosedly;;18;C;CZ;1899;#N/A;#N/A;#N/A;#N/A;#N/A
Dolní Olešnice;;10;B;CZ;1899;#N/A;#N/A;#N/A;#N/A;#N/A
Dolní Podluží;;3;A;CZ;1899;#N/A;#N/A;#N/A;#N/A;#N/A
Dolní Poustevna;;2;B;CZ;1899;#N/A;#N/A;#N/A;#N/A;#N/A
Dolní Přím;;10;D;CZ;1899;#N/A;#N/A;#N/A;#N/A;#N/A
Dolní Radechová;2022-04-14;11;A;CZ;2022;#N/A;#N/A;#N/A;#N/A;#N/A
Dolní Rodouň;;19;D;CZ;1899;#N/A;#N/A;#N/A;#N/A;#N/A
Dolní Roveň;;10;D;CZ;1899;#N/A;#N/A;#N/A;#N/A;#N/A
Dolní Rožínka;;21;C;CZ;1899;#N/A;#N/A;#N/A;#N/A;#N/A
Dolní Rasnice;;3;B;CZ;1899;#N/A;#N/A;#N/A;#N/A;#N/A
Doiní Ředice;;10;D;CZ;1899;#N/A;#N/A;#N/A;#N/A;#N/A
Dolní Slivno;;9;A;CZ;1899;#N/A;#N/A;#N/A;#N/A;#N/A
Dolní Sloupnice;;11;C;CZ;1899;#N/A;#N/A;#N/A;#N/A;#N/A
Dolní Studénky;;12;C;CZ;1899;#N/A;#N/A;#N/A;#N/A;#N/A
Dolní Suchá;;24;B;CZ;1899;#N/A;#N/A;#N/A;#N/A;#N/A
Dolní Štěpanice;;10;A;CZ;1899;#N/A;#N/A;#N/A;#N/A;#N/A
Dolní Třanovice;;24;B;CZ;1899;#N/A;#N/A;#N/A;#N/A;#N/A
Dolní Újezd (Přerov);1994-01-01;23;A;CZ;1994;#N/A;#N/A;#N/A;#N/A;#N/A
Dolní Újezd (Svitavy);;21;A;CZ;1899;#N/A;#N/A;#N/A;#N/A;#N/A
Dolní Věstonice;;35;B;CZ;1899;#N/A;#N/A;#N/A;#N/A;#N/A
Dolní Vilémovice;;20;D;CZ;1899;#N/A;#N/A;#N/A;#N/A;#N/A
Dolní Vltavice;;32;C;CZ;1899;#N/A;#N/A;#N/A;#N/A;#N/A
Dolní Zálezly;;8;A;CZ;1899;#N/A;#N/A;#N/A;#N/A;#N/A
Dolní Žandov;;5;D;CZ;1899;#N/A;#N/A;#N/A;#N/A;#N/A
Dolní Životice;;23;B;CZ;1899;#N/A;#N/A;#N/A;#N/A;#N/A
Dolní Žukov;;24;B;CZ;1899;#N/A;#N/A;#N/A;#N/A;#N/A
Dolný Badín;;49;B;SK;1899;48,2669115;19,0657403;Slovensko;Banskobystrický kraj;okres Krupina
Dolný Bar;1994-01-01;47;D;SK;1994;47,9665158;17,6858624;Slovensko;Trnavský kraj;okres Dunajská Streda
Dolný Harmanec;1994-01-01;39;B;SK;1994;48,8112242;19,0515462;Slovensko;Banskobystrický kraj;okres Banská Bystrica
Dolný Hričov;1994-01-01;24;D;SK;1994;49,2319269;18,6323261;Slovensko;Žilinský kraj;okres Žilina
Dolný Kubín;1994-01-01;25;D;SK;1994;49,2145239;19,2953168;Slovensko;Žilinský kraj;okres Dolný Kubín
Dolný Lopašov;2018-07-01;37;C;SK;2018;48,5738773;17,6464025;Slovensko;Trnavský kraj;okres Piešťany
Dolný Moštenec;2023-05-06;38;B;SK;2023;49,0872316;18,4427346;Slovensko;Trenčiansky kraj;okres Považská Bystrica
Dolný Ohaj;2024-08-04;48;A;SK;2024;48,0834093;18,2517705;Slovensko;Nitriansky kraj;okres Nové Zámky
Dolný Peter;1994-01-01;48;C;SK;1994;47,8463849;18,2632293;Slovensko;Nitriansky kraj;okres Komárno
Dolný Pial;1994-01-01;48;B;SK;1994;48,1325832;18,4593133;Slovensko;Nitriansky kraj;okres Levice
Dolný Tisovník;1994-01-01;40;C;SK;1994;48,3904724;19,3782158;Slovensko;Banskobystrický kraj;okres Detva
Dolný Turček;1994-01-01;39;A;SK;1994;48,7669508;18,9012562;Slovensko;Žilinský kraj;okres Turčianske Teplice
Doloplazy;;23;A;CZ;1899;#N/A;#N/A;#N/A;#N/A;#N/A
Doly;;21;A;CZ;1899;#N/A;#N/A;#N/A;#N/A;#N/A
Domadice;1994-01-01;49;A;SK;1994;48,176524;18,7806055;Slovensko;Nitriansky kraj;okres Levice
Domamil;;34;B;CZ;1899;#N/A;#N/A;#N/A;#N/A;#N/A
Domamyslice;;22;D;CZ;1899;#N/A;#N/A;#N/A;#N/A;#N/A
Domamyšl;;19;C;CZ;1899;#N/A;#N/A;#N/A;#N/A;#N/A
Domaníky;1994-01-01;49;B;SK;1994;48,2638545;18,9907479;Slovensko;Banskobystrický kraj;okres Krupina
Domanín (Hodonín);;36;B;CZ;1899;#N/A;#N/A;#N/A;#N/A;#N/A
Domanín (Jindřichův Hradec);;33;A;CZ;1899;#N/A;#N/A;#N/A;#N/A;#N/A
Domaniža;1994-01-01;38;B;SK;1994;49,0450147;18,5523078;Slovensko;Trenčiansky kraj;okres Považská Bystrica
Domanovce;;41;B;SK;1899;48,9634291;20,6605295;Slovensko;Prešovský kraj;okres Levoča
Domašín;;19;A;CZ;1899;#N/A;#N/A;#N/A;#N/A;#N/A
Domašov (Brno-venkov);;21;D;CZ;1899;#N/A;#N/A;#N/A;#N/A;#N/A
Domašov (Šumperk);2022-04-15;12;D;CZ;2022;#N/A;#N/A;#N/A;#N/A;#N/A
Domašov nad Bystřicí;;23;A;CZ;1899;#N/A;#N/A;#N/A;#N/A;#N/A
Domažlice;;16;C;CZ;1899;#N/A;#N/A;#N/A;#N/A;#N/A
Domousnice;;9;B;CZ;1899;#N/A;#N/A;#N/A;#N/A;#N/A
Domoušice;;7;D;CZ;1899;#N/A;#N/A;#N/A;#N/A;#N/A
Donovaly;1994-01-01;39;B;SK;1994;48,8780872;19,2242108;Slovensko;Banskobystrický kraj;okres Banská Bystrica
Doubí (Karlovy Vary);;6;C;CZ;1899;#N/A;#N/A;#N/A;#N/A;#N/A
Doubí (Liberec);;3;B;CZ;1899;#N/A;#N/A;#N/A;#N/A;#N/A
Doubrava;;24;B;CZ;1899;#N/A;#N/A;#N/A;#N/A;#N/A
Doubravice;;10;B;CZ;1899;#N/A;#N/A;#N/A;#N/A;#N/A
Doubravice nod Svitavou;;2;D;CZ;1899;#N/A;#N/A;#N/A;#N/A;#N/A
Doubravník;;21;D;CZ;1899;#N/A;#N/A;#N/A;#N/A;#N/A
Doudleby;;32;B;CZ;1899;#N/A;#N/A;#N/A;#N/A;#N/A
Doudleby nad Orlicí;;11;C;CZ;1899;#N/A;#N/A;#N/A;#N/A;#N/A
Dovalovo;1994-01-01;40;B;SK;1994;49,0505124;19,7592696;Slovensko;Žilinský kraj;okres Liptovský Mikuláš
Dožice;;17;B;CZ;1899;#N/A;#N/A;#N/A;#N/A;#N/A
Drábsko;;40;D;SK;1899;48,6501975;19,6531301;Slovensko;Banskobystrický kraj;okres Brezno
Drahanovice;;22;B;CZ;1899;#N/A;#N/A;#N/A;#N/A;#N/A
Drahany;;22;C;CZ;1899;#N/A;#N/A;#N/A;#N/A;#N/A
Drahenice;;17;B;CZ;1899;#N/A;#N/A;#N/A;#N/A;#N/A
Drahlín;;18;A;CZ;1899;#N/A;#N/A;#N/A;#N/A;#N/A
Drahňov;;43;D;SK;1899;48,5922357;21,9683622;Slovensko;Košický kraj;okres Michalovce
Drahonice;;18;C;CZ;1899;#N/A;#N/A;#N/A;#N/A;#N/A
Drahonín;;21;C;CZ;1899;#N/A;#N/A;#N/A;#N/A;#N/A
Drahoňův Újezd;;7;D;CZ;1899;#N/A;#N/A;#N/A;#N/A;#N/A
Drahotuše;1994-01-01;23;B;CZ;1994;#N/A;#N/A;#N/A;#N/A;#N/A
Drahovce;1994-01-01;37;D;SK;1994;48,5159067;17,8008579;Slovensko;Trnavský kraj;okres Piešťany
Drachkov;;18;B;CZ;1899;#N/A;#N/A;#N/A;#N/A;#N/A
Dráchov;;19;C;CZ;1899;#N/A;#N/A;#N/A;#N/A;#N/A
Drásov;;21;D;CZ;1899;#N/A;#N/A;#N/A;#N/A;#N/A
Draženov;;16;A;CZ;1899;#N/A;#N/A;#N/A;#N/A;#N/A
Dražice;1994-01-01;18;D;CZ;1994;#N/A;#N/A;#N/A;#N/A;#N/A
Drážíč;;18;D;CZ;1899;#N/A;#N/A;#N/A;#N/A;#N/A
Dražkovce;1994-01-01;39;A;SK;1994;49,0501463;18,9569671;Slovensko;Žilinský kraj;okres Martin
Dražkovce;;39;A;SK;1899;49,05096;18,95693;Slovakia;Žilinský kraj;okres Martin
Dražovce;;48;A;SK;1899;48,2525002;18,907697;Slovensko;Banskobystrický kraj;okres Krupina
Dražovice;;22;C;CZ;1899;#N/A;#N/A;#N/A;#N/A;#N/A
Drevníky;;18;A;CZ;1899;#N/A;#N/A;#N/A;#N/A;#N/A
Drhovice;1994-01-01;18;D;CZ;1994;#N/A;#N/A;#N/A;#N/A;#N/A
Driečna;2020-06-19;29;D;SK;2020;48,9165484;19,9476129;Slovensko;Žilinský kraj;okres Liptovský Mikuláš
Drienica;2020-08-09;28;D;SK;2020;49,1296936;21,1095429;Slovensko;Prešovský kraj;okres Sabinov
Drienov;1994-01-01;42;B;SK;1994;48,8741681;21,2701886;Slovensko;Prešovský kraj;okres Prešov
Drienovec;1994-01-01;42;C;SK;1994;48,6097226;20,9497666;Slovensko;Košický kraj;okres Košice - okolie
Drienovo;;49;B;SK;1899;48,2295051;19,06398;Slovensko;Banskobystrický kraj;okres Krupina
Drienovská Nová Ves;;42;B;SK;1899;48,8996417;21,2424415;Slovensko;Prešovský kraj;okres Prešov
Drietoma;1998-08-01;37;B;SK;1998;48,8944123;17,9563471;Slovensko;Trenčiansky kraj;okres Trenčín
Drmoul;;6;C;CZ;1899;#N/A;#N/A;#N/A;#N/A;#N/A
Drnava;2019-08-16;42;C;SK;2019;48,641304;20,6584509;Slovensko;Košický kraj;okres Rožňava
Drnholec;2004-05-23;35;B;CZ;2004;#N/A;#N/A;#N/A;#N/A;#N/A
Drnovice (Blansko);;21;D;CZ;1899;#N/A;#N/A;#N/A;#N/A;#N/A
Drnovice (Vyškov);2019-09-05;22;C;CZ;2019;#N/A;#N/A;#N/A;#N/A;#N/A
Drozdov;;17;B;CZ;1899;#N/A;#N/A;#N/A;#N/A;#N/A
Droždín;;22;B;CZ;1899;#N/A;#N/A;#N/A;#N/A;#N/A
Družec;;8;C;CZ;1899;#N/A;#N/A;#N/A;#N/A;#N/A
Družstevná pri Hornáde;;42;B;SK;1899;48,8019716;21,2493026;Slovensko;Košický kraj;okres Košice - okolie
Drysice;;22;D;CZ;1899;#N/A;#N/A;#N/A;#N/A;#N/A
Drženice;1994-01-01;49;A;SK;1994;48,2868907;18,6975626;Slovensko;Nitriansky kraj;okres Levice
Držkov;;4;A;CZ;1899;#N/A;#N/A;#N/A;#N/A;#N/A
Držková;;23;D;CZ;1899;#N/A;#N/A;#N/A;#N/A;#N/A
Držkovce;2018-07-01;41;C;SK;2018;48,5424669;20,2367994;Slovensko;Banskobystrický kraj;okres Revúca
Držovice;;22;D;CZ;1899;#N/A;#N/A;#N/A;#N/A;#N/A
Dřenice;;10;D;CZ;1899;#N/A;#N/A;#N/A;#N/A;#N/A
Dřevčice;;9;C;CZ;1899;#N/A;#N/A;#N/A;#N/A;#N/A
Dřevec;;7;C;CZ;1899;#N/A;#N/A;#N/A;#N/A;#N/A
Dřeveš;;20;B;CZ;1899;#N/A;#N/A;#N/A;#N/A;#N/A
Dřevohostice;;23;C;CZ;1899;#N/A;#N/A;#N/A;#N/A;#N/A
Dřínov (Mělník);;8;B;CZ;1899;#N/A;#N/A;#N/A;#N/A;#N/A
Dřínov (Most);;7;A;CZ;1899;#N/A;#N/A;#N/A;#N/A;#N/A
Dřísy;;9;C;CZ;1899;#N/A;#N/A;#N/A;#N/A;#N/A
Dříteč;;10;D;CZ;1899;#N/A;#N/A;#N/A;#N/A;#N/A
Dříteň;;18;D;CZ;1899;#N/A;#N/A;#N/A;#N/A;#N/A
Dub;;23;B;CZ;1899;#N/A;#N/A;#N/A;#N/A;#N/A
Dub nad Moravou;;22;D;CZ;1899;#N/A;#N/A;#N/A;#N/A;#N/A
Dubá;1997-05-30;8;B;CZ;1997;#N/A;#N/A;#N/A;#N/A;#N/A
Ďubákovo;2019-06-22;40;D;SK;2019;48,5615224;19,7362566;Slovensko;Banskobystrický kraj;okres Poltár
Dubeč;;8;D;CZ;1899;#N/A;#N/A;#N/A;#N/A;#N/A
Dubenec (Příbram);;18;A;CZ;1899;#N/A;#N/A;#N/A;#N/A;#N/A
Dubenec (Trutnov);;10;B;CZ;1899;#N/A;#N/A;#N/A;#N/A;#N/A
Dubí (Havlíčkův Brod);;20;A;CZ;1899;#N/A;#N/A;#N/A;#N/A;#N/A
Dubí (Teplice);1994-01-01;1;B;CZ;1994;#N/A;#N/A;#N/A;#N/A;#N/A
Dubice;;8;A;CZ;1899;#N/A;#N/A;#N/A;#N/A;#N/A
Dubicko;;22;A;CZ;1899;#N/A;#N/A;#N/A;#N/A;#N/A
Dubinné;2020-06-20;29;C;SK;2020;49,2477761;21,4340766;Slovensko;Prešovský kraj;okres Bardejov
Dublovice;;18;B;CZ;1899;#N/A;#N/A;#N/A;#N/A;#N/A
Dubňany;;36;B;CZ;1899;#N/A;#N/A;#N/A;#N/A;#N/A
Dubné;;32;B;CZ;1899;#N/A;#N/A;#N/A;#N/A;#N/A
Dubnica nad Váhom;1994-01-01;38;A;SK;1994;48,9574049;18,1662967;Slovensko;Trenčiansky kraj;okres Ilava
Dubnice;;3;A;CZ;1899;#N/A;#N/A;#N/A;#N/A;#N/A
Dubník;1994-01-01;48;D;SK;1994;47,9585854;18,4132259;Slovensko;Nitriansky kraj;okres Nové Zámky
Dubno;;18;A;CZ;1899;#N/A;#N/A;#N/A;#N/A;#N/A
Dubodiel;2018-07-01;38;C;SK;2018;48,763104;18,105757;Slovensko;Trenčiansky kraj;okres Trenčín
Dubová;2002-02-02;47;A;SK;2002;49,3615699;21,4354492;Slovensko;Prešovský kraj;okres Svidník
Dubovce;2020-08-22;36;B;SK;2020;48,7731078;17,2467708;Slovensko;Trnavský kraj;okres Skalica
Dubové (Martin);1994-01-01;39;A;SK;1994;48,85753;18,79391;Slovakia;Žilinský kraj;okres Turčianske Teplice
Dubové (Zvolen);1994-01-01;39;D;SK;1994;48,5050762;19,0464755;Slovensko;Banskobystrický kraj;okres Zvolen
Dubovec;;51;A;SK;1899;48,294341;20,1583115;Slovensko;Banskobystrický kraj;okres Rimavská Sobota
Dubovica;2020-08-09;28;C;SK;2020;49,1367506;20,9535901;Slovensko;Prešovský kraj;okres Sabinov
Dúbrava (Liptovský  Mikuláš);1994-01-01;40;A;SK;1994;49,03906;19,49532;Slovakia;Žilinský kraj;okres Liptovský Mikuláš
Dúbrava (Spišiká Nová Ves);;42;A;SK;1899;48,98485;20,84711;Slovakia;Prešovský kraj;okres Levoča
Dúbravy;2018-07-01;40;C;SK;2018;48,5873872;19,3684932;Slovensko;Banskobystrický kraj;okres Detva
Dudince;1994-01-01;49;A;SK;1994;48,1691898;18,8823161;Slovensko;Banskobystrický kraj;okres Krupina
Duchcov;;7;B;CZ;1899;#N/A;#N/A;#N/A;#N/A;#N/A
Dukovany;2021-09-10;35;A;CZ;2021;#N/A;#N/A;#N/A;#N/A;#N/A
Dukovce;2025-06-10;29;C;SK;2025;49,1215276;21,4182046;Slovensko;Prešovský kraj;okres Svidník
Dulovce;1994-01-01;48;C;SK;1994;47,8689146;18,271799;Slovensko;Nitriansky kraj;okres Komárno
Dunajov;1994-01-01;25;C;SK;1994;49,3600391;18,8203332;Slovensko;Žilinský kraj;okres Čadca
Dunajovice;2018-11-01;33;A;CZ;2018;#N/A;#N/A;#N/A;#N/A;#N/A
Dunajská Streda;2000-06-09;47;C;SK;2000;47,9956165;17,6162934;Slovensko;Trnavský kraj;okres Dunajská Streda
Ďurčiná;;38;B;SK;1899;49,0623831;18,6542329;Slovensko;Žilinský kraj;okres Žilina
Ďurkov;2026-05-31;43;A;SK;2026;48,7084957;21,4392976;Slovensko;Košický kraj;okres Košice - okolie
Ďurkovce;;49;B;SK;1899;48,1375368;19,1795551;Slovensko;Banskobystrický kraj;okres Veľký Krtíš
Dušejov;;20;C;CZ;1899;#N/A;#N/A;#N/A;#N/A;#N/A
Dušníky;;8;A;CZ;1899;#N/A;#N/A;#N/A;#N/A;#N/A
Dúžava;1994-01-01;51;A;SK;1994;48,3510444;19,9910434;Slovensko;Banskobystrický kraj;okres Rimavská Sobota
Dvorany nad Nitrou;;38;C;SK;1899;48,489267;18,1133502;Slovensko;Nitriansky kraj;okres Topoľčany
Dvorce;;23;A;CZ;1899;#N/A;#N/A;#N/A;#N/A;#N/A
Dvorec;;17;A;CZ;1899;#N/A;#N/A;#N/A;#N/A;#N/A
Dvorianky;;43;B;SK;1899;48,7308374;21,7069421;Slovensko;Košický kraj;okres Trebišov
Dvorníky (Trnava);2023-06-29;47;B;SK;2023;48,354814;17,79374;Slovensko;Trnavský kraj;okres Hlohovec
Dvorníky (Zvolen);1994-01-01;49;A;SK;1994;48,19979;18,92702;Slovakia;Banskobystrický kraj;okres Krupina
Dvorníky na Ostrove;2003-05-04;47;A;SK;2003;48,0013394;17,6750942;Slovensko;Trnavský kraj;okres Dunajská Streda
Dvory;;9;D;CZ;1899;#N/A;#N/A;#N/A;#N/A;#N/A
Dvory nad Lužnicí;;33;A;CZ;1899;#N/A;#N/A;#N/A;#N/A;#N/A
Dvory nad Žitavou;1994-01-01;48;C;SK;1994;47,9932457;18,2653609;Slovensko;Nitriansky kraj;okres Nové Zámky
Dvůr Králové nad Labem;;10;B;CZ;1899;#N/A;#N/A;#N/A;#N/A;#N/A
Dyčka;2023-08-19;48;A;SK;2023;48,2350448;18,2887918;Slovensko;Nitriansky kraj;okres Nitra
Dyjákovice;2004-05-23;35;A;CZ;2004;#N/A;#N/A;#N/A;#N/A;#N/A
Dymokury;;9;D;CZ;1899;#N/A;#N/A;#N/A;#N/A;#N/A
Dýšina;1995-07-29;17;A;CZ;1995;#N/A;#N/A;#N/A;#N/A;#N/A
Dzbel;;22;A;CZ;1899;#N/A;#N/A;#N/A;#N/A;#N/A
Ejpovice;1994-01-01;17;A;CZ;1994;#N/A;#N/A;#N/A;#N/A;#N/A
Erpužice;;16;B;CZ;1899;#N/A;#N/A;#N/A;#N/A;#N/A
Fačkov;1994-01-01;38;B;SK;1994;49,0098761;18,5986667;Slovensko;Žilinský kraj;okres Žilina
Falkušovce;;43;D;SK;1899;48,6270539;21,8429867;Slovensko;Košický kraj;okres Michalovce
Farná;1994-01-01;48;B;SK;1994;48,0044985;18,5130806;Slovensko;Nitriansky kraj;okres Levice
Figa;2002-09-28;41;C;SK;2002;48,3972126;20,2519042;Slovensko;Banskobystrický kraj;okres Rimavská Sobota
Fijaš;2020-07-21;29;C;SK;2020;49,1260832;21,5731222;Slovensko;Prešovský kraj;okres Svidník
Fiľakovo;1994-01-01;50;B;SK;1994;48,2701641;19,8222938;Slovensko;Banskobystrický kraj;okres Lučenec
Fintice;2020-06-17;42;B;SK;2020;49,0516578;21,2871622;Slovensko;Prešovský kraj;okres Prešov
Fláje;;1;B;CZ;1899;#N/A;#N/A;#N/A;#N/A;#N/A
Francova Lhota;;24;C;CZ;1899;#N/A;#N/A;#N/A;#N/A;#N/A
Františkovy Lázně;;5;D;CZ;1899;#N/A;#N/A;#N/A;#N/A;#N/A
Frenštát pod Radhoštěm;2003-10-04;24;A;CZ;2003;#N/A;#N/A;#N/A;#N/A;#N/A
Frička;2020-08-08;28;D;SK;2020;49,4007969;21,090945;Slovensko;Prešovský kraj;okres Bardejov
Fričovce;1994-01-01;42;A;SK;1994;49,016435;20,9655448;Slovensko;Prešovský kraj;okres Prešov
Fryčovice;;24;A;CZ;1899;#N/A;#N/A;#N/A;#N/A;#N/A
Frýdek-Místek;1994-01-01;24;B;CZ;1994;#N/A;#N/A;#N/A;#N/A;#N/A
Frýdlant;;3;B;CZ;1899;#N/A;#N/A;#N/A;#N/A;#N/A
Frýdlant nad Ostravicí;;24;B;CZ;1899;#N/A;#N/A;#N/A;#N/A;#N/A
Frýdštejn;;9;B;CZ;1899;#N/A;#N/A;#N/A;#N/A;#N/A
Frymburk;2024-03-30;32;C;CZ;2024;#N/A;#N/A;#N/A;#N/A;#N/A
Fryšava;;21;A;CZ;1899;#N/A;#N/A;#N/A;#N/A;#N/A
Fryšták;;23;D;CZ;1899;#N/A;#N/A;#N/A;#N/A;#N/A
Fulianka;;42;B;SK;1899;49,0652917;21,3306272;Slovensko;Prešovský kraj;okres Prešov
Fulnek;2003-10-03;23;B;CZ;2003;#N/A;#N/A;#N/A;#N/A;#N/A
Gabčíkovo;1996-05-19;47;C;SK;1996;47,8951059;17,5781248;Slovensko;Trnavský kraj;okres Dunajská Streda
Gajary;1998-06-01;36;C;SK;1998;48,4685203;16,9261847;Slovensko;Bratislavský kraj;okres Malacky
Gajer;;21;B;CZ;1899;#N/A;#N/A;#N/A;#N/A;#N/A
Galanta;1994-01-01;47;B;SK;1994;48,1910498;17,7270629;Slovensko;Trnavský kraj;okres Galanta
Gánovce;1994-01-01;41;A;SK;1994;49,0297241;20,3252438;Slovensko;Prešovský kraj;okres Poprad
Gbeľany;1995-07-28;25;C;SK;1995;49,2127399;18,8478998;Slovensko;Žilinský kraj;okres Žilina
Gbelce;1994-01-01;48;D;SK;1994;47,8503723;18,5101905;Slovensko;Nitriansky kraj;okres Nové Zámky
Gbely;2020-08-22;36;D;SK;2020;48,7181947;17,1158164;Slovensko;Trnavský kraj;okres Skalica
Geča;;42;D;SK;1899;48,6269836;21,3087556;Slovensko;Košický kraj;okres Košice - okolie
Gelnica;1994-01-01;42;A;SK;1994;48,8534399;20,93779;Slovensko;Košický kraj;okres Gelnica
Gemer;2019-08-18;41;D;SK;2019;48,4500704;20,3161323;Slovensko;Banskobystrický kraj;okres Revúca
Gemerská Hôrka;2019-08-18;41;D;SK;2019;48,5341543;20,3779379;Slovensko;Košický kraj;okres Rožňava
Gemerská Panica;2019-08-18;41;D;SK;2019;48,4718623;20,3495707;Slovensko;Košický kraj;okres Rožňava
Gemerská Poloma;1994-01-01;41;D;SK;1994;48,7120973;20,4773517;Slovensko;Košický kraj;okres Rožňava
Gemerská Ves;2018-07-01;41;C;SK;2018;48,4792557;20,2738153;Slovensko;Banskobystrický kraj;okres Revúca
Gemerské Dechtáre;;51;A;SK;1899;48,2487181;20,036045;Slovensko;Banskobystrický kraj;okres Rimavská Sobota
Gemerský Jablonec;;51;A;SK;1899;48,1942839;19,9763998;Slovensko;Banskobystrický kraj;okres Rimavská Sobota
Gerlachov (Bardejov);1994-01-01;28;D;SK;1994;49,3207509;21,1096089;Slovensko;Prešovský kraj;okres Bardejov
Gerlachov (Poprad);1994-01-01;41;A;SK;1994;49,0979943;20,2067633;Slovensko;Prešovský kraj;okres Poprad
Giraltovce;1996-07-10;29;C;SK;1996;49,1135267;21,5166587;Slovensko;Prešovský kraj;okres Svidník
Gočaltovo;1994-01-01;41;D;SK;1994;48,6373517;20,3451476;Slovensko;Košický kraj;okres Rožňava
Gočovo;1994-01-01;41;B;SK;1994;48,7588226;20,4172842;Slovensko;Košický kraj;okres Rožňava
Golčův Jeníkov;;20;A;CZ;1899;#N/A;#N/A;#N/A;#N/A;#N/A
Golianovo;2023-08-19;48;A;SK;2023;48,2694736;18,1908176;Slovensko;Nitriansky kraj;okres Nitra
Gondovo;1994-01-01;49;A;SK;1994;48,2877691;18,6558687;Slovensko;Nitriansky kraj;okres Levice
Gortva;2020-05-02;51;A;SK;2020;48,2948203;20,0246653;Slovensko;Banskobystrický kraj;okres Rimavská Sobota
Gottwaldov;;23;D;CZ;1899;#N/A;#N/A;#N/A;#N/A;#N/A
Gregorovce;2020-08-09;42;B;SK;2020;49,0682859;21,2058218;Slovensko;Prešovský kraj;okres Prešov
Grygov;1994-01-01;22;B;CZ;1994;#N/A;#N/A;#N/A;#N/A;#N/A
Habartice (Liberec);;3;B;CZ;1899;#N/A;#N/A;#N/A;#N/A;#N/A
Habartice (Teplice);;2;A;CZ;1899;#N/A;#N/A;#N/A;#N/A;#N/A
Habartov;;5;D;CZ;1899;#N/A;#N/A;#N/A;#N/A;#N/A
Habovka;1994-01-01;26;C;SK;1994;49,2778588;19,6043454;Slovensko;Žilinský kraj;okres Tvrdošín
Habrovany;2019-01-16;22;C;CZ;2019;#N/A;#N/A;#N/A;#N/A;#N/A
Habry;;20;A;CZ;1899;#N/A;#N/A;#N/A;#N/A;#N/A
Habřina;;10;B;CZ;1899;#N/A;#N/A;#N/A;#N/A;#N/A
Habura;2020-06-19;29;D;SK;2020;49,3259632;21,8611358;Slovensko;Prešovský kraj;okres Medzilaborce
Hačava (Košice);1994-01-01;42;C;SK;1994;48,667324;20,8366697;Slovensko;Košický kraj;okres Košice - okolie
Hačava (Rimovská Sobota);1994-01-01;40;D;SK;1994;48,62524;19,95109;Slovakia;Banskobystrický kraj;okres Rimavská Sobota
Háj (Košice);1994-01-01;42;C;SK;1994;48,6283881;20,8545111;Slovensko;Košický kraj;okres Košice - okolie
Háj (Martin);1994-01-01;39;A;SK;1994;48,86379;18,8843;Slovakia;Žilinský kraj;okres Turčianske Teplice
Háj (Opava);2018-07-01;24;A;CZ;2018;#N/A;#N/A;#N/A;#N/A;#N/A
Háj u Duchcova;;7;B;CZ;1899;#N/A;#N/A;#N/A;#N/A;#N/A
Háje;;5;D;CZ;1899;#N/A;#N/A;#N/A;#N/A;#N/A
Háje nad Jizerou;;10;A;CZ;1899;#N/A;#N/A;#N/A;#N/A;#N/A
Hajná Nová Ves;2018-07-01;38;C;SK;2018;48,535465;18,0319726;Slovensko;Nitriansky kraj;okres Topoľčany
Hajnáčka;2020-05-02;50;B;SK;2020;48,2161863;19,9533508;Slovensko;Banskobystrický kraj;okres Rimavská Sobota
Hajnice;;10;B;CZ;1899;#N/A;#N/A;#N/A;#N/A;#N/A
Hájske;2019-09-16;47;B;SK;2019;48,2551817;17,8680208;Slovensko;Nitriansky kraj;okres Šaľa
Haláčovce;2018-07-01;38;C;SK;2018;48,7019715;18,1949829;Slovensko;Trenčiansky kraj;okres Bánovce nad Bebravou
Halámky;2018-11-03;33;A;CZ;2018;#N/A;#N/A;#N/A;#N/A;#N/A
Halenkov;;24;C;CZ;1899;#N/A;#N/A;#N/A;#N/A;#N/A
Halenkovice;;23;C;CZ;1899;#N/A;#N/A;#N/A;#N/A;#N/A
Halič;1994-01-01;50;A;SK;1994;48,3542823;19,5742231;Slovensko;Banskobystrický kraj;okres Lučenec
Halže;;5;D;CZ;1899;#N/A;#N/A;#N/A;#N/A;#N/A
Hamr (Česká Lípa);;3;A;CZ;1899;#N/A;#N/A;#N/A;#N/A;#N/A
Homr (Most);;7;B;CZ;1899;#N/A;#N/A;#N/A;#N/A;#N/A
Hamuliakovo;1996-04-20;46;B;SK;1996;48,0376676;17,2517836;Slovensko;Bratislavský kraj;okres Senec
Handlová;1994-01-01;39;C;SK;1994;48,7314317;18,7626944;Slovensko;Trenčiansky kraj;okres Prievidza
Haniska;1994-01-01;42;D;SK;1994;48,9553217;21,2463996;Slovensko;Prešovský kraj;okres Prešov
Hanov;;6;C;CZ;1899;#N/A;#N/A;#N/A;#N/A;#N/A
Hanušovce nad Topľou;2026-06-02;43;A;SK;2026;49,0268791;21,5022473;Slovensko;Prešovský kraj;okres Vranov nad Topľou
Hanušovice;;12;C;CZ;1899;#N/A;#N/A;#N/A;#N/A;#N/A
Harichovce;;41;B;SK;1899;48,9615532;20,5832356;Slovensko;Košický kraj;okres Spišská Nová Ves
Harmanec;1994-01-01;39;B;SK;1994;48,7951387;19,0783321;Slovensko;Banskobystrický kraj;okres Banská Bystrica
Harrachov;;4;A;CZ;1899;#N/A;#N/A;#N/A;#N/A;#N/A
Hartmanice;1995-08-02;17;C;CZ;1995;#N/A;#N/A;#N/A;#N/A;#N/A
Hartvíkovice;;21;C;CZ;1899;#N/A;#N/A;#N/A;#N/A;#N/A
Harvelka;;25;D;SK;1899;49,345885;19,0973326;Slovensko;Žilinský kraj;okres Čadca
Hať;;14;C;CZ;1899;#N/A;#N/A;#N/A;#N/A;#N/A
Hatín;;33;A;CZ;1899;#N/A;#N/A;#N/A;#N/A;#N/A
Havaj;2020-06-19;29;D;SK;2020;49,2552995;21,7851589;Slovensko;Prešovský kraj;okres Stropkov
Havířov;1994-01-01;24;B;CZ;1994;#N/A;#N/A;#N/A;#N/A;#N/A
Havlíčkova Borová;;20;B;CZ;1899;#N/A;#N/A;#N/A;#N/A;#N/A
Havlíčkův Brod;2005-08-27;20;A;CZ;2005;#N/A;#N/A;#N/A;#N/A;#N/A
Havlovice;;11;A;CZ;1899;#N/A;#N/A;#N/A;#N/A;#N/A
Havraň;;7;B;CZ;1899;#N/A;#N/A;#N/A;#N/A;#N/A
Havraníky;;35;A;CZ;1899;#N/A;#N/A;#N/A;#N/A;#N/A
Havřice;;37;A;CZ;1899;#N/A;#N/A;#N/A;#N/A;#N/A
Hazlov;;5;D;CZ;1899;#N/A;#N/A;#N/A;#N/A;#N/A
Hažín;2026-06-02;44;A;SK;2026;48,9292642;21,9617287;Slovensko;Prešovský kraj;okres Humenné
Hažlín;2020-06-20;29;C;SK;2020;49,3028201;21,4211327;Slovensko;Prešovský kraj;okres Bardejov
Hejnice;;3;B;CZ;1899;#N/A;#N/A;#N/A;#N/A;#N/A
Hejtmánkovice;;11;A;CZ;1899;#N/A;#N/A;#N/A;#N/A;#N/A
Helcmanovce;1994-01-01;42;A;SK;1994;48,8295639;20,8706048;Slovensko;Košický kraj;okres Gelnica
Heľpa;1994-01-01;40;B;SK;1994;48,8630676;19,9710851;Slovensko;Banskobystrický kraj;okres Brezno
Henclová;;41;B;SK;1899;48,7859746;20,5976854;Slovensko;Košický kraj;okres Gelnica
Hencovce;;43;B;SK;1899;48,8730129;21,7306581;Slovensko;Prešovský kraj;okres Vranov nad Topľou
Herálec (Havlíčkůrv Brod);;20;A;CZ;1899;#N/A;#N/A;#N/A;#N/A;#N/A
Herálec (Žďár nad Sázavou);;21;A;CZ;1899;#N/A;#N/A;#N/A;#N/A;#N/A
Heraltice;;20;D;CZ;1899;#N/A;#N/A;#N/A;#N/A;#N/A
Herľany;2020-07-29;43;A;SK;2020;48,799056;21,4774836;Slovensko;Košický kraj;okres Košice - okolie
Hermanovce;2020-08-10;42;B;SK;2020;49,0472044;21,0166888;Slovensko;Prešovský kraj;okres Prešov
Heroltice;;22;D;CZ;1899;#N/A;#N/A;#N/A;#N/A;#N/A
Hertník;2020-06-20;28;D;SK;2020;49,2066503;21,2395756;Slovensko;Prešovský kraj;okres Bardejov
Hervartov;2020-07-19;28;D;SK;2020;49,247478;21,2074511;Slovensko;Prešovský kraj;okres Bardejov
Heřmaneč;;33;B;CZ;1899;#N/A;#N/A;#N/A;#N/A;#N/A
Heřmanice (Česká Lípa);;3;A;CZ;1899;#N/A;#N/A;#N/A;#N/A;#N/A
Heřmanice (Jičín);2005-08-27;10;B;CZ;2005;#N/A;#N/A;#N/A;#N/A;#N/A
Heřmaničky;;18;B;CZ;1899;#N/A;#N/A;#N/A;#N/A;#N/A
Heřmánkovice;;11;B;CZ;1899;#N/A;#N/A;#N/A;#N/A;#N/A
Heřmanov;;2;B;CZ;1899;#N/A;#N/A;#N/A;#N/A;#N/A
Heřmanova Huť;;16;B;CZ;1899;#N/A;#N/A;#N/A;#N/A;#N/A
Heřmanovice;;13;C;CZ;1899;#N/A;#N/A;#N/A;#N/A;#N/A
Heřmanův Městec;;10;D;CZ;1899;#N/A;#N/A;#N/A;#N/A;#N/A
Hevlín;2004-05-23;35;D;CZ;2004;#N/A;#N/A;#N/A;#N/A;#N/A
Hiadeľ;1994-01-01;39;B;SK;1994;48,8076472;19,3157601;Slovensko;Banskobystrický kraj;okres Banská Bystrica
Hladké Životice;1994-01-01;23;B;CZ;1994;#N/A;#N/A;#N/A;#N/A;#N/A
Hladovka;1994-01-01;26;D;SK;1994;49,3705894;19,7599008;Slovensko;Žilinský kraj;okres Tvrdošín
Hlasivo;;19;C;CZ;1899;#N/A;#N/A;#N/A;#N/A;#N/A
Hlavečník;;10;C;CZ;1899;#N/A;#N/A;#N/A;#N/A;#N/A
Hlavnice;;13;D;CZ;1899;#N/A;#N/A;#N/A;#N/A;#N/A
Hlavňovice;;17;C;CZ;1899;#N/A;#N/A;#N/A;#N/A;#N/A
Hlboké;2025-09-28;37;C;SK;2025;48,6597996;17,4088895;Slovensko;Trnavský kraj;okres Senica
Hlboké nad Váhom;;24;D;SK;1899;49,2114691;18,5931972;Slovensko;Žilinský kraj;okres Bytča
Hliník nad Hronom;1994-01-01;39;C;SK;1994;48,5380966;18,785124;Slovensko;Banskobystrický kraj;okres Žiar nad Hronom
Hlinné;;43;A;SK;1899;48,9510051;21,5788503;Slovensko;Prešovský kraj;okres Vranov nad Topľou
Hlinsko;2005-08-27;20;B;CZ;2005;#N/A;#N/A;#N/A;#N/A;#N/A
Hlinsko pod Hostýnem;;23;C;CZ;1899;#N/A;#N/A;#N/A;#N/A;#N/A
Hlohovec (Břeclav);;36;A;CZ;1899;#N/A;#N/A;#N/A;#N/A;#N/A
Hlohovec (Trnava);1998-05-03;37;D;SK;1998;48,4278838;17,798782;Slovensko;Trnavský kraj;okres Hlohovec
Hlohovice;;7;D;CZ;1899;#N/A;#N/A;#N/A;#N/A;#N/A
Hloža;2023-07-09;38;A;SK;2023;49,0517246;18,3078038;Slovensko;Trenčiansky kraj;okres Púchov
Hlubočec;;23;B;CZ;1899;#N/A;#N/A;#N/A;#N/A;#N/A
Hlubočky;;23;A;CZ;1899;#N/A;#N/A;#N/A;#N/A;#N/A
Hluboká (Domažlice);;16;D;CZ;1899;#N/A;#N/A;#N/A;#N/A;#N/A
Hluboká (Jindřichův Hradec);;34;A;CZ;1899;#N/A;#N/A;#N/A;#N/A;#N/A
Hluboká nad Vltavou;1995-08-09;32;C;CZ;1995;#N/A;#N/A;#N/A;#N/A;#N/A
Hluboké Mašůvky;;35;A;CZ;1899;#N/A;#N/A;#N/A;#N/A;#N/A
Hluboš;;18;A;CZ;1899;#N/A;#N/A;#N/A;#N/A;#N/A
Hlučín;2018-07-01;24;A;CZ;2018;#N/A;#N/A;#N/A;#N/A;#N/A
Hluk;;37;A;CZ;1899;#N/A;#N/A;#N/A;#N/A;#N/A
Hlušice;;10;C;CZ;1899;#N/A;#N/A;#N/A;#N/A;#N/A
Hnanice;;34;B;CZ;1899;#N/A;#N/A;#N/A;#N/A;#N/A
Hnátnice;;11;D;CZ;1899;#N/A;#N/A;#N/A;#N/A;#N/A
Hněvice;;8;B;CZ;1899;#N/A;#N/A;#N/A;#N/A;#N/A
Hněvkovice;;19;B;CZ;1899;#N/A;#N/A;#N/A;#N/A;#N/A
Hněvošice;;13;D;CZ;1899;#N/A;#N/A;#N/A;#N/A;#N/A
Hněvotín;;22;B;CZ;1899;#N/A;#N/A;#N/A;#N/A;#N/A
Hniezdne;1994-01-01;27;D;SK;1994;49,3032342;20,6325168;Slovensko;Prešovský kraj;okres Stará Ľubovňa
Hnilčík;1994-01-01;41;B;SK;1994;48,8571549;20,5738559;Slovensko;Košický kraj;okres Spišská Nová Ves
Hnilec;1994-01-01;41;B;SK;1994;48,8225087;20,589956;Slovensko;Košický kraj;
Hnojice;;22;B;CZ;1899;#N/A;#N/A;#N/A;#N/A;#N/A
Hnojnice;;7;B;CZ;1899;#N/A;#N/A;#N/A;#N/A;#N/A
Hnojník;1994-01-01;24;B;CZ;1994;#N/A;#N/A;#N/A;#N/A;#N/A
Hnúšťa;1994-01-01;40;D;SK;1994;48,5785408;19,9534359;Slovensko;Banskobystrický kraj;okres Rimavská Sobota
Hodějice;;36;A;CZ;1899;#N/A;#N/A;#N/A;#N/A;#N/A
Hodejov;2020-05-02;51;A;SK;2020;48,2997163;19,9876033;Slovensko;Banskobystrický kraj;okres Rimavská Sobota
Hodejovec;2020-05-02;51;A;SK;2020;48,2827894;20,0164103;Slovensko;Banskobystrický kraj;okres Rimavská Sobota
Hodice;;20;C;CZ;1899;#N/A;#N/A;#N/A;#N/A;#N/A
Hodkovice nad Mohelkou;;9;B;CZ;1899;#N/A;#N/A;#N/A;#N/A;#N/A
Hodonín;1997-06-03;36;B;CZ;1997;#N/A;#N/A;#N/A;#N/A;#N/A
Hodslavice;2003-10-03;24;A;CZ;2003;#N/A;#N/A;#N/A;#N/A;#N/A
Hojná Voda;;33;A;CZ;1899;#N/A;#N/A;#N/A;#N/A;#N/A
Hojsova Stráž;1995-07-31;16;D;CZ;1995;#N/A;#N/A;#N/A;#N/A;#N/A
Hokovce;1994-01-01;49;A;SK;1994;48,1559276;18,8704993;Slovensko;Nitriansky kraj;okres Levice
Holany;;8;B;CZ;1899;#N/A;#N/A;#N/A;#N/A;#N/A
Holasovice;;13;D;CZ;1899;#N/A;#N/A;#N/A;#N/A;#N/A
Holčovice;;13;C;CZ;1899;#N/A;#N/A;#N/A;#N/A;#N/A
Holedeč;;7;A;CZ;1899;#N/A;#N/A;#N/A;#N/A;#N/A
Holešice;;7;A;CZ;1899;#N/A;#N/A;#N/A;#N/A;#N/A
Holešov;;23;C;CZ;1899;#N/A;#N/A;#N/A;#N/A;#N/A
Holetín;;20;B;CZ;1899;#N/A;#N/A;#N/A;#N/A;#N/A
Holice (Dunaj. Streda);2025-08-02;47;C;SK;2025;47,9916159;17,4809847;Slovensko;Trnavský kraj;okres Dunajská Streda
Holice (Olomouc);;22;B;CZ;1899;#N/A;#N/A;#N/A;#N/A;#N/A
Holice (Pardubice);1994-01-01;11;C;CZ;1994;#N/A;#N/A;#N/A;#N/A;#N/A
Holíč;1997-06-03;36;B;SK;1997;48,8078921;17,162143;Slovensko;Trnavský kraj;okres Skalica
Holínolíč;;36;B;CZ;1899;#N/A;#N/A;#N/A;#N/A;#N/A
Holišalínín;;6;B;CZ;1899;#N/A;#N/A;#N/A;#N/A;#N/A
Holohlavy;2005-08-27;10;B;CZ;2005;#N/A;#N/A;#N/A;#N/A;#N/A
Holostřevy;1994-01-01;16;A;CZ;1994;#N/A;#N/A;#N/A;#N/A;#N/A
Holoubkov;1994-01-01;17;B;CZ;1994;#N/A;#N/A;#N/A;#N/A;#N/A
Holovousy;;10;A;CZ;1899;#N/A;#N/A;#N/A;#N/A;#N/A
Holštejn;;22;C;CZ;1899;#N/A;#N/A;#N/A;#N/A;#N/A
Holubeč;;16;A;CZ;1899;#N/A;#N/A;#N/A;#N/A;#N/A
Holubice;;22;C;CZ;1899;#N/A;#N/A;#N/A;#N/A;#N/A
Holubov;1995-08-09;32;A;CZ;1995;#N/A;#N/A;#N/A;#N/A;#N/A
Holumnica;2022-07-09;27;D;SK;2022;49,2352239;20,5231589;Slovensko;Prešovský kraj;okres Kežmarok
Holýšov;;16;B;CZ;1899;#N/A;#N/A;#N/A;#N/A;#N/A
Homole (Ceské Budějovice);;32;B;CZ;1899;#N/A;#N/A;#N/A;#N/A;#N/A
Homole (Ústí nad Labem);;8;A;CZ;1899;#N/A;#N/A;#N/A;#N/A;#N/A
Honce;1995-08-13;41;D;SK;1995;48,6676145;20,4043653;Slovensko;Košický kraj;okres Rožňava
Honezovice;;16;B;CZ;1899;#N/A;#N/A;#N/A;#N/A;#N/A
Hontianska Vrbica;1994-01-01;49;A;SK;1994;48,1355931;18,7032575;Slovensko;Nitriansky kraj;okres Levice
Hontianske Moravce;1994-01-01;49;A;SK;1994;48,187291;18,8448099;Slovensko;Banskobystrický kraj;okres Krupina
Hontianske Nemce;1994-01-01;49;B;SK;1994;48,285038;18,9905688;Slovensko;Banskobystrický kraj;okres Krupina
Hontianske Tesáre;1994-01-01;49;A;SK;1994;48,2036214;18,9226386;Slovensko;Banskobystrický kraj;okres Krupina
Hora Svaté Kateřiny;;7;A;CZ;1899;#N/A;#N/A;#N/A;#N/A;#N/A
Hora Svatého Šebestiána;1994-01-01;7;A;CZ;1994;#N/A;#N/A;#N/A;#N/A;#N/A
Horažďovice;1995-08-09;17;D;CZ;1995;#N/A;#N/A;#N/A;#N/A;#N/A
Horka (Chrudim);;20;B;CZ;1899;#N/A;#N/A;#N/A;#N/A;#N/A
Horka I (Kutná Hora);;10;C;CZ;1899;#N/A;#N/A;#N/A;#N/A;#N/A
Horka nad Moravou;;22;B;CZ;1899;#N/A;#N/A;#N/A;#N/A;#N/A
Horka u Staré Paky;;10;A;CZ;1899;#N/A;#N/A;#N/A;#N/A;#N/A
Horná Breznica;2023-07-09;38;A;SK;2023;49,1085296;18,2500648;Slovensko;Trenčiansky kraj;okres Púchov
Horná Kráľová;2019-09-16;47;B;SK;2019;48,2410924;17,9150441;Slovensko;Nitriansky kraj;okres Šaľa
Horná Krupá;;37;C;SK;1899;48,5163613;17,5257724;Slovensko;Trnavský kraj;okres Trnava
Horná Lehota (Banská Bystrica);1994-01-01;40;A;SK;1994;48,838365;19,5465007;Slovensko;Banskobystrický kraj;okres Brezno
Horná Lehota (Dolný Kubín);1994-01-01;26;C;SK;1994;49,2547766;19,4005619;Slovensko;Žilinský kraj;okres Dolný Kubín
Horná Mariková;2023-05-06;24;C;SK;2023;49,2469369;18,3084198;Slovensko;Trenčiansky kraj;okres Považská Bystrica
Horná Mičiná;1994-01-01;39;D;SK;1994;48,6987534;19,214015;Slovensko;Banskobystrický kraj;okres Banská Bystrica
Horná Poruba;1994-01-01;38;A;SK;1994;48,94114;18,3049258;Slovensko;Trenčiansky kraj;okres Ilava
Horná Potôň;2000-06-11;47;A;SK;2000;48,0386414;17,4960888;Slovensko;Trnavský kraj;okres Dunajská Streda
Horná Seč;1994-01-01;48;B;SK;1994;48,1954266;18,5439973;Slovensko;Nitriansky kraj;okres Levice
Horná Streda;1994-01-01;37;D;SK;1994;48,6573825;17,8464696;Slovensko;Trenčiansky kraj;okres Nové Mesto nad Váhom
Horná Strehová;;50;A;SK;1899;48,2797227;19,4286104;Slovensko;Banskobystrický kraj;okres Veľký Krtíš
Horná Súča;2026-08-22;37;B;SK;2026;48,9735688;17,9769819;Slovensko;Trenčiansky kraj;okres Trenčín
Horná Štubňa;1994-01-01;39;A;SK;1994;48,8235821;18,8846711;Slovensko;Žilinský kraj;okres Turčianske Teplice
Horná Tižina;;25;D;SK;1899;49,2828587;19,0296722;Slovensko;Žilinský kraj;okres Žilina
Horná Ves (Prievidza);2000-07-19;38;D;SK;2000;48,6075457;18,49076;Slovensko;Trenčiansky kraj;okres Prievidza
Horná Ves (Žiar nad Hronom);1994-01-01;39;C;SK;1994;48,6777471;18,9123128;Slovensko;Banskobystrický kraj;okres Žiar nad Hronom
Horná Ždaňa;1997-09-06;39;C;SK;1997;48,5691265;18,7493034;Slovensko;Banskobystrický kraj;okres Žiar nad Hronom
Horňany;2018-07-01;38;A;SK;2018;48,7796748;18,1983578;Slovensko;Trenčiansky kraj;okres Trenčín
Horné Hámre;2000-07-19;39;C;SK;2000;48,4969091;18,6704792;Slovensko;Banskobystrický kraj;okres Žarnovica
Horné Lefantovce;2018-07-01;38;C;SK;2018;48,4239905;18,1437172;Slovensko;Nitriansky kraj;okres Nitra
Horné Obdokovce;2018-07-01;38;C;SK;2018;48,4946702;18,0485387;Slovensko;Nitriansky kraj;okres Topoľčany
Horné Orešany;2002-02-02;37;C;SK;2002;48,4663657;17,4402984;Slovensko;Trnavský kraj;okres Trnava
Horné Otrokovce;;37;D;SK;1899;48,4911246;17,8797175;Slovensko;Trnavský kraj;okres Hlohovec
Horné Ozorovce;2003-12-30;38;C;SK;2003;48,7365726;18,2359651;Slovensko;Trenčiansky kraj;okres Bánovce nad Bebravou
Horné Príbelce;2002-09-28;49;B;SK;2002;48,1967033;19,2502463;Slovensko;Banskobystrický kraj;okres Veľký Krtíš
Horné Saliby;2019-06-09;47;B;SK;2019;48,1226481;17,7520836;Slovensko;Trnavský kraj;okres Galanta
Horné Semerovce;1994-01-01;49;A;SK;1994;48,125622;18,8797892;Slovensko;Nitriansky kraj;okres Levice
Horné Srnie;2003-10-03;38;A;SK;2003;48,9916169;18,1019375;Slovensko;Trenčiansky kraj;okres Trenčín
Horné Strháre;;50;A;SK;1899;48,2711585;19,3626447;Slovensko;Banskobystrický kraj;okres Veľký Krtíš
Horné Štitáre;2000-07-19;38;C;SK;2000;48,5252757;18,0571284;Slovensko;Nitriansky kraj;okres Topoľčany
Horné Turovce;1994-01-01;49;A;SK;1994;48,1267455;18,9476376;Slovensko;Nitriansky kraj;okres Levice
Horné Vestenice;1994-01-01;38;D;SK;1994;48,7115051;18,4294986;Slovensko;Trenčiansky kraj;okres Prievidza
Horné Zahorany;1994-01-01;41;C;SK;1994;48,4613391;20,0080589;Slovensko;Banskobystrický kraj;okres Rimavská Sobota
Horné Zelenice;2018-07-01;37;D;SK;2018;48,3860122;17,7570492;Slovensko;Trnavský kraj;okres Hlohovec
Horní Adršpach;;11;A;CZ;1899;#N/A;#N/A;#N/A;#N/A;#N/A
Horní Bečva;1994-01-01;24;C;CZ;1994;#N/A;#N/A;#N/A;#N/A;#N/A
Horní Bělá;;7;C;CZ;1899;#N/A;#N/A;#N/A;#N/A;#N/A
Horní Benešov;;13;C;CZ;1899;#N/A;#N/A;#N/A;#N/A;#N/A
Horní Beřkovice;;8;B;CZ;1899;#N/A;#N/A;#N/A;#N/A;#N/A
Horní Blatná;;6;A;CZ;1899;#N/A;#N/A;#N/A;#N/A;#N/A
Horní Bludovice;;24;B;CZ;1899;#N/A;#N/A;#N/A;#N/A;#N/A
Horní Bojanovice;;36;A;CZ;1899;#N/A;#N/A;#N/A;#N/A;#N/A
Horní Bory;;21;C;CZ;1899;#N/A;#N/A;#N/A;#N/A;#N/A
Horní Bousov;;9;B;CZ;1899;#N/A;#N/A;#N/A;#N/A;#N/A
Horní Bradlo;;20;B;CZ;1899;#N/A;#N/A;#N/A;#N/A;#N/A
Horní Branná;;10;A;CZ;1899;#N/A;#N/A;#N/A;#N/A;#N/A
Horní Brusnice;;10;B;CZ;1899;#N/A;#N/A;#N/A;#N/A;#N/A
Horní Bříza;;17;A;CZ;1899;#N/A;#N/A;#N/A;#N/A;#N/A
Horní Cerekev;;20;C;CZ;1899;#N/A;#N/A;#N/A;#N/A;#N/A
Horní Čermná;;11;D;CZ;1899;#N/A;#N/A;#N/A;#N/A;#N/A
Horní Dubenky;;19;D;CZ;1899;#N/A;#N/A;#N/A;#N/A;#N/A
Horní Dunajovice;2023-05-01;35;A;CZ;2023;#N/A;#N/A;#N/A;#N/A;#N/A
Horní Dvořiště;;32;D;CZ;1899;#N/A;#N/A;#N/A;#N/A;#N/A
Horní Habartice;;2;B;CZ;1899;#N/A;#N/A;#N/A;#N/A;#N/A
Horní Heřmanice;;12;C;CZ;1899;#N/A;#N/A;#N/A;#N/A;#N/A
Horní Jelení;;11;C;CZ;1899;#N/A;#N/A;#N/A;#N/A;#N/A
Horní Jiřetín;;7;A;CZ;1899;#N/A;#N/A;#N/A;#N/A;#N/A
Horní Kamenice;;16;B;CZ;1899;#N/A;#N/A;#N/A;#N/A;#N/A
Horní Kostelec;;11;A;CZ;1899;#N/A;#N/A;#N/A;#N/A;#N/A
Horní Kozolupy;;6;C;CZ;1899;#N/A;#N/A;#N/A;#N/A;#N/A
Horní Krupka;;1;B;CZ;1899;#N/A;#N/A;#N/A;#N/A;#N/A
Horní Kruty;;9;C;CZ;1899;#N/A;#N/A;#N/A;#N/A;#N/A
Horní Lhota;;19;A;CZ;1899;#N/A;#N/A;#N/A;#N/A;#N/A
Horní Libchava;;2;B;CZ;1899;#N/A;#N/A;#N/A;#N/A;#N/A
Horní Libchavy;2022-04-14;11;D;CZ;2022;#N/A;#N/A;#N/A;#N/A;#N/A
Horní Libochová;;21;C;CZ;1899;#N/A;#N/A;#N/A;#N/A;#N/A
Horní Lideč;1994-01-01;24;C;CZ;1994;#N/A;#N/A;#N/A;#N/A;#N/A
Horní Líštna;;25;A;CZ;1899;#N/A;#N/A;#N/A;#N/A;#N/A
Horní Loděnice;;23;A;CZ;1899;#N/A;#N/A;#N/A;#N/A;#N/A
Horní Lomná;;24;D;CZ;1899;#N/A;#N/A;#N/A;#N/A;#N/A
Horní Lukavice;;17;A;CZ;1899;#N/A;#N/A;#N/A;#N/A;#N/A
Horní Lutyně;;24;B;CZ;1899;#N/A;#N/A;#N/A;#N/A;#N/A
Horní Maršov;;10;B;CZ;1899;#N/A;#N/A;#N/A;#N/A;#N/A
Horní Město;;22;B;CZ;1899;#N/A;#N/A;#N/A;#N/A;#N/A
Horní Moštěnice;;23;C;CZ;1899;#N/A;#N/A;#N/A;#N/A;#N/A
Horní Němčí;;37;A;CZ;1899;#N/A;#N/A;#N/A;#N/A;#N/A
Horní Pěna;;33;B;CZ;1899;#N/A;#N/A;#N/A;#N/A;#N/A
Horní Planá;1995-08-06;32;A;CZ;1995;#N/A;#N/A;#N/A;#N/A;#N/A
Horní Počaply;;8;B;CZ;1899;#N/A;#N/A;#N/A;#N/A;#N/A
Horní Počernice;;9;C;CZ;1899;#N/A;#N/A;#N/A;#N/A;#N/A
Horní Podluží;;2;B;CZ;1899;#N/A;#N/A;#N/A;#N/A;#N/A
Horní Police;;2;B;CZ;1899;#N/A;#N/A;#N/A;#N/A;#N/A
Horní Radechová;;11;A;CZ;1899;#N/A;#N/A;#N/A;#N/A;#N/A
Horní Radouň;;19;D;CZ;1899;#N/A;#N/A;#N/A;#N/A;#N/A
Horní Roveň;;11;C;CZ;1899;#N/A;#N/A;#N/A;#N/A;#N/A
Horní Ředice;;10;D;CZ;1899;#N/A;#N/A;#N/A;#N/A;#N/A
Horní Slavkov;;6;C;CZ;1899;#N/A;#N/A;#N/A;#N/A;#N/A
Horní Sloupnice;;11;D;CZ;1899;#N/A;#N/A;#N/A;#N/A;#N/A
Horní Staré Město;;10;B;CZ;1899;#N/A;#N/A;#N/A;#N/A;#N/A
Horní Stropnice;2024-03-30;33;A;CZ;2024;#N/A;#N/A;#N/A;#N/A;#N/A
Horní Studenec;;20;B;CZ;1899;#N/A;#N/A;#N/A;#N/A;#N/A
Horní Suchá;1994-01-01;24;B;CZ;1994;#N/A;#N/A;#N/A;#N/A;#N/A
Horní Štěpánov;;22;A;CZ;1899;#N/A;#N/A;#N/A;#N/A;#N/A
Horní Těrlicko;;24;B;CZ;1899;#N/A;#N/A;#N/A;#N/A;#N/A
Horní Újezd;;20;D;CZ;1899;#N/A;#N/A;#N/A;#N/A;#N/A
Horní Vernéřovice;;11;A;CZ;1899;#N/A;#N/A;#N/A;#N/A;#N/A
Horní Ves;;19;D;CZ;1899;#N/A;#N/A;#N/A;#N/A;#N/A
Horní Věstonice;;35;B;CZ;1899;#N/A;#N/A;#N/A;#N/A;#N/A
Horní Vltavice;1995-08-03;31;B;CZ;1995;#N/A;#N/A;#N/A;#N/A;#N/A
Horní Žukov;;24;B;CZ;1899;#N/A;#N/A;#N/A;#N/A;#N/A
Horný Badín;;49;B;SK;1899;48,2784172;19,0751094;Slovensko;Banskobystrický kraj;okres Krupina
Horný Bar;1996-05-19;47;C;SK;1996;47,9478198;17,4637369;Slovensko;Trnavský kraj;okres Dunajská Streda
Horný Hričov;1994-01-01;24;D;SK;1994;49,2566456;18,6583204;Slovensko;Žilinský kraj;okres Žilina
Horný Moštenec;2023-05-06;38;B;SK;2023;49,0730938;18,4558531;Slovensko;Trenčiansky kraj;okres Považská Bystrica
Horný Ohaj;1994-01-01;48;A;SK;1994;48,2577725;18,3170504;Slovensko;Nitriansky kraj;okres Nitra
Horný Pial;1994-01-01;48;B;SK;1994;48,1550215;18,4485104;Slovensko;Nitriansky kraj;okres Levice
Horný Smokovec;1994-01-01;27;C;SK;1994;49,1421758;20,2415168;Slovensko;Prešovský kraj;okres Poprad
Horný Tisovník;1994-01-01;40;C;SK;1994;48,4164724;19,36162;Slovensko;Banskobystrický kraj;okres Detva
Horný Vadičov;1995-07-28;25;C;SK;1995;49,2666667;18,8833333;Slovensko;Žilinský kraj;okres Kysucké Nové Mesto
Horoměřice;;8;D;CZ;1899;#N/A;#N/A;#N/A;#N/A;#N/A
Horovce (Michalovce);2002-09-28;43;B;SK;2002;48,7042651;21,7685216;Slovensko;Košický kraj;okres Michalovce
Horovce (Považská Bystrica);1994-01-01;38;A;SK;1994;49,04651;18,25825;Slovakia;Trenčiansky kraj;okres Púchov
Horská Kvilda;;31;A;CZ;1899;#N/A;#N/A;#N/A;#N/A;#N/A
Horšovský Týn;;16;A;CZ;1899;#N/A;#N/A;#N/A;#N/A;#N/A
Horusice;;19;C;CZ;1899;#N/A;#N/A;#N/A;#N/A;#N/A
Hory Matky Boží;;17;C;CZ;1899;#N/A;#N/A;#N/A;#N/A;#N/A
Hořany;;7;B;CZ;1899;#N/A;#N/A;#N/A;#N/A;#N/A
Hořátev;;9;D;CZ;1899;#N/A;#N/A;#N/A;#N/A;#N/A
Hořejší Kunčice;;23;A;CZ;1899;#N/A;#N/A;#N/A;#N/A;#N/A
Hořelice;;8;C;CZ;1899;#N/A;#N/A;#N/A;#N/A;#N/A
Hořepník;;19;D;CZ;1899;#N/A;#N/A;#N/A;#N/A;#N/A
Hořesedly;;7;D;CZ;1899;#N/A;#N/A;#N/A;#N/A;#N/A
Hořice;;10;B;CZ;1899;#N/A;#N/A;#N/A;#N/A;#N/A
Hořice na Šumavě;1995-08-09;32;A;CZ;1995;#N/A;#N/A;#N/A;#N/A;#N/A
Hořičky;;11;A;CZ;1899;#N/A;#N/A;#N/A;#N/A;#N/A
Hořín;;8;B;CZ;1899;#N/A;#N/A;#N/A;#N/A;#N/A
Hořiněves;;10;B;CZ;1899;#N/A;#N/A;#N/A;#N/A;#N/A
Hořovice;1995-07-29;17;B;CZ;1995;#N/A;#N/A;#N/A;#N/A;#N/A
Hořovičky;;7;C;CZ;1899;#N/A;#N/A;#N/A;#N/A;#N/A
Hospozín;;8;A;CZ;1899;#N/A;#N/A;#N/A;#N/A;#N/A
Hostákov;;20;D;CZ;1899;#N/A;#N/A;#N/A;#N/A;#N/A
Hostašovice;;23;D;CZ;1899;#N/A;#N/A;#N/A;#N/A;#N/A
Hostěnice;;22;C;CZ;1899;#N/A;#N/A;#N/A;#N/A;#N/A
Hostěradice;2023-05-01;35;A;CZ;2023;#N/A;#N/A;#N/A;#N/A;#N/A
Hostice;;51;A;SK;1899;48,2371568;20,0665012;Slovensko;Banskobystrický kraj;okres Rimavská Sobota
Hostie;2018-07-01;38;D;SK;2018;48,4510721;18,4364224;Slovensko;Nitriansky kraj;okres Zlaté Moravce
Hostim;;34;B;CZ;1899;#N/A;#N/A;#N/A;#N/A;#N/A
Hostín u Vojkovic;;8;B;CZ;1899;#N/A;#N/A;#N/A;#N/A;#N/A
Hostinné;;10;B;CZ;1899;#N/A;#N/A;#N/A;#N/A;#N/A
Hostivice;;8;C;CZ;1899;#N/A;#N/A;#N/A;#N/A;#N/A
Hostomice (Beroun);;18;A;CZ;1899;#N/A;#N/A;#N/A;#N/A;#N/A
Hostomice (Teplice);;7;B;CZ;1899;#N/A;#N/A;#N/A;#N/A;#N/A
Hostouň (Domažlice);;16;A;CZ;1899;#N/A;#N/A;#N/A;#N/A;#N/A
Hostouň (Kladno);;8;C;CZ;1899;#N/A;#N/A;#N/A;#N/A;#N/A
Hosťová;2003-05-08;48;A;SK;2003;48,3376106;18,2048017;Slovensko;Nitriansky kraj;okres Nitra
Hosťovce;2018-07-01;38;D;SK;2018;48,5714757;20,8551192;Slovensko;Košický kraj;okres Košice - okolie
Hosťovce nad Bodvou;2021-05-22;42;C;SK;2021;48,56667;20,86667;Slovakia;Košický kraj;okres Košice-okolie
Hostovice;;30;C;SK;1899;49,1191338;22,1441848;Slovensko;Prešovský kraj;okres Snina
Hošťálková;;23;D;CZ;1899;#N/A;#N/A;#N/A;#N/A;#N/A
Hošťálkovice;;24;A;CZ;1899;#N/A;#N/A;#N/A;#N/A;#N/A
Hošťálkovy;;13;C;CZ;1899;#N/A;#N/A;#N/A;#N/A;#N/A
Hoštejn;1994-01-01;22;A;CZ;1994;#N/A;#N/A;#N/A;#N/A;#N/A
Hošťka (Litomeřice);;8;B;CZ;1899;#N/A;#N/A;#N/A;#N/A;#N/A
Hošťka (Tachov);;15;B;CZ;1899;#N/A;#N/A;#N/A;#N/A;#N/A
Houska;;9;A;CZ;1899;#N/A;#N/A;#N/A;#N/A;#N/A
Hovězí;;24;C;CZ;1899;#N/A;#N/A;#N/A;#N/A;#N/A
Hovorany;;36;A;CZ;1899;#N/A;#N/A;#N/A;#N/A;#N/A
Hovorčovice;;8;D;CZ;1899;#N/A;#N/A;#N/A;#N/A;#N/A
Hrabačov;;10;A;CZ;1899;#N/A;#N/A;#N/A;#N/A;#N/A
Hrabenov;;12;C;CZ;1899;#N/A;#N/A;#N/A;#N/A;#N/A
Hrabětice;2004-05-23;35;B;CZ;2004;#N/A;#N/A;#N/A;#N/A;#N/A
Hrabičov;;39;C;SK;1899;48,5341712;18,6634213;Slovensko;Banskobystrický kraj;okres Žarnovica
Hrabišín;;22;B;CZ;1899;#N/A;#N/A;#N/A;#N/A;#N/A
Hrabkov;;42;B;SK;1899;48,9589281;21,0209778;Slovensko;Prešovský kraj;okres Prešov
Hrabová (Ostravo-město);;24;A;CZ;1899;#N/A;#N/A;#N/A;#N/A;#N/A
Hrabová (Šumperk);;22;A;CZ;1899;#N/A;#N/A;#N/A;#N/A;#N/A
Hrabové;1994-01-01;24;D;SK;1994;49,205571;18,5641822;Slovensko;Žilinský kraj;okres Bytča
Hrabušice;1994-01-01;41;B;SK;1994;48,9756056;20,4103349;Slovensko;Košický kraj;okres Spišská Nová Ves
Hrabyně;2018-07-01;24;A;CZ;2018;#N/A;#N/A;#N/A;#N/A;#N/A
Hradčovice;;37;A;CZ;1899;#N/A;#N/A;#N/A;#N/A;#N/A
Hradec (Havlíčkův Brod);;19;B;CZ;1899;#N/A;#N/A;#N/A;#N/A;#N/A
Hradec (Opava);;23;B;CZ;1899;#N/A;#N/A;#N/A;#N/A;#N/A
Hradec (Plzeň-jih);;16;B;CZ;1899;#N/A;#N/A;#N/A;#N/A;#N/A
Hradec (Šumperk);;12;D;CZ;1899;#N/A;#N/A;#N/A;#N/A;#N/A
Hradec Králové;1994-01-01;10;D;CZ;1994;#N/A;#N/A;#N/A;#N/A;#N/A
Hradec nad Svitavou;2022-04-14;21;B;CZ;2022;#N/A;#N/A;#N/A;#N/A;#N/A
Hradečno;;8;C;CZ;1899;#N/A;#N/A;#N/A;#N/A;#N/A
Hrádek (Frýdek-Místek);1994-01-01;25;A;CZ;1994;#N/A;#N/A;#N/A;#N/A;#N/A
Hradek (Hradec Král.);;10;D;CZ;1899;#N/A;#N/A;#N/A;#N/A;#N/A
Hrádek (Klatovy);;17;C;CZ;1899;#N/A;#N/A;#N/A;#N/A;#N/A
Hrádek (Rokycany);;17;B;CZ;1899;#N/A;#N/A;#N/A;#N/A;#N/A
Hrádek (Znojmo);2004-05-23;35;A;CZ;2004;#N/A;#N/A;#N/A;#N/A;#N/A
Hrádek nad Nisou;;3;A;CZ;1899;#N/A;#N/A;#N/A;#N/A;#N/A
Hradisko;2020-08-09;28;D;SK;2020;49,0572352;20,5230009;Slovensko;Prešovský kraj;okres Kežmarok
Hradište;1994-01-01;38;D;SK;1994;48,492725;19,7226221;Slovensko;Banskobystrický kraj;okres Poltár
Hradište pod Vrátnom;2018-07-01;37;C;SK;2018;48,6274491;17,4866413;Slovensko;Trnavský kraj;okres Senica
Hradišťko (Kolín);;10;C;CZ;1899;#N/A;#N/A;#N/A;#N/A;#N/A
Hradišťko (Nymburk);;9;D;CZ;1899;#N/A;#N/A;#N/A;#N/A;#N/A
Hradišťko (Praha-západ);1994-01-01;18;B;CZ;1994;#N/A;#N/A;#N/A;#N/A;#N/A
Hrádok;2026-08-23;37;D;SK;2026;48,6980698;17,8820601;Slovensko;Trenčiansky kraj;okres Nové Mesto nad Váhom
Hrachovište;2005-01-01;37;D;SK;2005;48,7163071;17,72926;Slovensko;Trenčiansky kraj;okres Nové Mesto nad Váhom
Hrachovo;2019-06-22;40;D;SK;2019;48,4652408;19,9509154;Slovensko;Banskobystrický kraj;okres Rimavská Sobota
Hraň;2026-05-31;43;D;SK;2026;48,5437485;21,7855255;Slovensko;Košický kraj;okres Trebišov
Hranice (Cheb);;5;A;CZ;1899;#N/A;#N/A;#N/A;#N/A;#N/A
Hranice (Přerov);1994-01-01;23;B;CZ;1994;#N/A;#N/A;#N/A;#N/A;#N/A
Hraničné;1994-01-01;27;D;SK;1994;49,3752392;20,6989664;Slovensko;Prešovský kraj;okres Stará Ľubovňa
Hranovnica;1994-01-01;41;A;SK;1994;48,9877666;20,3093442;Slovensko;Prešovský kraj;okres Poprad
Hrazany;;18;B;CZ;1899;#N/A;#N/A;#N/A;#N/A;#N/A
Hrboltová;1994-01-01;39;B;SK;1994;49,1039725;19,2459012;Slovensko;Žilinský kraj;okres Ružomberok
Hrdějovice;2018-11-01;32;B;CZ;2018;#N/A;#N/A;#N/A;#N/A;#N/A
Hrdlořezy;;9;A;CZ;1899;#N/A;#N/A;#N/A;#N/A;#N/A
Hrdlovka;;7;B;CZ;1899;#N/A;#N/A;#N/A;#N/A;#N/A
Hrejkovice;;18;C;CZ;1899;#N/A;#N/A;#N/A;#N/A;#N/A
Hrhov;1994-01-01;42;C;SK;1994;48,6067917;20,750338;Slovensko;Košický kraj;okres Rožňava
Hriňová;1994-01-01;40;C;SK;1994;48,5764603;19,525865;Slovensko;Banskobystrický kraj;okres Detva
Hrkovce;1994-01-01;49;A;SK;1994;48,0883059;18,9022803;Slovensko;Nitriansky kraj;okres Levice
Hrnčiarovce nad Parnou;2018-07-01;47;A;SK;2018;48,3409553;17,5656116;Slovensko;Trnavský kraj;okres Trnava
Hrnčiarska Ves;2019-06-22;40;D;SK;2019;48,4322417;19,858894;Slovensko;Banskobystrický kraj;okres Poltár
Hrnčiarske Zalužany;2019-06-22;40;D;SK;2019;48,4077395;19,8717252;Slovensko;Banskobystrický kraj;okres Poltár
Hrob;;1;B;CZ;1899;#N/A;#N/A;#N/A;#N/A;#N/A
Hrobce;;8;A;CZ;1899;#N/A;#N/A;#N/A;#N/A;#N/A
Hrobčice;;7;B;CZ;1899;#N/A;#N/A;#N/A;#N/A;#N/A
Hroboňovo (Dolný Štál);1994-01-01;47;D;SK;1994;47,93333;17,71667;Slovakia;Trnavský kraj;okres Dunajská Streda
Hroby;;19;C;CZ;1899;#N/A;#N/A;#N/A;#N/A;#N/A
Hrochoť;1994-01-01;39;D;SK;1994;48,655115;19,3122479;Slovensko;Banskobystrický kraj;okres Banská Bystrica
Hrochov;;22;C;CZ;1899;#N/A;#N/A;#N/A;#N/A;#N/A
Hrochův Týnec;;10;D;CZ;1899;#N/A;#N/A;#N/A;#N/A;#N/A
Hromnice;;17;A;CZ;1899;#N/A;#N/A;#N/A;#N/A;#N/A
Hromoš;1994-01-01;28;C;SK;1994;49,2557898;20,7943382;Slovensko;Prešovský kraj;okres Stará Ľubovňa
Hronec;1994-01-01;40;A;SK;1994;48,802333;19,5750026;Slovensko;Banskobystrický kraj;okres Brezno
Hronov (Náchod);2022-04-14;11;A;CZ;2022;#N/A;#N/A;#N/A;#N/A;#N/A
Hronovce;1994-01-01;49;A;SK;1994;48,0070279;18,6550432;Slovensko;Nitriansky kraj;okres Levice
Hronská Dúbrava;1994-01-01;39;D;SK;1994;48,5892871;19,0008409;Slovensko;Banskobystrický kraj;okres Žiar nad Hronom
Hronské Kľačany;1994-01-01;48;B;SK;1994;48,24065;18,5708075;Slovensko;Nitriansky kraj;okres Levice
Hronské Kosihy;1994-01-01;48;B;SK;1994;48,268807;18,5903341;Slovensko;Nitriansky kraj;okres Levice
Hronský Beňadik;1994-01-01;48;B;SK;1994;48,3456007;18,5592604;Slovensko;Banskobystrický kraj;okres Žarnovica
Hrotovice;;35;A;CZ;1899;#N/A;#N/A;#N/A;#N/A;#N/A
Hroznětín;;6;A;CZ;1899;#N/A;#N/A;#N/A;#N/A;#N/A
Hroznová Lhota;2023-04-23;37;A;CZ;2023;#N/A;#N/A;#N/A;#N/A;#N/A
Hrubá Skála;;9;B;CZ;1899;#N/A;#N/A;#N/A;#N/A;#N/A
Hrubá Voda;;23;A;CZ;1899;#N/A;#N/A;#N/A;#N/A;#N/A
Hrubá Vrbka;2023-04-23;37;A;CZ;2023;#N/A;#N/A;#N/A;#N/A;#N/A
Hrubčice;;22;D;CZ;1899;#N/A;#N/A;#N/A;#N/A;#N/A
Hruboňovo;2018-07-01;38;C;SK;2018;48,4481801;18,0249312;Slovensko;Nitriansky kraj;okres Nitra
Hrubov;;29;D;SK;1899;49,0925655;21,8622353;Slovensko;Prešovský kraj;okres Humenné
Hrubý Jeseník;;9;D;CZ;1899;#N/A;#N/A;#N/A;#N/A;#N/A
Hrubý Rohozec;;9;B;CZ;1899;#N/A;#N/A;#N/A;#N/A;#N/A
Hrubý Šúr;1994-01-01;47;A;SK;1994;48,1708524;17,4214147;Slovensko;Bratislavský kraj;okres Senec
Hrušky (Břeclav);;36;A;CZ;1899;#N/A;#N/A;#N/A;#N/A;#N/A
Hrušky (Vyškov);;36;A;CZ;1899;#N/A;#N/A;#N/A;#N/A;#N/A
Hrušov;2018-07-01;49;B;SK;2018;48,15387;19,09099;Slovensko;Banskobystrický kraj;okres Veľký Krtíš
Hrušová;2005-08-28;21;A;CZ;2005;#N/A;#N/A;#N/A;#N/A;#N/A
Hrušovany nad Jevišovkou;2004-05-23;35;B;CZ;2004;#N/A;#N/A;#N/A;#N/A;#N/A
Hrušovanz u Brna;1994-01-01;35;B;CZ;1994;#N/A;#N/A;#N/A;#N/A;#N/A
Hruštín;1994-01-01;25;D;SK;1994;49,324833;19,348506;Slovensko;Žilinský kraj;okres Námestovo
Hřebeč;;8;C;CZ;1899;#N/A;#N/A;#N/A;#N/A;#N/A
Hřebečníky;;7;D;CZ;1899;#N/A;#N/A;#N/A;#N/A;#N/A
Hředle (Beroun);;7;D;CZ;1899;#N/A;#N/A;#N/A;#N/A;#N/A
Hředle (Rakovník);;7;D;CZ;1899;#N/A;#N/A;#N/A;#N/A;#N/A
Hřensko;;2;B;CZ;1899;#N/A;#N/A;#N/A;#N/A;#N/A
Hřiměždice;;18;A;CZ;1899;#N/A;#N/A;#N/A;#N/A;#N/A
Hříškov;;7;B;CZ;1899;#N/A;#N/A;#N/A;#N/A;#N/A
Hřivice;;7;B;CZ;1899;#N/A;#N/A;#N/A;#N/A;#N/A
Hřivínův Újezd;2017-09-01;37;B;CZ;2017;#N/A;#N/A;#N/A;#N/A;#N/A
Hubošovce;2020-08-09;28;D;SK;2020;49,0964374;21,2055267;Slovensko;Prešovský kraj;okres Sabinov
Hubová;1994-01-01;39;B;SK;1994;49,1174449;19,1848084;Slovensko;Žilinský kraj;okres Ružomberok
Hucín;2018-07-01;41;C;SK;2018;48,5659974;20,2988974;Slovensko;Banskobystrický kraj;okres Revúca
Hudčice;;17;B;CZ;1899;#N/A;#N/A;#N/A;#N/A;#N/A
Hudlice;;8;C;CZ;1899;#N/A;#N/A;#N/A;#N/A;#N/A
Hul;1994-01-01;48;A;SK;1994;48,1;18,2666667;Slovensko;Nitriansky kraj;okres Nové Zámky
Hulice;;19;B;CZ;1899;#N/A;#N/A;#N/A;#N/A;#N/A
Hulín;2017-09-01;23;C;CZ;2017;#N/A;#N/A;#N/A;#N/A;#N/A
Humenné;2002-09-28;43;B;SK;2002;48,9350033;21,9020268;Slovensko;Prešovský kraj;okres Humenné
Humpolec;2018-10-29;20;A;CZ;2018;#N/A;#N/A;#N/A;#N/A;#N/A
Huncovce;1994-01-01;41;B;SK;1994;49,1158321;20,3778625;Slovensko;Prešovský kraj;okres Kežmarok
Huntířov;;2;B;CZ;1899;#N/A;#N/A;#N/A;#N/A;#N/A
Hurbanovo;1994-01-01;48;C;SK;1994;47,8761227;18,198313;Slovensko;Nitriansky kraj;okres Komárno
Hůrka;2024-03-30;32;A;CZ;2024;#N/A;#N/A;#N/A;#N/A;#N/A
Husiná;1994-01-01;50;B;SK;1994;48,341478;19,8786506;Slovensko;Banskobystrický kraj;okres Rimavská Sobota
Husinec;;31;B;CZ;1899;#N/A;#N/A;#N/A;#N/A;#N/A
Huslenky;;24;C;CZ;1899;#N/A;#N/A;#N/A;#N/A;#N/A
Hustopeče;2001-06-16;36;A;CZ;2001;#N/A;#N/A;#N/A;#N/A;#N/A
Hustopeče nad Bečvou;1994-01-01;23;D;CZ;1994;#N/A;#N/A;#N/A;#N/A;#N/A
Huštěnovice;;37;A;CZ;1899;#N/A;#N/A;#N/A;#N/A;#N/A
Hutisko-Solanec;2018-07-01;24;C;CZ;2018;#N/A;#N/A;#N/A;#N/A;#N/A
Huzová;;22;B;CZ;1899;#N/A;#N/A;#N/A;#N/A;#N/A
Hvozd (Plzeň-sever);;7;C;CZ;1899;#N/A;#N/A;#N/A;#N/A;#N/A
Hvozd (Prostčjov);;22;A;CZ;1899;#N/A;#N/A;#N/A;#N/A;#N/A
Hvozdná;;23;D;CZ;1899;#N/A;#N/A;#N/A;#N/A;#N/A
Hvozdnica;1994-01-01;24;D;SK;1994;49,210788;18,487317;Slovensko;Žilinský kraj;okres Bytča
Hvozdnice;;18;B;CZ;1899;#N/A;#N/A;#N/A;#N/A;#N/A
Hvožďany;;17;B;CZ;1899;#N/A;#N/A;#N/A;#N/A;#N/A
Hybe;1994-01-01;40;B;SK;1994;49,0444964;19,8271486;Slovensko;Žilinský kraj;okres Liptovský Mikuláš
Hynčice;;13;C;CZ;1899;#N/A;#N/A;#N/A;#N/A;#N/A
Hýskov;2018-07-01;8;C;CZ;2018;#N/A;#N/A;#N/A;#N/A;#N/A
Ihľany;2022-07-09;27;D;SK;2022;49,1853947;20,5378422;Slovensko;Prešovský kraj;okres Kežmarok
Ihráč;1996-02-10;39;C;SK;1996;48,6554981;18,9521373;Slovensko;Banskobystrický kraj;okres Žiar nad Hronom
Ilava;1994-01-01;38;A;SK;1994;48,9985674;18,2307598;Slovensko;Trenčiansky kraj;okres Ilava
Ilija;2018-07-01;39;C;SK;2018;48,4196363;18,9006218;Slovensko;Banskobystrický kraj;okres Banská Štiavnica
Imeľ;;48;C;SK;1899;47,902284;18,143292;Slovensko;Nitriansky kraj;okres Komárno
Iňačovce;;44;A;SK;1899;48,6972346;22,034189;Slovensko;Košický kraj;okres Michalovce
Ipeľské Predmostie;;49;B;SK;1899;48,0636504;19,0577109;Slovensko;Banskobystrický kraj;okres Veľký Krtíš
Ipeľské Úľany;;49;B;SK;1899;48,1266661;19,0481622;Slovensko;Nitriansky kraj;okres Levice
Ipeľský Potok;2019-06-22;40;D;SK;2019;48,5665618;19,6960493;Slovensko;Banskobystrický kraj;okres Poltár
Ipeľský Sokolec;1994-01-01;49;A;SK;1994;48,0178014;18,803362;Slovensko;Nitriansky kraj;okres Levice
Ivaň (Břeclav);;35;B;CZ;1899;#N/A;#N/A;#N/A;#N/A;#N/A
Ivaň (Prostějov);;22;D;CZ;1899;#N/A;#N/A;#N/A;#N/A;#N/A
Ivančice;;35;B;CZ;1899;#N/A;#N/A;#N/A;#N/A;#N/A
Ivanka pri Dunaji;1994-01-01;46;B;SK;1994;48,1885931;17,2578039;Slovensko;Bratislavský kraj;okres Senec
Ivanka pri Nitre;1994-01-01;48;A;SK;1994;48,2390976;18,1173722;Slovensko;Nitriansky kraj;okres Nitra
Ivanovce;2018-07-01;37;B;SK;2018;48,83073;17,904115;Slovensko;Trenčiansky kraj;okres Trenčín
Ivonovice na Hané;;22;D;CZ;1899;#N/A;#N/A;#N/A;#N/A;#N/A
Ivanovice u Brna;;21;D;CZ;1899;#N/A;#N/A;#N/A;#N/A;#N/A
Iviny;;40;C;SK;1899;48,6144886;19,3902388;Slovensko;Banskobystrický kraj;okres Detva
Iža;1994-01-01;48;C;SK;1994;47,750348;18,2235858;Slovensko;Nitriansky kraj;okres Komárno
Jabkenice;;9;B;CZ;1899;#N/A;#N/A;#N/A;#N/A;#N/A
Jablonec nad Jizerou;;4;A;CZ;1899;#N/A;#N/A;#N/A;#N/A;#N/A
Jablonec nad Nisou;2009-05-08;3;B;CZ;2009;#N/A;#N/A;#N/A;#N/A;#N/A
Jablonica;1997-06-03;37;C;SK;1997;48,5587535;20,6100678;Slovensko;Košický kraj;okres Rožňava
Jablonka;2018-09-01;37;C;SK;2018;48,725124;17,6095594;Slovensko;Trenčiansky kraj;okres Myjava
Jablonná;;18;A;CZ;1899;#N/A;#N/A;#N/A;#N/A;#N/A
Jablonné nad Orlicí;;11;D;CZ;1899;#N/A;#N/A;#N/A;#N/A;#N/A
Jablonné v Podještědí;;3;A;CZ;1899;#N/A;#N/A;#N/A;#N/A;#N/A
Jablonov;;42;A;SK;1899;49,01655;20,72563;Slovakia;Prešovský kraj;okres Levoča
Jablonov nad Turnou;1994-01-01;42;C;SK;1994;48,5933946;20,672825;Slovensko;Košický kraj;okres Rožňava
Jabloňov;;21;C;CZ;1899;#N/A;#N/A;#N/A;#N/A;#N/A
Jabloňovce;1997-08-20;49;A;SK;1997;48,3166584;18,7873923;Slovensko;Nitriansky kraj;okres Levice
Jablonové (Bratislava-vidiek);1994-01-01;46;B;SK;1994;48,3482344;17,0976613;Slovensko;Bratislavský kraj;okres Malacky
Jablonové (Žilina);1994-01-01;24;D;SK;1994;49,18389;18,5645;Slovakia;Žilinský kraj;okres Bytča
Jablůnka;1994-01-01;23;D;CZ;1994;#N/A;#N/A;#N/A;#N/A;#N/A
Jablunkov;1994-01-01;25;A;CZ;1994;#N/A;#N/A;#N/A;#N/A;#N/A
Jackov;;34;B;CZ;1899;#N/A;#N/A;#N/A;#N/A;#N/A
Jacovce;2018-07-01;38;C;SK;2018;48,5918367;18,1360358;Slovensko;Nitriansky kraj;okres Topoľčany
Jahodná;2003-05-04;47;B;SK;2003;48,0514178;17,7039318;Slovensko;Trnavský kraj;okres Dunajská Streda
Jáchymov;;6;B;CZ;1899;#N/A;#N/A;#N/A;#N/A;#N/A
Jaklovce;1994-01-01;42;A;SK;1994;48,8723709;20,9894511;Slovensko;Košický kraj;okres Gelnica
Jakubany;2022-07-09;28;C;SK;2022;49,2460667;20,6953076;Slovensko;Prešovský kraj;okres Stará Ľubovňa
Jakubčovice;;23;B;CZ;1899;#N/A;#N/A;#N/A;#N/A;#N/A
Jakubčovice nad Odrou;;23;B;CZ;1899;#N/A;#N/A;#N/A;#N/A;#N/A
Jakubov;1995-04-29;36;C;SK;1995;48,4141277;16,9260091;Slovensko;Bratislavský kraj;okres Malacky
Jakubovany (Liptovský Mikuláš);1994-01-01;40;B;SK;1994;49,1027952;19,723432;Slovensko;Žilinský kraj;okres Liptovský Mikuláš
Jakubovany (Prešov);2020-08-09;28;D;SK;2020;49,10558;21,14102;Slovakia;Prešovský kraj;okres Sabinov
Jalná;1994-01-01;39;C;SK;1994;48,5861956;18,9539803;Slovensko;Banskobystrický kraj;okres Žiar nad Hronom
Jalšové;2018-07-01;37;D;SK;2018;48,5073617;17,8289142;Slovensko;Trnavský kraj;okres Hlohovec
Jalubí;;37;A;CZ;1899;#N/A;#N/A;#N/A;#N/A;#N/A
Jamartice;;12;D;CZ;1899;#N/A;#N/A;#N/A;#N/A;#N/A
Jamné;;20;D;CZ;1899;#N/A;#N/A;#N/A;#N/A;#N/A
Jamné nad Orlicí;;11;D;CZ;1899;#N/A;#N/A;#N/A;#N/A;#N/A
Jamník;1994-01-01;40;B;SK;1994;49,0716064;19,7100126;Slovensko;Žilinský kraj;okres Liptovský Mikuláš
Jámy;;21;A;CZ;1899;#N/A;#N/A;#N/A;#N/A;#N/A
Janík;2021-05-22;42;C;SK;2021;48,5552765;20,9678079;Slovensko;Košický kraj;okres Košice - okolie
Jankov;;19;A;CZ;1899;#N/A;#N/A;#N/A;#N/A;#N/A
Jankovice;;37;A;CZ;1899;#N/A;#N/A;#N/A;#N/A;#N/A
Janov (Bruntál);;13;C;CZ;1899;#N/A;#N/A;#N/A;#N/A;#N/A
Janov (Most);;7;B;CZ;1899;#N/A;#N/A;#N/A;#N/A;#N/A
Janov (Svitavy);1994-01-01;21;B;CZ;1994;#N/A;#N/A;#N/A;#N/A;#N/A
Janov nad Nisou;;3;B;CZ;1899;#N/A;#N/A;#N/A;#N/A;#N/A
Janová;;24;C;CZ;1899;#N/A;#N/A;#N/A;#N/A;#N/A
Janova Lehota;1997-09-06;39;C;SK;1997;48,6557756;18,783806;Slovensko;Banskobystrický kraj;okres Žiar nad Hronom
Janovce (Bardejov);;28;D;SK;1899;49,1905538;21,3042366;Slovensko;Prešovský kraj;okres Bardejov
Jánovce (Poprad);1994-01-01;41;B;SK;1994;49,0171366;20,432175;Slovensko;Prešovský kraj;okres Poprad
Janovice (Frýdek-Místek);;24;B;CZ;1899;#N/A;#N/A;#N/A;#N/A;#N/A
Janovice (Chrudim);;10;D;CZ;1899;#N/A;#N/A;#N/A;#N/A;#N/A
Janovice nad Úhlavou;1995-07-31;16;D;CZ;1995;#N/A;#N/A;#N/A;#N/A;#N/A
Janské Lázně;;10;B;CZ;1899;#N/A;#N/A;#N/A;#N/A;#N/A
Jarabá;1994-01-01;40;B;SK;1994;48,8929975;19,695058;Slovensko;Banskobystrický kraj;okres Brezno
Jarabina;1994-01-01;27;D;SK;1994;49,3382842;20,6560468;Slovensko;Prešovský kraj;okres Stará Ľubovňa
Jarohněvice;;23;C;CZ;1899;#N/A;#N/A;#N/A;#N/A;#N/A
Jarok;2019-11-06;47;B;SK;2019;48,2770437;17,9605085;Slovensko;Nitriansky kraj;okres Nitra
Jaroměř;2005-08-27;10;B;CZ;2005;#N/A;#N/A;#N/A;#N/A;#N/A
Jaroměřice;;22;A;CZ;1899;#N/A;#N/A;#N/A;#N/A;#N/A
Jaroměřice nad Rokytnou;;34;B;CZ;1899;#N/A;#N/A;#N/A;#N/A;#N/A
Jaroslav;2005-08-27;11;C;CZ;2005;#N/A;#N/A;#N/A;#N/A;#N/A
Jaroslavice;;35;C;CZ;1899;#N/A;#N/A;#N/A;#N/A;#N/A
Jarošov;;37;A;CZ;1899;#N/A;#N/A;#N/A;#N/A;#N/A
Jarošov nod Nežárkou;;19;D;CZ;1899;#N/A;#N/A;#N/A;#N/A;#N/A
Jarov;;17;A;CZ;1899;#N/A;#N/A;#N/A;#N/A;#N/A
Jarovce;1994-01-01;46;B;SK;1994;48,0652367;17,1129421;Slovensko;Bratislavský kraj;
Jarovnice;2020-08-10;42;B;SK;2020;49,0564388;21,061562;Slovensko;Prešovský kraj;okres Sabinov
Jasenica;2023-05-06;24;D;SK;2023;49,1794644;18,4503987;Slovensko;Trenčiansky kraj;okres Považská Bystrica
Jasenie;1994-01-01;40;A;SK;1994;48,8362472;19,4581779;Slovensko;Banskobystrický kraj;okres Brezno
Jasenná (Gottwaldov);;23;D;CZ;1899;#N/A;#N/A;#N/A;#N/A;#N/A
Jasenná (Náchod);;11;A;CZ;1899;#N/A;#N/A;#N/A;#N/A;#N/A
Jasenovce;2020-07-22;43;B;SK;2020;48,995714;21,7461853;Slovensko;Prešovský kraj;okres Vranov nad Topľou
Jasenovo;1994-01-01;39;A;SK;1994;48,8789444;18,7251818;Slovensko;Žilinský kraj;okres Turčianske Teplice
Jaslovské Bohunice;;37;C;SK;1899;48,4769283;17,6473684;Slovensko;Trnavský kraj;okres Trnava
Jasov;2021-05-22;42;C;SK;2021;48,6833197;20,9742126;Slovensko;Košický kraj;okres Košice - okolie
Jásová;1994-01-01;48;D;SK;1994;47,9861822;18,3992941;Slovensko;Nitriansky kraj;okres Nové Zámky
Jastrabá;1994-01-01;39;C;SK;1994;48,6341201;18,9332976;Slovensko;Banskobystrický kraj;okres Žiar nad Hronom
Jatov;1994-01-01;48;A;SK;1994;48,1284623;18,028264;Slovensko;Nitriansky kraj;okres Nové Zámky
Javorina;1994-01-01;27;C;SK;1994;49,2676281;20,1431909;Slovensko;Prešovský kraj;okres Poprad
Javorná;;6;D;CZ;1899;#N/A;#N/A;#N/A;#N/A;#N/A
Javornice;;11;D;CZ;1899;#N/A;#N/A;#N/A;#N/A;#N/A
Javorník (Hodonín);2023-04-22;37;A;CZ;2023;#N/A;#N/A;#N/A;#N/A;#N/A
Javorník (Šumperk);2022-04-15;12;B;CZ;2022;#N/A;#N/A;#N/A;#N/A;#N/A
Javorník (Ústí nad Orlicí);;21;A;CZ;1899;#N/A;#N/A;#N/A;#N/A;#N/A
Javorový vrch (u Třince);;24;B;CZ;1899;#N/A;#N/A;#N/A;#N/A;#N/A
Javoříčko;;22;A;CZ;1899;#N/A;#N/A;#N/A;#N/A;#N/A
Jazernica;1994-01-01;39;A;SK;1994;48,9265839;18,8306113;Slovensko;Žilinský kraj;okres Turčianske Teplice
Jedlí;;12;C;CZ;1899;#N/A;#N/A;#N/A;#N/A;#N/A
Jedlová;;21;A;CZ;1899;#N/A;#N/A;#N/A;#N/A;#N/A
Jedľové Kostoľany;2018-07-01;38;D;SK;2018;48,4705351;18,4962961;Slovensko;Nitriansky kraj;okres Zlaté Moravce
Jedovnice;2001-06-16;22;C;CZ;2001;#N/A;#N/A;#N/A;#N/A;#N/A
Jehličná;;6;C;CZ;1899;#N/A;#N/A;#N/A;#N/A;#N/A
Jehnědí;;11;C;CZ;1899;#N/A;#N/A;#N/A;#N/A;#N/A
Jehnice;;21;D;CZ;1899;#N/A;#N/A;#N/A;#N/A;#N/A
Jelenec;2018-07-01;48;A;SK;2018;48,3796711;18,2224084;Slovensko;Nitriansky kraj;okres Nitra
Jelka;1996-05-05;47;A;SK;1996;48,145206;17,5068773;Slovensko;Trnavský kraj;okres Galanta
Jelšava;1994-01-01;41;C;SK;1994;48,627484;20,2410264;Slovensko;Banskobystrický kraj;okres Revúca
Jelšovce;;38;C;SK;1899;48,3833406;18,0582047;Slovensko;Nitriansky kraj;okres Nitra
Jelšovec;;50;A;SK;1899;48,2820958;19,6009522;Slovensko;Banskobystrický kraj;okres Lučenec
Jemčina;;33;A;CZ;1899;#N/A;#N/A;#N/A;#N/A;#N/A
Jemnice;;34;A;CZ;1899;#N/A;#N/A;#N/A;#N/A;#N/A
Jemniště;;19;A;CZ;1899;#N/A;#N/A;#N/A;#N/A;#N/A
Jeneč;;8;C;CZ;1899;#N/A;#N/A;#N/A;#N/A;#N/A
Jeníčkova Lhota;;19;C;CZ;1899;#N/A;#N/A;#N/A;#N/A;#N/A
Jeníkov;;7;B;CZ;1899;#N/A;#N/A;#N/A;#N/A;#N/A
Jeníkovice;;11;C;CZ;1899;#N/A;#N/A;#N/A;#N/A;#N/A
Jenišov;;6;A;CZ;1899;#N/A;#N/A;#N/A;#N/A;#N/A
Jenišovice;;9;B;CZ;1899;#N/A;#N/A;#N/A;#N/A;#N/A
Jenišův Újezd;;7;B;CZ;1899;#N/A;#N/A;#N/A;#N/A;#N/A
Jenkovce;;44;C;SK;1899;48,6548104;22,2102793;Slovensko;Košický kraj;okres Sobrance
Jeřice;;10;B;CZ;1899;#N/A;#N/A;#N/A;#N/A;#N/A
Jeřmanice;;3;B;CZ;1899;#N/A;#N/A;#N/A;#N/A;#N/A
Jesenice (Cheb);;5;D;CZ;1899;#N/A;#N/A;#N/A;#N/A;#N/A
Jesenice (Praha-západ);;8;D;CZ;1899;#N/A;#N/A;#N/A;#N/A;#N/A
Jesenice (Rakovník);;7;C;CZ;1899;#N/A;#N/A;#N/A;#N/A;#N/A
Jeseník;2022-04-15;12;D;CZ;2022;#N/A;#N/A;#N/A;#N/A;#N/A
Jeseník nad Odrou;1994-01-01;23;B;CZ;1994;#N/A;#N/A;#N/A;#N/A;#N/A
Jesenný;;10;A;CZ;1899;#N/A;#N/A;#N/A;#N/A;#N/A
Jesenské;2020-05-02;51;A;SK;2020;48,3041179;20,0733271;Slovensko;Banskobystrický kraj;okres Rimavská Sobota
Jestřabí Lhota;;9;D;CZ;1899;#N/A;#N/A;#N/A;#N/A;#N/A
Jestřabice;;36;B;CZ;1899;#N/A;#N/A;#N/A;#N/A;#N/A
Jestřebí;1997-05-30;9;A;CZ;1997;#N/A;#N/A;#N/A;#N/A;#N/A
Ješkova Ves;2018-07-01;38;C;SK;2018;48,549417;18,3487575;Slovensko;Trenčiansky kraj;okres Partizánske
Ještětice;2022-04-14;11;C;CZ;2022;#N/A;#N/A;#N/A;#N/A;#N/A
Jetětice;;18;C;CZ;1899;#N/A;#N/A;#N/A;#N/A;#N/A
Jetřichovice (Benešov);;18;B;CZ;1899;#N/A;#N/A;#N/A;#N/A;#N/A
Jetřichovice (Děčín);;2;B;CZ;1899;#N/A;#N/A;#N/A;#N/A;#N/A
Jevany;;9;C;CZ;1899;#N/A;#N/A;#N/A;#N/A;#N/A
Jevíčko;;22;A;CZ;1899;#N/A;#N/A;#N/A;#N/A;#N/A
Jevišovice;2023-05-01;34;B;CZ;2023;#N/A;#N/A;#N/A;#N/A;#N/A
Jevišovka;;35;B;CZ;1899;#N/A;#N/A;#N/A;#N/A;#N/A
Jezdovice;;20;C;CZ;1899;#N/A;#N/A;#N/A;#N/A;#N/A
Jezernice;;23;A;CZ;1899;#N/A;#N/A;#N/A;#N/A;#N/A
Jezeřany-Maršovice;;35;B;CZ;1899;#N/A;#N/A;#N/A;#N/A;#N/A
Ježník;;13;C;CZ;1899;#N/A;#N/A;#N/A;#N/A;#N/A
Ježov;;36;B;CZ;1899;#N/A;#N/A;#N/A;#N/A;#N/A
Jickovice;;18;C;CZ;1899;#N/A;#N/A;#N/A;#N/A;#N/A
Jičín;;10;A;CZ;1899;#N/A;#N/A;#N/A;#N/A;#N/A
Jičíněves;;10;A;CZ;1899;#N/A;#N/A;#N/A;#N/A;#N/A
Jihlava;;20;C;CZ;1899;#N/A;#N/A;#N/A;#N/A;#N/A
Jíkev;;9;D;CZ;1899;#N/A;#N/A;#N/A;#N/A;#N/A
Jilemnice;;10;A;CZ;1899;#N/A;#N/A;#N/A;#N/A;#N/A
Jílové (Děčín);;2;A;CZ;1899;#N/A;#N/A;#N/A;#N/A;#N/A
Jílové (Jablonec nad Nisou);;9;B;CZ;1899;#N/A;#N/A;#N/A;#N/A;#N/A
Jílové u Prahy;1994-01-01;8;D;CZ;1994;#N/A;#N/A;#N/A;#N/A;#N/A
Jílovice (České Budějovice);;33;A;CZ;1899;#N/A;#N/A;#N/A;#N/A;#N/A
Jílovice (Rychnov nad Kněžnou);;11;C;CZ;1899;#N/A;#N/A;#N/A;#N/A;#N/A
Jíloviště;;8;D;CZ;1899;#N/A;#N/A;#N/A;#N/A;#N/A
Jimlín;;7;B;CZ;1899;#N/A;#N/A;#N/A;#N/A;#N/A
Jimramov;;21;A;CZ;1899;#N/A;#N/A;#N/A;#N/A;#N/A
Jinačovice;;21;D;CZ;1899;#N/A;#N/A;#N/A;#N/A;#N/A
Jince;;18;A;CZ;1899;#N/A;#N/A;#N/A;#N/A;#N/A
Jindice;;9;D;CZ;1899;#N/A;#N/A;#N/A;#N/A;#N/A
Jindřichov (Bruntál);;13;C;CZ;1899;#N/A;#N/A;#N/A;#N/A;#N/A
Jindřichov (Přerov);;23;B;CZ;1899;#N/A;#N/A;#N/A;#N/A;#N/A
Jindřichov (Šumperk);;12;C;CZ;1899;#N/A;#N/A;#N/A;#N/A;#N/A
Jindřichovice;;6;A;CZ;1899;#N/A;#N/A;#N/A;#N/A;#N/A
Jindřichovice pod Smrkem;;3;B;CZ;1899;#N/A;#N/A;#N/A;#N/A;#N/A
Jindřichův Hradec;1994-01-01;19;D;CZ;1994;#N/A;#N/A;#N/A;#N/A;#N/A
Jinín;;17;D;CZ;1899;#N/A;#N/A;#N/A;#N/A;#N/A
Jinošov;;21;C;CZ;1899;#N/A;#N/A;#N/A;#N/A;#N/A
Jirkov;;7;A;CZ;1899;#N/A;#N/A;#N/A;#N/A;#N/A
Jirny;2003-08-10;9;C;CZ;2003;#N/A;#N/A;#N/A;#N/A;#N/A
Jírovice;1994-01-01;19;A;CZ;1994;#N/A;#N/A;#N/A;#N/A;#N/A
Jiřetín pod Jedlovou;;3;A;CZ;1899;#N/A;#N/A;#N/A;#N/A;#N/A
Jiřice (Mělník);;8;D;CZ;1899;#N/A;#N/A;#N/A;#N/A;#N/A
Jiřice (PeIhřimov);;20;A;CZ;1899;#N/A;#N/A;#N/A;#N/A;#N/A
Jiřice u Miroslavi;2023-05-01;35;B;CZ;2023;#N/A;#N/A;#N/A;#N/A;#N/A
Jiříkov;;3;A;CZ;1899;#N/A;#N/A;#N/A;#N/A;#N/A
Jistebnice;;18;D;CZ;1899;#N/A;#N/A;#N/A;#N/A;#N/A
Jistebník;1994-01-01;24;A;CZ;1994;#N/A;#N/A;#N/A;#N/A;#N/A
Jítrava;;3;A;CZ;1899;#N/A;#N/A;#N/A;#N/A;#N/A
Jívová;;23;A;CZ;1899;#N/A;#N/A;#N/A;#N/A;#N/A
Jizerka;;4;A;CZ;1899;#N/A;#N/A;#N/A;#N/A;#N/A
Josefův Důl;2009-05-08;3;B;CZ;2009;#N/A;#N/A;#N/A;#N/A;#N/A
Jovice;2019-08-18;41;D;SK;2019;48,6330044;20,5517553;Slovensko;Košický kraj;okres Rožňava
Jovsa;2020-07-28;44;A;SK;2020;48,8199458;22,0957487;Slovensko;Košický kraj;okres Michalovce
Jur nad Hronom;1994-01-01;48;B;SK;1994;48,1255634;18,6278816;Slovensko;Nitriansky kraj;okres Levice
Jur pri Bratislave;1994-01-01;46;B;SK;1994;48,2541879;17,2127253;Slovensko;Bratislavský kraj;okres Pezinok
Jurová;1996-05-19;47;C;SK;1996;47,9349144;17,5220539;Slovensko;Trnavský kraj;okres Dunajská Streda
Juskova Voľa;;43;A;SK;1899;48,8784905;21,5669737;Slovensko;Prešovský kraj;okres Vranov nad Topľou
Kaceřov (Plzeň-sever);;7;C;CZ;1899;#N/A;#N/A;#N/A;#N/A;#N/A
Kaceřov (Sokolov);;5;D;CZ;1899;#N/A;#N/A;#N/A;#N/A;#N/A
Kácov;;19;B;CZ;1899;#N/A;#N/A;#N/A;#N/A;#N/A
Kačice;;8;C;CZ;1899;#N/A;#N/A;#N/A;#N/A;#N/A
Kadaň;;7;A;CZ;1899;#N/A;#N/A;#N/A;#N/A;#N/A
Kadaňský Rohozec;;7;A;CZ;1899;#N/A;#N/A;#N/A;#N/A;#N/A
Kadlín;;9;A;CZ;1899;#N/A;#N/A;#N/A;#N/A;#N/A
Kadov;;17;D;CZ;1899;#N/A;#N/A;#N/A;#N/A;#N/A
Kajal;2025-08-16;47;B;SK;2025;48,1855384;17,7863393;Slovensko;Trnavský kraj;okres Galanta
Kalek;;7;A;CZ;1899;#N/A;#N/A;#N/A;#N/A;#N/A
Kalinčiakovo;1994-01-01;49;A;SK;1994;48,2003406;18,6602821;Slovensko;Nitriansky kraj;okres Levice
Kalinov;2020-06-19;29;D;SK;2020;49,3179194;21,9211763;Slovensko;Prešovský kraj;okres Medzilaborce
Kalinovo;2019-06-22;40;D;SK;2019;48,3948069;19,7084748;Slovensko;Banskobystrický kraj;okres Poltár
Kaliště (Jihlava);;19;D;CZ;1899;#N/A;#N/A;#N/A;#N/A;#N/A
Kaliště (Pelhřimov);;19;B;CZ;1899;#N/A;#N/A;#N/A;#N/A;#N/A
Kálna nad Hronom;1994-01-01;48;B;SK;1994;48,1997294;18,5185286;Slovensko;Nitriansky kraj;okres Levice
Kalná Roztoka;2026-06-01;44;A;SK;2026;48,9683462;22,3150124;Slovensko;Prešovský kraj;okres Snina
Kálnica;2021-10-10;37;D;SK;2021;48,7635953;17,9211908;Slovensko;Trenčiansky kraj;okres Nové Mesto nad Váhom
Kalonda;;50;B;SK;1899;48,2578802;19,6560315;Slovensko;Banskobystrický kraj;okres Lučenec
Kamanová;;38;C;SK;1899;48,4736571;18,100367;Slovensko;Nitriansky kraj;okres Topoľčany
Kámen;2018-10-29;19;D;CZ;2018;#N/A;#N/A;#N/A;#N/A;#N/A
Kameňany;2018-07-01;41;D;SK;2018;48,5772898;20,1913084;Slovensko;Banskobystrický kraj;okres Revúca
Kamenec pod Vtáčnikom;2025-05-02;38;D;SK;2025;48,6718679;18,5472974;Slovensko;Trenčiansky kraj;okres Prievidza
Kamenec u Poličky;;21;A;CZ;1899;#N/A;#N/A;#N/A;#N/A;#N/A
Kamenica nad Cirochou;2026-06-02;44;A;SK;2026;48,9315807;21,9957848;Slovensko;Prešovský kraj;okres Humenné
Kamenica nad Hronom;1994-01-01;49;C;SK;1994;47,831365;18,7255004;Slovensko;Nitriansky kraj;okres Nové Zámky
Kamenice (Jihlava);;20;D;CZ;1899;#N/A;#N/A;#N/A;#N/A;#N/A
Kamenice (Praha-východ);;8;D;CZ;1899;#N/A;#N/A;#N/A;#N/A;#N/A
Kamenice nad Lipou;1994-01-01;19;D;CZ;1994;#N/A;#N/A;#N/A;#N/A;#N/A
Kamenický Šenov;;2;B;CZ;1899;#N/A;#N/A;#N/A;#N/A;#N/A
Kameničky;;20;B;CZ;1899;#N/A;#N/A;#N/A;#N/A;#N/A
Kameničná;2018-07-01;48;C;SK;2018;47,8186523;18,042375;Slovensko;Nitriansky kraj;okres Komárno
Kamenín;1994-01-01;48;D;SK;1994;47,8874765;18,6426072;Slovensko;Nitriansky kraj;okres Nové Zámky
Kamenná Poruba;2021-07-26;39;A;SK;2021;48,8477956;21,6554587;Slovensko;Prešovský kraj;okres Vranov nad Topľou
Kamenné Žehrovice;;8;C;CZ;1899;#N/A;#N/A;#N/A;#N/A;#N/A
Kamenný Most;1994-01-01;49;C;SK;1994;47,8523806;18,6566838;Slovensko;Nitriansky kraj;okres Nové Zámky
Kamenný Přívoz;1994-01-01;18;B;CZ;1994;#N/A;#N/A;#N/A;#N/A;#N/A
Kamenný Újezd (České Budějovice);;32;B;CZ;1899;#N/A;#N/A;#N/A;#N/A;#N/A
Kamenný Újezd (Rokycany);;17;B;CZ;1899;#N/A;#N/A;#N/A;#N/A;#N/A
Kamienka;1994-01-01;27;D;SK;1994;48,9057957;21,999438;Slovensko;Prešovský kraj;okres Humenné
Kamýk nad Vltavou;;18;A;CZ;1899;#N/A;#N/A;#N/A;#N/A;#N/A
Kanice;;16;B;CZ;1899;#N/A;#N/A;#N/A;#N/A;#N/A
Kaplice;2024-03-30;32;B;CZ;2024;#N/A;#N/A;#N/A;#N/A;#N/A
Kapušany;1994-01-01;42;B;SK;1994;49,0446781;21,3322446;Slovensko;Prešovský kraj;okres Prešov
Kapušianske Kľáčany;;44;C;SK;1899;48,5301199;22,1062395;Slovensko;Košický kraj;okres Michalovce
Káraný;;9;C;CZ;1899;#N/A;#N/A;#N/A;#N/A;#N/A
Kardašova Řečice;2018-11-01;19;C;CZ;2018;#N/A;#N/A;#N/A;#N/A;#N/A
Karle;;21;B;CZ;1899;#N/A;#N/A;#N/A;#N/A;#N/A
Karlova Studánka;;12;D;CZ;1899;#N/A;#N/A;#N/A;#N/A;#N/A
Karlova Ves;1994-01-01;46;B;SK;1994;48,1592404;17,0526768;Slovensko;Bratislavský kraj;
Karlovice;2022-04-15;13;C;CZ;2022;#N/A;#N/A;#N/A;#N/A;#N/A
Karlovy Vary;;6;A;CZ;1899;#N/A;#N/A;#N/A;#N/A;#N/A
Karlštejn;1995-07-29;8;C;CZ;1995;#N/A;#N/A;#N/A;#N/A;#N/A
Karná;;43;B;SK;1899;48,9844958;21,8060267;Slovensko;Prešovský kraj;okres Humenné
Karolinka;2018-07-01;24;C;CZ;2018;#N/A;#N/A;#N/A;#N/A;#N/A
Karviná;;24;B;CZ;1899;#N/A;#N/A;#N/A;#N/A;#N/A
Karviná - Doly;;24;B;CZ;1899;#N/A;#N/A;#N/A;#N/A;#N/A
Kařez;1994-01-01;17;B;CZ;1994;#N/A;#N/A;#N/A;#N/A;#N/A
Kasejovice;;17;C;CZ;1899;#N/A;#N/A;#N/A;#N/A;#N/A
Kašava;;23;D;CZ;1899;#N/A;#N/A;#N/A;#N/A;#N/A
Kašperské Hory;;17;C;CZ;1899;#N/A;#N/A;#N/A;#N/A;#N/A
Kaštice;;7;A;CZ;1899;#N/A;#N/A;#N/A;#N/A;#N/A
Kateřinice;;23;D;CZ;1899;#N/A;#N/A;#N/A;#N/A;#N/A
Kátlovce;;37;C;SK;1899;48,5253817;17,6098435;Slovensko;Trnavský kraj;okres Trnava
Katovice;1995-08-09;17;D;CZ;1995;#N/A;#N/A;#N/A;#N/A;#N/A
Katušice;;9;A;CZ;1899;#N/A;#N/A;#N/A;#N/A;#N/A
Kavečany;;42;B;SK;1899;48,7748988;21,2067674;Slovensko;Košický kraj;
Kaznějov;2018-07-01;7;C;CZ;2018;#N/A;#N/A;#N/A;#N/A;#N/A
Kbel (Mladá Boleslav);;9;A;CZ;1899;#N/A;#N/A;#N/A;#N/A;#N/A
Kbel (Plzeň-jih);;17;A;CZ;1899;#N/A;#N/A;#N/A;#N/A;#N/A
Kbely;;8;D;CZ;1899;#N/A;#N/A;#N/A;#N/A;#N/A
Kdyně;;16;D;CZ;1899;#N/A;#N/A;#N/A;#N/A;#N/A
Keblov;;19;B;CZ;1899;#N/A;#N/A;#N/A;#N/A;#N/A
Kecerovce;2020-07-29;43;A;SK;2020;48,8258768;21,4144918;Slovensko;Košický kraj;okres Košice - okolie
Kecerovské Pekľany;;43;A;SK;1899;48,8266585;21,4149231;Slovensko;Košický kraj;okres Košice - okolie
Kečovo;1994-01-01;41;D;SK;1994;48,4926227;20,483668;Slovensko;Košický kraj;okres Rožňava
Kejžlice;;20;A;CZ;1899;#N/A;#N/A;#N/A;#N/A;#N/A
Kelč;;23;D;CZ;1899;#N/A;#N/A;#N/A;#N/A;#N/A
Kelča;;43;B;SK;1899;49,0606073;21,6951547;Slovensko;Prešovský kraj;okres Vranov nad Topľou
Kendice;1994-01-01;42;B;SK;1994;48,9250566;21,243099;Slovensko;Prešovský kraj;okres Prešov
Kestřany;;18;C;CZ;1899;#N/A;#N/A;#N/A;#N/A;#N/A
Ketkovice;;21;C;CZ;1899;#N/A;#N/A;#N/A;#N/A;#N/A
Kežmarok;1994-01-01;27;D;SK;1994;49,1362088;20,4308701;Slovensko;Prešovský kraj;okres Kežmarok
Kiarov;2018-07-01;50;A;SK;2018;48,1100682;19,4104946;Slovensko;Banskobystrický kraj;okres Veľký Krtíš
Kišovce;1994-01-01;41;B;SK;1994;49,0204731;20,3732055;Slovensko;Prešovský kraj;okres Poprad
Kľačno;1994-01-01;38;B;SK;1994;48,9102606;18,6566593;Slovensko;Trenčiansky kraj;okres Prievidza
Kladky;;22;A;CZ;1899;#N/A;#N/A;#N/A;#N/A;#N/A
Kladná - Žilín;;37;B;CZ;1899;#N/A;#N/A;#N/A;#N/A;#N/A
Kladné;;32;A;CZ;1899;#N/A;#N/A;#N/A;#N/A;#N/A
Kladno;;8;C;CZ;1899;#N/A;#N/A;#N/A;#N/A;#N/A
Kladruby;;16;B;CZ;1899;#N/A;#N/A;#N/A;#N/A;#N/A
Kladruby nad Labem;;10;C;CZ;1899;#N/A;#N/A;#N/A;#N/A;#N/A
Kľak;;38;D;SK;1899;48,5826196;18,6438171;Slovensko;Banskobystrický kraj;okres Žarnovica
Klánovice;1994-01-01;9;C;CZ;1994;#N/A;#N/A;#N/A;#N/A;#N/A
Klapý;;8;A;CZ;1899;#N/A;#N/A;#N/A;#N/A;#N/A
Klasov;2023-08-19;48;A;SK;2023;48,2762773;18,2579624;Slovensko;Nitriansky kraj;okres Nitra
Klášter;;17;A;CZ;1899;#N/A;#N/A;#N/A;#N/A;#N/A
Klášter Hradiště nad Jizerou;;9;B;CZ;1899;#N/A;#N/A;#N/A;#N/A;#N/A
Klášterec;;31;B;CZ;1899;#N/A;#N/A;#N/A;#N/A;#N/A
Klášterec nad Ohří;;6;B;CZ;1899;#N/A;#N/A;#N/A;#N/A;#N/A
Klášterec nad Orlicí;;11;D;CZ;1899;#N/A;#N/A;#N/A;#N/A;#N/A
Klášterecká Jeseň;;6;B;CZ;1899;#N/A;#N/A;#N/A;#N/A;#N/A
Kláštor pod Znievom;1994-01-01;39;A;SK;1994;48,9743989;18,8019261;Slovensko;Žilinský kraj;okres Martin
Klátova Nová Ves;2018-07-01;38;C;SK;2018;48,5632384;18,3093087;Slovensko;Trenčiansky kraj;okres Partizánske
Klatovy;1995-07-31;16;D;CZ;1995;#N/A;#N/A;#N/A;#N/A;#N/A
Klčov;1994-01-01;41;B;SK;1994;49,0024511;20,6690863;Slovensko;Prešovský kraj;okres Levoča
Klecany;;8;D;CZ;1899;#N/A;#N/A;#N/A;#N/A;#N/A
Kleňany;2018-07-01;49;B;SK;2018;48,1176454;19,073115;Slovensko;Banskobystrický kraj;okres Veľký Krtíš
Klenčí pod Čerchovem;;16;C;CZ;1899;#N/A;#N/A;#N/A;#N/A;#N/A
Kleneč;;8;B;CZ;1899;#N/A;#N/A;#N/A;#N/A;#N/A
Klenice;;10;B;CZ;1899;#N/A;#N/A;#N/A;#N/A;#N/A
Klenov;;42;B;SK;1899;48,9293765;21,0549607;Slovensko;Prešovský kraj;okres Prešov
Klenová (Humenné);;44;A;SK;1899;49,0675482;21,8863624;Slovensko;Prešovský kraj;okres Humenné
Klenová (Jindřichův Hradec);;33;B;CZ;1899;#N/A;#N/A;#N/A;#N/A;#N/A
Klenová (Klatovy);;16;D;CZ;1899;#N/A;#N/A;#N/A;#N/A;#N/A
Klenovec;1994-01-01;40;D;SK;1994;48,5969854;19,8904579;Slovensko;Banskobystrický kraj;okres Rimavská Sobota
Klenovice na Hané;;22;D;CZ;1899;#N/A;#N/A;#N/A;#N/A;#N/A
Klepačov;;21;D;CZ;1899;#N/A;#N/A;#N/A;#N/A;#N/A
Klíčany;1994-01-01;8;D;CZ;1994;#N/A;#N/A;#N/A;#N/A;#N/A
Klíčov;;16;C;CZ;1899;#N/A;#N/A;#N/A;#N/A;#N/A
Klikov;;33;A;CZ;1899;#N/A;#N/A;#N/A;#N/A;#N/A
Klimkovice;2003-10-03;24;A;CZ;2003;#N/A;#N/A;#N/A;#N/A;#N/A
Klin;1994-01-01;26;C;SK;1994;49,4350714;19,4971363;Slovensko;Žilinský kraj;okres Námestovo
Klíny;;1;B;CZ;1899;#N/A;#N/A;#N/A;#N/A;#N/A
Klíž;2018-07-01;;;SK;2018;48,5524669;18,3678102;Slovensko;Trenčiansky kraj;okres Partizánske
Klížska Nemá;2025-08-02;47;D;SK;2025;47,7514804;17,8199414;Slovensko;Nitriansky kraj;okres Komárno
Klížske Hradište;2018-07-01;38;D;SK;2018;48,5566867;18,3712389;Slovensko;Trenčiansky kraj;okres Partizánske
Kloboučky;;36;B;CZ;1899;#N/A;#N/A;#N/A;#N/A;#N/A
Klobouky;;36;A;CZ;1899;#N/A;#N/A;#N/A;#N/A;#N/A
Klobuky;;8;A;CZ;1899;#N/A;#N/A;#N/A;#N/A;#N/A
Klobušice;2019-09-29;38;A;SK;2019;48,9861271;18,21886;Slovensko;Trenčiansky kraj;okres Ilava
Klokočov (Čadca);2004-02-14;24;D;SK;2004;49,4478165;18,5664277;Slovensko;Žilinský kraj;okres Čadca
Klokočov (Havlíčkův Brod);;20;B;CZ;1899;#N/A;#N/A;#N/A;#N/A;#N/A
Klokočov (Michalovce);;44;A;SK;1899;48,8143498;22,0296342;Slovensko;Košický kraj;okres Michalovce
Klokočov (Opava);;23;B;CZ;1899;#N/A;#N/A;#N/A;#N/A;#N/A
Klubina;1994-01-01;25;C;SK;1994;49,3540142;18,8941435;Slovensko;Žilinský kraj;okres Čadca
Kľúčovec;2025-08-02;47;D;SK;2025;47,7957675;17,7165402;Slovensko;Trnavský kraj;okres Dunajská Streda
Kluk;;9;D;CZ;1899;#N/A;#N/A;#N/A;#N/A;#N/A
Kluknava;1994-01-01;42;A;SK;1994;48,9221;20,9384978;Slovensko;Košický kraj;okres Gelnica
Kluky;;18;C;CZ;1899;#N/A;#N/A;#N/A;#N/A;#N/A
Kľušov;1994-01-01;28;D;SK;1994;49,2477263;21,2566642;Slovensko;Prešovský kraj;okres Bardejov
Kly;;8;B;CZ;1899;#N/A;#N/A;#N/A;#N/A;#N/A
Kmeťovo;2023-08-19;48;A;SK;2023;48,1680489;18,2795321;Slovensko;Nitriansky kraj;okres Nové Zámky
Kněždub;;37;A;CZ;1899;#N/A;#N/A;#N/A;#N/A;#N/A
Kněževes (Praha-západ);;8;C;CZ;1899;#N/A;#N/A;#N/A;#N/A;#N/A
Kněževes (Rakovník);;7;D;CZ;1899;#N/A;#N/A;#N/A;#N/A;#N/A
Kněžice (Nymburk);;10;C;CZ;1899;#N/A;#N/A;#N/A;#N/A;#N/A
Kněžice (Třebíč);;20;D;CZ;1899;#N/A;#N/A;#N/A;#N/A;#N/A
Kněžmost;;9;B;CZ;1899;#N/A;#N/A;#N/A;#N/A;#N/A
Kněžnice;;10;A;CZ;1899;#N/A;#N/A;#N/A;#N/A;#N/A
Knínice u Boskovic;;22;A;CZ;1899;#N/A;#N/A;#N/A;#N/A;#N/A
Knovíz;;8;C;CZ;1899;#N/A;#N/A;#N/A;#N/A;#N/A
Koberovy;;9;B;CZ;1899;#N/A;#N/A;#N/A;#N/A;#N/A
Kobeřice (Opava);;14;C;CZ;1899;#N/A;#N/A;#N/A;#N/A;#N/A
Kobeřice (Vyškov);;36;A;CZ;1899;#N/A;#N/A;#N/A;#N/A;#N/A
Koblov;;24;A;CZ;1899;#N/A;#N/A;#N/A;#N/A;#N/A
Kobylí;;36;A;CZ;1899;#N/A;#N/A;#N/A;#N/A;#N/A
Kobylnice;2019-09-04;36;A;CZ;2019;#N/A;#N/A;#N/A;#N/A;#N/A
Kobyly (Bardejov);1994-01-01;28;D;SK;1994;49,2139868;21,2962352;Slovensko;Prešovský kraj;okres Bardejov
Kobyly (Liberec);;9;B;CZ;1899;#N/A;#N/A;#N/A;#N/A;#N/A
Kocbeře;;10;B;CZ;1899;#N/A;#N/A;#N/A;#N/A;#N/A
Kocelovice;;17;D;CZ;1899;#N/A;#N/A;#N/A;#N/A;#N/A
Koclířov;;21;B;CZ;1899;#N/A;#N/A;#N/A;#N/A;#N/A
Kočí;;10;D;CZ;1899;#N/A;#N/A;#N/A;#N/A;#N/A
Kohoutovice;;21;D;CZ;1899;#N/A;#N/A;#N/A;#N/A;#N/A
Kochanovce (Bardejov);2020-07-21;29;C;SK;2020;49,1904029;21,3865974;Slovensko;Prešovský kraj;okres Bardejov
Kochanovce (Humenné);;43;B;SK;1899;48,9537933;21,9418492;Slovensko;Prešovský kraj;okres Humenné
Kojatice;2020-08-10;42;B;SK;2020;48,9982023;21,1302948;Slovensko;Prešovský kraj;okres Prešov
Kojátky;;22;D;CZ;1899;#N/A;#N/A;#N/A;#N/A;#N/A
Kojetice;;8;D;CZ;1899;#N/A;#N/A;#N/A;#N/A;#N/A
Kojetín;;22;D;CZ;1899;#N/A;#N/A;#N/A;#N/A;#N/A
Kojice;1994-01-01;10;C;CZ;1994;#N/A;#N/A;#N/A;#N/A;#N/A
Kojšov;;42;A;SK;1899;48,8219398;20,9882394;Slovensko;Košický kraj;okres Gelnica
Kokašice;;6;D;CZ;1899;#N/A;#N/A;#N/A;#N/A;#N/A
Kokava nad Rimavicou;1994-01-01;40;D;SK;1994;48,570796;19,8410528;Slovensko;Banskobystrický kraj;okres Poltár
Kokory;;23;C;CZ;1899;#N/A;#N/A;#N/A;#N/A;#N/A
Kokořín;;8;B;CZ;1899;#N/A;#N/A;#N/A;#N/A;#N/A
Kokošovce;;42;B;SK;1899;48,9457295;21,3394479;Slovensko;Prešovský kraj;okres Prešov
Kolačkov;2022-07-09;27;D;SK;2022;49,2625789;20,6287093;Slovensko;Prešovský kraj;okres Stará Ľubovňa
Kolačno;;38;D;SK;1899;48,5935044;18,42686;Slovensko;Trenčiansky kraj;okres Partizánske
Kolárovice;1995-07-26;24;D;SK;1995;49,2752487;18,5323123;Slovensko;Žilinský kraj;okres Bytča
Kolárovo;1994-01-01;48;C;SK;1994;47,9182347;17,9966591;Slovensko;Nitriansky kraj;okres Komárno
Koláry;2018-07-01;49;B;SK;2018;48,0684;19,25928;Slovakia;Banskobystrický kraj;okres Veľký Krtíš
Kolbasov;;44;B;SK;1899;49,0071277;22,3821503;Slovensko;Prešovský kraj;okres Snina
Koldín;;11;C;CZ;1899;#N/A;#N/A;#N/A;#N/A;#N/A
Kolešov;;7;C;CZ;1899;#N/A;#N/A;#N/A;#N/A;#N/A
Kolešovice;;7;D;CZ;1899;#N/A;#N/A;#N/A;#N/A;#N/A
Kolín;1994-01-01;9;D;CZ;1994;#N/A;#N/A;#N/A;#N/A;#N/A
Kolíňany;2018-07-01;48;A;SK;2018;48,3597711;18,1951113;Slovensko;Nitriansky kraj;okres Nitra
Kolinec;;17;C;CZ;1899;#N/A;#N/A;#N/A;#N/A;#N/A
Kolný;;32;B;CZ;1899;#N/A;#N/A;#N/A;#N/A;#N/A
Koloděje;;9;C;CZ;1899;#N/A;#N/A;#N/A;#N/A;#N/A
Koloděje nad Lužnicí;;18;D;CZ;1899;#N/A;#N/A;#N/A;#N/A;#N/A
Kolonica;;44;A;SK;1899;48,9569949;22,2570221;Slovensko;Prešovský kraj;okres Snina
Koloveč;;16;B;CZ;1899;#N/A;#N/A;#N/A;#N/A;#N/A
Kolovraty;;9;C;CZ;1899;#N/A;#N/A;#N/A;#N/A;#N/A
Kolta;2024-05-25;48;B;SK;2024;48,0176388;18,4138373;Slovensko;Nitriansky kraj;okres Nové Zámky
Komárno;1994-01-01;48;C;SK;1994;47,7574079;18,1298249;Slovensko;Nitriansky kraj;okres Komárno
Komárov (Beroun);;17;B;CZ;1899;#N/A;#N/A;#N/A;#N/A;#N/A
Komárov (Opava);;23;B;CZ;1899;#N/A;#N/A;#N/A;#N/A;#N/A
Komjatice;1994-01-01;48;A;SK;1994;48,1522793;18,1686035;Slovensko;Nitriansky kraj;okres Nové Zámky
Komjatná;1994-01-01;25;D;SK;1994;49,1461558;19,2437622;Slovensko;Žilinský kraj;okres Ružomberok
Komňa;;37;B;CZ;1899;#N/A;#N/A;#N/A;#N/A;#N/A
Komoča;1994-01-01;48;C;SK;1994;47,9498145;18,0227382;Slovensko;Nitriansky kraj;okres Nové Zámky
Komorní Lhotka;;24;B;CZ;1899;#N/A;#N/A;#N/A;#N/A;#N/A
Komorovice;;20;C;CZ;1899;#N/A;#N/A;#N/A;#N/A;#N/A
Komořany (Most);;7;B;CZ;1899;#N/A;#N/A;#N/A;#N/A;#N/A
Komořany (Praha-západ);;8;D;CZ;1899;#N/A;#N/A;#N/A;#N/A;#N/A
Komořany (Vyškov);2019-09-04;22;C;CZ;2019;#N/A;#N/A;#N/A;#N/A;#N/A
Konárovice;;9;D;CZ;1899;#N/A;#N/A;#N/A;#N/A;#N/A
Kondrac;;19;A;CZ;1899;#N/A;#N/A;#N/A;#N/A;#N/A
Konecchlumí;;10;A;CZ;1899;#N/A;#N/A;#N/A;#N/A;#N/A
Koněprusy;;8;C;CZ;1899;#N/A;#N/A;#N/A;#N/A;#N/A
Koněšín;;21;C;CZ;1899;#N/A;#N/A;#N/A;#N/A;#N/A
Koniarovce;;38;C;SK;1899;48,4293925;18,0929645;Slovensko;Nitriansky kraj;okres Topoľčany
Konice;;22;A;CZ;1899;#N/A;#N/A;#N/A;#N/A;#N/A
Konice u Znojma;;35;A;CZ;1899;#N/A;#N/A;#N/A;#N/A;#N/A
Konojedy (Kolín);;9;C;CZ;1899;#N/A;#N/A;#N/A;#N/A;#N/A
Konojedy (Litoméřice);;8;B;CZ;1899;#N/A;#N/A;#N/A;#N/A;#N/A
Konopiště;;19;A;CZ;1899;#N/A;#N/A;#N/A;#N/A;#N/A
Konrádovce;;50;B;SK;1899;48,2991221;19,9043263;Slovensko;Banskobystrický kraj;okres Rimavská Sobota
Konská;1994-01-01;39;A;SK;1994;49,1166667;19,7166667;Slovensko;Žilinský kraj;okres Liptovský Mikuláš
Konstantinovy Lázně;1994-01-01;6;D;CZ;1994;#N/A;#N/A;#N/A;#N/A;#N/A
Kopaniny;;5;B;CZ;1899;#N/A;#N/A;#N/A;#N/A;#N/A
Kopčany;2009-12-15;36;B;SK;2009;48,7877929;17,116995;Slovensko;Trnavský kraj;okres Skalica
Kopeček u Olomouce;1994-01-01;23;A;CZ;1994;#N/A;#N/A;#N/A;#N/A;#N/A
Kopernica;1997-09-06;39;C;SK;1997;48,6852942;18,8739967;Slovensko;Banskobystrický kraj;okres Žiar nad Hronom
Kopidlno;;9;B;CZ;1899;#N/A;#N/A;#N/A;#N/A;#N/A
Kopidlo;;7;C;CZ;1899;#N/A;#N/A;#N/A;#N/A;#N/A
Kopisty;;7;B;CZ;1899;#N/A;#N/A;#N/A;#N/A;#N/A
Koprivnica;2020-06-17;29;C;SK;2020;49,1574529;21,3977873;Slovensko;Prešovský kraj;okres Bardejov
Koprník;;9;B;CZ;1899;#N/A;#N/A;#N/A;#N/A;#N/A
Kopřivná;;12;C;CZ;1899;#N/A;#N/A;#N/A;#N/A;#N/A
Kopřivnice;2003-10-04;24;A;CZ;2003;#N/A;#N/A;#N/A;#N/A;#N/A
Kordíky;1994-01-01;39;B;SK;1994;48,7724905;19,0232117;Slovensko;Banskobystrický kraj;okres Banská Bystrica
Korňa;2004-02-14;24;D;SK;2004;49,4142681;18,5471041;Slovensko;Žilinský kraj;okres Čadca
Korouhev;;21;A;CZ;1899;#N/A;#N/A;#N/A;#N/A;#N/A
Korozluky;;7;B;CZ;1899;#N/A;#N/A;#N/A;#N/A;#N/A
Korunní;;6;B;CZ;1899;#N/A;#N/A;#N/A;#N/A;#N/A
Koryčany;;36;B;CZ;1899;#N/A;#N/A;#N/A;#N/A;#N/A
Korytná;;37;A;CZ;1899;#N/A;#N/A;#N/A;#N/A;#N/A
Korytnica - kúpele;1994-01-01;39;B;SK;1994;48,8896159;19,2846583;Slovensko;Žilinský kraj;okres Ružomberok
Kořenec;;22;C;CZ;1899;#N/A;#N/A;#N/A;#N/A;#N/A
Kořenov;;4;A;CZ;1899;#N/A;#N/A;#N/A;#N/A;#N/A
Kosičky;;10;C;CZ;1899;#N/A;#N/A;#N/A;#N/A;#N/A
Kosihovce;;49;B;SK;1899;48,1820443;19,2022597;Slovensko;Banskobystrický kraj;okres Veľký Krtíš
Kosihy nad Ipľom;2018-07-01;49;B;SK;2018;48,0757821;19,1739876;Slovensko;Banskobystrický kraj;okres Veľký Krtíš
Kosmonosy;;9;B;CZ;1899;#N/A;#N/A;#N/A;#N/A;#N/A
Kosorín;1997-09-06;39;C;SK;1997;48,651323;18,8083703;Slovensko;Banskobystrický kraj;okres Žiar nad Hronom
Kosova Hora;;18;B;CZ;1899;#N/A;#N/A;#N/A;#N/A;#N/A
Kostelany nad Moravou;;37;A;CZ;1899;#N/A;#N/A;#N/A;#N/A;#N/A
Kostelec (Hodonín);;36;B;CZ;1899;#N/A;#N/A;#N/A;#N/A;#N/A
Kostelec (Jihlava);;20;C;CZ;1899;#N/A;#N/A;#N/A;#N/A;#N/A
Kostclec (Plzeň-sever);;16;B;CZ;1899;#N/A;#N/A;#N/A;#N/A;#N/A
Kostelec na Hané;;22;D;CZ;1899;#N/A;#N/A;#N/A;#N/A;#N/A
Kostelec nad Černými Lesy;;9;C;CZ;1899;#N/A;#N/A;#N/A;#N/A;#N/A
Kostelec nad Labem;;8;D;CZ;1899;#N/A;#N/A;#N/A;#N/A;#N/A
Kostelec nad Orlicí;;11;C;CZ;1899;#N/A;#N/A;#N/A;#N/A;#N/A
Kostelec nad Vltovou;;18;A;CZ;1899;#N/A;#N/A;#N/A;#N/A;#N/A
Kostelec u Gottwaldova;;23;D;CZ;1899;#N/A;#N/A;#N/A;#N/A;#N/A
Kostelec u Heřmanova Městce;;10;D;CZ;1899;#N/A;#N/A;#N/A;#N/A;#N/A
Kostelec u Holešova;;23;C;CZ;1899;#N/A;#N/A;#N/A;#N/A;#N/A
Kostelecká Lhota;;11;C;CZ;1899;#N/A;#N/A;#N/A;#N/A;#N/A
Kostelní Bříza;;6;C;CZ;1899;#N/A;#N/A;#N/A;#N/A;#N/A
Kostelní Hlavno;;9;C;CZ;1899;#N/A;#N/A;#N/A;#N/A;#N/A
Kostelní Lhota;;9;D;CZ;1899;#N/A;#N/A;#N/A;#N/A;#N/A
Kostěnice;1994-01-01;10;D;CZ;1994;#N/A;#N/A;#N/A;#N/A;#N/A
Kostice;2020-06-27;36;C;CZ;2020;#N/A;#N/A;#N/A;#N/A;#N/A
Kostoľany pod Tribečom;2018-07-01;38;C;SK;2018;48,4146308;18,2420957;Slovensko;Nitriansky kraj;okres Zlaté Moravce
Kostolište;1998-06-01;36;C;SK;1998;48,444815;16,984649;Slovensko;Bratislavský kraj;okres Malacky
Kostolné;2018-09-01;37;D;SK;2018;48,7366063;17,7077937;Slovensko;Trenčiansky kraj;okres Myjava
Kostolné Kračany;2025-08-02;47;C;SK;2025;47,9825057;17,5758405;Slovensko;Trnavský kraj;okres Dunajská Streda
Kostolný Sek;2024-08-04;48;A;SK;2024;48,0970296;18,1838165;Slovensko;Nitriansky kraj;okres Nové Zámky
Kostomlaty nad Labem;;9;D;CZ;1899;#N/A;#N/A;#N/A;#N/A;#N/A
Kostomlaty pod Milešovkou;;7;B;CZ;1899;#N/A;#N/A;#N/A;#N/A;#N/A
Kostomlaty pod Řípem;;8;B;CZ;1899;#N/A;#N/A;#N/A;#N/A;#N/A
Koš;1994-01-01;38;D;SK;1994;48,7376257;18,6009674;Slovensko;Trenčiansky kraj;okres Prievidza
Košariská;2018-09-01;37;C;SK;2018;48,6706221;17,5969267;Slovensko;Trenčiansky kraj;okres Myjava
Košeca;1994-01-01;38;A;SK;1994;49,0087638;18,2593391;Slovensko;Trenčiansky kraj;okres Ilava
Košecké Rovné;1994-01-01;38;B;SK;1994;48,960394;18,4106575;Slovensko;Trenčiansky kraj;okres Ilava
Košetice;;19;B;CZ;1899;#N/A;#N/A;#N/A;#N/A;#N/A
Košice (Košice);1994-01-01;42;B;SK;1994;48,7172272;21,2496774;Slovensko;Košický kraj;
Košice (Tábor);2018-11-01;19;C;CZ;2018;#N/A;#N/A;#N/A;#N/A;#N/A
Košická Belá;;42;B;SK;1899;48,8041922;21,1056733;Slovensko;Košický kraj;okres Košice - okolie
Košická Nová Ves;2002-09-28;42;B;SK;2002;48,7292353;21,3015763;Slovensko;Košický kraj;
Košická Polianka;2026-05-31;43;C;SK;2026;48,6937184;21,3453724;Slovensko;Košický kraj;okres Košice - okolie
Košické Hámre;;42;B;SK;1899;48,8286343;21,080121;Slovensko;Košický kraj;okres Košice - okolie
Košické Olšany;2002-09-28;43;A;SK;2002;48,7316271;21,3441642;Slovensko;Košický kraj;okres Košice - okolie
Košíky;;23;C;CZ;1899;#N/A;#N/A;#N/A;#N/A;#N/A
Košín;1994-01-01;19;C;CZ;1994;#N/A;#N/A;#N/A;#N/A;#N/A
Koškovce;;43;B;SK;1899;49,0468766;21,9557418;Slovensko;Prešovský kraj;okres Humenné
Košťálov;;10;A;CZ;1899;#N/A;#N/A;#N/A;#N/A;#N/A
Košťany;;1;B;CZ;1899;#N/A;#N/A;#N/A;#N/A;#N/A
Košťany nad Turcom;1994-01-01;39;A;SK;1994;49,0304112;18,901709;Slovensko;Žilinský kraj;okres Martin
Koštice;;8;A;CZ;1899;#N/A;#N/A;#N/A;#N/A;#N/A
Košúty;2019-06-02;47;A;SK;2019;48,1715682;17,6582033;Slovensko;Trnavský kraj;okres Galanta
Kotešová;1994-01-01;24;D;SK;1994;49,2406869;18,5971827;Slovensko;Žilinský kraj;okres Bytča
Kotrčiná Lúčka;1995-07-28;25;C;SK;1995;49,2512599;18,8381344;Slovensko;Žilinský kraj;okres Žilina
Kotvrdovice;;22;C;CZ;1899;#N/A;#N/A;#N/A;#N/A;#N/A
Kounice;;9;C;CZ;1899;#N/A;#N/A;#N/A;#N/A;#N/A
Kounov;;7;D;CZ;1899;#N/A;#N/A;#N/A;#N/A;#N/A
Kouřim;;9;D;CZ;1899;#N/A;#N/A;#N/A;#N/A;#N/A
Kout na Sumavě;;16;D;CZ;1899;#N/A;#N/A;#N/A;#N/A;#N/A
Kouty nad Desnou;2018-07-01;12;D;CZ;2018;#N/A;#N/A;#N/A;#N/A;#N/A
Kováčová;1994-01-01;39;D;SK;1994;48,6391972;20,6984604;Slovensko;Košický kraj;okres Rožňava
Kováčovce;;50;A;SK;1899;48,0949749;19,4579442;Slovensko;Banskobystrický kraj;okres Veľký Krtíš
Koválov;2020-08-22;36;D;SK;2020;48,7043477;17,2813154;Slovensko;Trnavský kraj;okres Senica
Kovarce;2018-07-01;38;C;SK;2018;48,4950841;18,1587856;Slovensko;Nitriansky kraj;okres Topoľčany
Kovářov;;18;A;CZ;1899;#N/A;#N/A;#N/A;#N/A;#N/A
Kovářská;;6;B;CZ;1899;#N/A;#N/A;#N/A;#N/A;#N/A
Kozárovce;1994-01-01;48;B;SK;1994;48,3179747;18,5217958;Slovensko;Nitriansky kraj;okres Levice
Kozárovice;;18;A;CZ;1899;#N/A;#N/A;#N/A;#N/A;#N/A
Kozelník;1994-01-01;39;D;SK;1994;48,5122549;18,9975931;Slovensko;Banskobystrický kraj;okres Banská Štiavnica
Kozlov;;20;D;CZ;1899;#N/A;#N/A;#N/A;#N/A;#N/A
Kozlovice (Frýdek-Místek);;24;A;CZ;1899;#N/A;#N/A;#N/A;#N/A;#N/A
Kozlovice (Přerov);;23;C;CZ;1899;#N/A;#N/A;#N/A;#N/A;#N/A
Kozmice (Benešov);;19;A;CZ;1899;#N/A;#N/A;#N/A;#N/A;#N/A
Kozmice (Opava);2018-07-01;24;A;CZ;2018;#N/A;#N/A;#N/A;#N/A;#N/A
Kozojedy (Kolín);;9;C;CZ;1899;#N/A;#N/A;#N/A;#N/A;#N/A
Kozojedy (Plzeň-sever);;7;C;CZ;1899;#N/A;#N/A;#N/A;#N/A;#N/A
Kozolupy;1994-01-01;16;B;CZ;1994;#N/A;#N/A;#N/A;#N/A;#N/A
Kožlany;;7;C;CZ;1899;#N/A;#N/A;#N/A;#N/A;#N/A
Kožlí;;19;B;CZ;1899;#N/A;#N/A;#N/A;#N/A;#N/A
Kračúňovce;1996-07-10;29;C;SK;1996;49,0986767;21,486504;Slovensko;Prešovský kraj;okres Svidník
Krajková;;5;B;CZ;1899;#N/A;#N/A;#N/A;#N/A;#N/A
Krajná Poľana;1996-07-10;29;C;SK;1996;49,362677;21,6837968;Slovensko;Prešovský kraj;okres Svidník
Krajné;2018-09-01;37;D;SK;2018;48,7005763;17,6871599;Slovensko;Trenčiansky kraj;okres Myjava
Krakovany (Kolín);;10;C;CZ;1899;#N/A;#N/A;#N/A;#N/A;#N/A
Krakovany (Trnava);2018-09-01;37;D;SK;2018;48,6105077;17,7496663;Slovensko;Trnavský kraj;okres Piešťany
Krakovec;;7;D;CZ;1899;#N/A;#N/A;#N/A;#N/A;#N/A
Kráľ;1994-01-01;51;B;SK;1994;48,3283824;20,3420408;Slovensko;Banskobystrický kraj;okres Rimavská Sobota
Kralice (Kutná Hora);;19;B;CZ;1899;#N/A;#N/A;#N/A;#N/A;#N/A
Kralice (Třebíč);2023-04-29;21;C;CZ;2023;#N/A;#N/A;#N/A;#N/A;#N/A
Kralice na Hané;;22;D;CZ;1899;#N/A;#N/A;#N/A;#N/A;#N/A
Králíky;;12;C;CZ;1899;#N/A;#N/A;#N/A;#N/A;#N/A
Kráľov Brod;2019-06-09;47;B;SK;2019;48,0604828;17,8275838;Slovensko;Trnavský kraj;okres Galanta
Kráľová (Banská Bystrica);1994-01-01;39;D;SK;1994;48,7101143;19,1363985;Slovensko;Banskobystrický kraj;okres Banská Bystrica
Králová (Olomouc);;22;B;CZ;1899;#N/A;#N/A;#N/A;#N/A;#N/A
Kráľová (Zvolen);1994-01-01;39;D;SK;1994;48,5061335;19,179108;Slovensko;Banskobystrický kraj;okres Zvolen
Kráľová Lehota;1994-01-01;40;B;SK;1994;49,0214973;19,7943391;Slovensko;Žilinský kraj;okres Liptovský Mikuláš
Kráľová nad Váhom;2025-08-16;47;B;SK;2025;48,1670573;17,8435829;Slovensko;Nitriansky kraj;okres Šaľa
Kráľová pri Senci;1996-04-21;47;A;SK;1996;48,1966946;17,4515157;Slovensko;Bratislavský kraj;okres Senec
Kraľovany;1994-01-01;25;D;SK;1994;49,1523357;19,1281945;Slovensko;Žilinský kraj;okres Dolný Kubín
Královec;;11;A;CZ;1899;#N/A;#N/A;#N/A;#N/A;#N/A
Kralovice;;7;C;CZ;1899;#N/A;#N/A;#N/A;#N/A;#N/A
Kráľovičove Kračany;2025-08-02;47;C;SK;2025;47,9868241;17,551855;Slovensko;Trnavský kraj;okres Dunajská Streda
Královské Poříčí;;6;C;CZ;1899;#N/A;#N/A;#N/A;#N/A;#N/A
Kráľovský Chlmec;;44;C;SK;1899;48,4223618;21,9804775;Slovensko;Košický kraj;okres Trebišov
Království;;2;B;CZ;1899;#N/A;#N/A;#N/A;#N/A;#N/A
Kralupy nad Vltavou;;8;D;CZ;1899;#N/A;#N/A;#N/A;#N/A;#N/A
Kralupy u Chomutova;;7;A;CZ;1899;#N/A;#N/A;#N/A;#N/A;#N/A
Králův Dvůr;1995-07-29;8;C;CZ;1995;#N/A;#N/A;#N/A;#N/A;#N/A
Kramolín (Plzeň-jih);;17;C;CZ;1899;#N/A;#N/A;#N/A;#N/A;#N/A
Kramolín (Třebíč);;35;A;CZ;1899;#N/A;#N/A;#N/A;#N/A;#N/A
Kraselov;;17;D;CZ;1899;#N/A;#N/A;#N/A;#N/A;#N/A
Krasíkov;;6;D;CZ;1899;#N/A;#N/A;#N/A;#N/A;#N/A
Kraskovo;1994-01-01;41;C;SK;1994;48,5012933;19,9893229;Slovensko;Banskobystrický kraj;okres Rimavská Sobota
Kraslice;;5;B;CZ;1899;#N/A;#N/A;#N/A;#N/A;#N/A
Krásná (Frýdek-Místek);;24;B;CZ;1899;#N/A;#N/A;#N/A;#N/A;#N/A
Krásná (Cheb);;5;A;CZ;1899;#N/A;#N/A;#N/A;#N/A;#N/A
Krásná Hora;;20;A;CZ;1899;#N/A;#N/A;#N/A;#N/A;#N/A
Krásná Hora nad Vltavou;;18;A;CZ;1899;#N/A;#N/A;#N/A;#N/A;#N/A
Krásna Hôrka;1994-01-01;26;C;SK;1994;49,326752;19,5490704;Slovensko;Žilinský kraj;okres Tvrdošín
Krásná Lípa;;2;B;CZ;1899;#N/A;#N/A;#N/A;#N/A;#N/A
Krásna Lúka;2002-07-25;28;C;SK;2002;49,1939612;20,822502;Slovensko;Prešovský kraj;okres Sabinov
Krásna nad Hornádom;;43;C;SK;1899;48,6702996;21,2953602;Slovensko;Košický kraj;
Krásná Studánka;;3;B;CZ;1899;#N/A;#N/A;#N/A;#N/A;#N/A
Krásna Ves;2018-07-01;38;A;SK;2018;48,8349793;18,2327034;Slovensko;Trenčiansky kraj;okres Bánovce nad Bebravou
Krasňany;1995-07-28;25;C;SK;1995;49,213471;18,8884043;Slovensko;Žilinský kraj;okres Žilina
Krásné Loučky;;13;C;CZ;1899;#N/A;#N/A;#N/A;#N/A;#N/A
Krásné Pole;;24;A;CZ;1899;#N/A;#N/A;#N/A;#N/A;#N/A
Krásno;;6;C;CZ;1899;#N/A;#N/A;#N/A;#N/A;#N/A
Krásno nad Kysucou;1994-01-01;25;C;SK;1994;49,3896875;18,8322043;Slovensko;Žilinský kraj;okres Čadca
Krásnohorské Podhradie;2002-09-28;41;D;SK;2002;48,65;20,6;Slovensko;Košický kraj;okres Rožňava
Krásny Brod;2020-06-19;29;D;SK;2020;49,2409249;21,8986728;Slovensko;Prešovský kraj;okres Medzilaborce
Krásný Dvůr;;7;A;CZ;1899;#N/A;#N/A;#N/A;#N/A;#N/A
Krásný Les (Liberec);;3;B;CZ;1899;#N/A;#N/A;#N/A;#N/A;#N/A
Krásny Les (Ústí nad Labem);;2;A;CZ;1899;#N/A;#N/A;#N/A;#N/A;#N/A
Krásný Studenec;;2;A;CZ;1899;#N/A;#N/A;#N/A;#N/A;#N/A
Krasonice;;34;A;CZ;1899;#N/A;#N/A;#N/A;#N/A;#N/A
Krasoňov;;20;C;CZ;1899;#N/A;#N/A;#N/A;#N/A;#N/A
Krasov;;13;C;CZ;1899;#N/A;#N/A;#N/A;#N/A;#N/A
Kratonohy;1994-01-01;10;C;CZ;1994;#N/A;#N/A;#N/A;#N/A;#N/A
Kravany;1994-01-01;41;A;SK;1994;48,759757;21,6406951;Slovensko;Košický kraj;okres Trebišov
Kravany nad Dunajom;1994-01-01;48;D;SK;1994;47,762012;18,4828188;Slovensko;Nitriansky kraj;okres Komárno
Kravaře (Česká Lípa);;8;B;CZ;1899;#N/A;#N/A;#N/A;#N/A;#N/A
Kravaře (Opava);zábhř;13;D;CZ;#VALUE!;#N/A;#N/A;#N/A;#N/A;#N/A
Kravsko;;34;B;CZ;1899;#N/A;#N/A;#N/A;#N/A;#N/A
Krčava;;44;A;SK;1899;48,6812161;22,2471913;Slovensko;Košický kraj;okres Sobrance
Krčmaň;;23;C;CZ;1899;#N/A;#N/A;#N/A;#N/A;#N/A
Kremnica;1994-01-01;39;C;SK;1994;48,7042133;18,9174851;Slovensko;Banskobystrický kraj;okres Žiar nad Hronom
Kremnické Bane;1994-01-01;39;C;SK;1994;48,7334707;18,9116034;Slovensko;Banskobystrický kraj;okres Žiar nad Hronom
Kremnička;1994-01-01;39;D;SK;1994;48,6942358;19,1157113;Slovensko;Banskobystrický kraj;okres Banská Bystrica
Krhanice;1994-01-01;18;B;CZ;1994;#N/A;#N/A;#N/A;#N/A;#N/A
Krhovice;2004-05-23;35;A;CZ;2004;#N/A;#N/A;#N/A;#N/A;#N/A
Krchleby (Kutná Hora);;20;A;CZ;1899;#N/A;#N/A;#N/A;#N/A;#N/A
Krchleby (Nymburk);;9;D;CZ;1899;#N/A;#N/A;#N/A;#N/A;#N/A
Krchleby (Šumperk);;22;A;CZ;1899;#N/A;#N/A;#N/A;#N/A;#N/A
Kristy;;44;A;SK;1899;48,6864402;22,1899078;Slovensko;Košický kraj;okres Sobrance
Krivá;1994-01-01;26;C;SK;1994;49,2825832;19,4791415;Slovensko;Žilinský kraj;okres Dolný Kubín
Kriváň;1994-01-01;40;C;SK;1994;49,1628335;20,0000452;Slovensko;Prešovský kraj;okres Poprad
Krivany;2020-08-09;28;C;SK;2020;49,1712128;20,9125956;Slovensko;Prešovský kraj;okres Sabinov
Kríže;2020-08-08;28;D;SK;2020;49,2426641;21,1495722;Slovensko;Prešovský kraj;okres Bardejov
Krížovany;;42;B;SK;1899;48,9830177;21,0495817;Slovensko;Prešovský kraj;okres Prešov
Krížová Ves;2022-07-10;27;D;SK;2022;49,1890601;20,4861279;Slovensko;Prešovský kraj;okres Kežmarok
Krížovany nad Dudváhom;2018-07-01;47;A;SK;2018;48,3218718;17,6519707;Slovensko;Trnavský kraj;okres Trnava
Krmelín;1994-01-01;24;A;CZ;1994;#N/A;#N/A;#N/A;#N/A;#N/A
Krná;2019-06-22;40;D;SK;2019;48,5096673;19,740248;Slovensko;Banskobystrický kraj;okres Poltár
Krňany;1994-01-01;18;B;CZ;1994;#N/A;#N/A;#N/A;#N/A;#N/A
Krnča;2018-07-01;38;C;SK;2018;48,5416016;18,2531721;Slovensko;Nitriansky kraj;okres Topoľčany
Krnov;;13;D;CZ;1899;#N/A;#N/A;#N/A;#N/A;#N/A
Krnsko;;9;A;CZ;1899;#N/A;#N/A;#N/A;#N/A;#N/A
Krokava;;41;C;SK;1899;48,6288275;20,0271676;Slovensko;Banskobystrický kraj;okres Rimavská Sobota
Kroměříž;;23;C;CZ;1899;#N/A;#N/A;#N/A;#N/A;#N/A
Krompach;;3;A;CZ;1899;#N/A;#N/A;#N/A;#N/A;#N/A
Krompachy;1994-01-01;42;A;SK;1994;48,9144118;20,8754977;Slovensko;Košický kraj;okres Spišská Nová Ves
Kropáčova Vrutice;;9;A;CZ;1899;#N/A;#N/A;#N/A;#N/A;#N/A
Kroučová;;7;D;CZ;1899;#N/A;#N/A;#N/A;#N/A;#N/A
Krouna;2005-08-27;21;A;CZ;2005;#N/A;#N/A;#N/A;#N/A;#N/A
Krpeľany;1994-01-01;39;B;SK;1994;49,1235755;19,0805248;Slovensko;Žilinský kraj;okres Martin
Krsy;;6;D;CZ;1899;#N/A;#N/A;#N/A;#N/A;#N/A
Krškany;1994-01-01;49;A;SK;1994;48,2180616;18,6695447;Slovensko;Nitriansky kraj;okres Levice
Krtovce;2018-07-01;38;C;SK;2018;48,5403711;18,0123766;Slovensko;Nitriansky kraj;okres Topoľčany
Kruh;;10;A;CZ;1899;#N/A;#N/A;#N/A;#N/A;#N/A
Krumsín;;22;C;CZ;1899;#N/A;#N/A;#N/A;#N/A;#N/A
Krumvíř;;36;A;CZ;1899;#N/A;#N/A;#N/A;#N/A;#N/A
Krupá;;7;D;CZ;1899;#N/A;#N/A;#N/A;#N/A;#N/A
Krupina;1994-01-01;49;B;SK;1994;48,3527285;19,069182;Slovensko;Banskobystrický kraj;okres Krupina
Krupka;;1;B;CZ;1899;#N/A;#N/A;#N/A;#N/A;#N/A
Krušetnica;1994-01-01;25;D;SK;1994;49,3762389;19,3396233;Slovensko;Žilinský kraj;okres Námestovo
Krušovce;2000-07-19;38;C;SK;2000;48,5912909;18,2050032;Slovensko;Nitriansky kraj;okres Topoľčany
Krušovice;;7;D;CZ;1899;#N/A;#N/A;#N/A;#N/A;#N/A
Kružlov;1994-01-01;28;D;SK;1994;49,3046298;21,1347951;Slovensko;Prešovský kraj;okres Bardejov
Kryry;;7;C;CZ;1899;#N/A;#N/A;#N/A;#N/A;#N/A
Kryštofovy Hamry;;6;B;CZ;1899;#N/A;#N/A;#N/A;#N/A;#N/A
Křeč;;19;C;CZ;1899;#N/A;#N/A;#N/A;#N/A;#N/A
Křečovice;;18;B;CZ;1899;#N/A;#N/A;#N/A;#N/A;#N/A
Křelov;;22;B;CZ;1899;#N/A;#N/A;#N/A;#N/A;#N/A
Křelovice;2018-10-29;19;B;CZ;2018;#N/A;#N/A;#N/A;#N/A;#N/A
Křemže;1995-08-09;32;A;CZ;1995;#N/A;#N/A;#N/A;#N/A;#N/A
Křenice;;16;B;CZ;1899;#N/A;#N/A;#N/A;#N/A;#N/A
Křenice;2003-08-08;9;C;CZ;2003;#N/A;#N/A;#N/A;#N/A;#N/A
Křenov;;21;B;CZ;1899;#N/A;#N/A;#N/A;#N/A;#N/A
Křenovice (Přerov);;22;D;CZ;1899;#N/A;#N/A;#N/A;#N/A;#N/A
Křenovice (Vyškov);2019-09-04;36;A;CZ;2019;#N/A;#N/A;#N/A;#N/A;#N/A
Křepice;;36;A;CZ;1899;#N/A;#N/A;#N/A;#N/A;#N/A
Křepkovice;;6;C;CZ;1899;#N/A;#N/A;#N/A;#N/A;#N/A
Křesetice;;9;D;CZ;1899;#N/A;#N/A;#N/A;#N/A;#N/A
Křesín;;8;A;CZ;1899;#N/A;#N/A;#N/A;#N/A;#N/A
Křešice;;8;A;CZ;1899;#N/A;#N/A;#N/A;#N/A;#N/A
Křešín;;19;B;CZ;1899;#N/A;#N/A;#N/A;#N/A;#N/A
Křetín;;21;B;CZ;1899;#N/A;#N/A;#N/A;#N/A;#N/A
Křimice;;17;A;CZ;1899;#N/A;#N/A;#N/A;#N/A;#N/A
Křimov;1994-01-01;7;A;CZ;1994;#N/A;#N/A;#N/A;#N/A;#N/A
Křinec;;9;D;CZ;1899;#N/A;#N/A;#N/A;#N/A;#N/A
Křišťanov;;32;A;CZ;1899;#N/A;#N/A;#N/A;#N/A;#N/A
Křivé;;23;D;CZ;1899;#N/A;#N/A;#N/A;#N/A;#N/A
Křivice;;11;C;CZ;1899;#N/A;#N/A;#N/A;#N/A;#N/A
Křivoklát;2018-07-01;7;D;CZ;2018;#N/A;#N/A;#N/A;#N/A;#N/A
Křivsoudov;;19;B;CZ;1899;#N/A;#N/A;#N/A;#N/A;#N/A
Křižanov;;21;C;CZ;1899;#N/A;#N/A;#N/A;#N/A;#N/A
Křižany;;3;A;CZ;1899;#N/A;#N/A;#N/A;#N/A;#N/A
Křižínkov;;21;C;CZ;1899;#N/A;#N/A;#N/A;#N/A;#N/A
Křížky;;9;B;CZ;1899;#N/A;#N/A;#N/A;#N/A;#N/A
Křížlice;;10;A;CZ;1899;#N/A;#N/A;#N/A;#N/A;#N/A
Křížová;;20;B;CZ;1899;#N/A;#N/A;#N/A;#N/A;#N/A
Křížová Ves;;27;D;SK;1899;49,1890601;20,4861279;Slovensko;Prešovský kraj;okres Kežmarok
Křižovatka;;5;D;CZ;1899;#N/A;#N/A;#N/A;#N/A;#N/A
Křoví;;21;C;CZ;1899;#N/A;#N/A;#N/A;#N/A;#N/A
Křtiny;2001-06-16;22;C;CZ;2001;#N/A;#N/A;#N/A;#N/A;#N/A
Kšinná;2018-07-01;38;B;SK;2018;48,8074459;18,3515642;Slovensko;Trenčiansky kraj;okres Bánovce nad Bebravou
Ktová;;9;B;CZ;1899;#N/A;#N/A;#N/A;#N/A;#N/A
Kubáňovo;1994-01-01;49;A;SK;1994;48,0582179;18,8096695;Slovensko;Nitriansky kraj;okres Levice
Kublov;;7;D;CZ;1899;#N/A;#N/A;#N/A;#N/A;#N/A
Kubrá;2023-07-09;38;A;SK;2023;48,8939028;18,0826845;Slovensko;Trenčiansky kraj;okres Trenčín
Kučerov;2019-09-06;22;D;CZ;2019;#N/A;#N/A;#N/A;#N/A;#N/A
Kučeř;;18;C;CZ;1899;#N/A;#N/A;#N/A;#N/A;#N/A
Kučín;2020-07-21;29;C;SK;2020;49,2088033;21,4546994;Slovensko;Prešovský kraj;okres Bardejov
Kudlov;;23;D;CZ;1899;#N/A;#N/A;#N/A;#N/A;#N/A
Kudlovice;;37;A;CZ;1899;#N/A;#N/A;#N/A;#N/A;#N/A
Kuchyňa;1994-01-01;36;D;SK;1994;48,4075185;17,1598491;Slovensko;Bratislavský kraj;okres Malacky
Kujavy;2003-10-03;23;B;CZ;2003;#N/A;#N/A;#N/A;#N/A;#N/A
Kuklov;2003-06-20;36;D;SK;2003;48,6406655;17,0660698;Slovensko;Trnavský kraj;okres Senica
Kuks;2005-08-27;10;B;CZ;2005;#N/A;#N/A;#N/A;#N/A;#N/A
Kukučinov;1994-01-01;49;A;SK;1994;48,0904523;18,6982359;Slovensko;Nitriansky kraj;okres Levice
Kunčice pod Ondřejníkem;;24;A;CZ;1899;#N/A;#N/A;#N/A;#N/A;#N/A
Kunčina;;21;B;CZ;1899;#N/A;#N/A;#N/A;#N/A;#N/A
Kundratice (Chomutov);;7;A;CZ;1899;#N/A;#N/A;#N/A;#N/A;#N/A
Kundratice (Semily);;10;A;CZ;1899;#N/A;#N/A;#N/A;#N/A;#N/A
Kunín;2003-10-03;23;B;CZ;2003;#N/A;#N/A;#N/A;#N/A;#N/A
Kunkovice;;17;C;CZ;1899;#N/A;#N/A;#N/A;#N/A;#N/A
Kunov;2004-06-19;37;C;SK;2004;48,6906148;17,4030088;Slovensko;Trnavský kraj;okres Senica
Kunova Teplica;1994-01-01;41;D;SK;1994;48,6113213;20,380916;Slovensko;Košický kraj;okres Rožňava
Kunovice (Uherské Hradiště);1998-08-01;37;A;CZ;1998;#N/A;#N/A;#N/A;#N/A;#N/A
Kunovice (Vsetín);;23;D;CZ;1899;#N/A;#N/A;#N/A;#N/A;#N/A
Kunratice u Cvikova;;3;A;CZ;1899;#N/A;#N/A;#N/A;#N/A;#N/A
Kunratice u Prahy;;8;D;CZ;1899;#N/A;#N/A;#N/A;#N/A;#N/A
Kunštát;2005-08-27;21;D;CZ;2005;#N/A;#N/A;#N/A;#N/A;#N/A
Kunvald;;11;D;CZ;1899;#N/A;#N/A;#N/A;#N/A;#N/A
Kunžak;;33;B;CZ;1899;#N/A;#N/A;#N/A;#N/A;#N/A
Kuraľany;1994-01-01;48;D;SK;1994;47,9807794;18,5405545;Slovensko;Nitriansky kraj;okres Levice
Kurdějov;2018-07-01;36;A;CZ;2018;#N/A;#N/A;#N/A;#N/A;#N/A
Kurimka;2020-06-20;29;C;SK;2020;49,3190241;21,4374578;Slovensko;Prešovský kraj;okres Svidník
Kurov;2020-08-08;28;D;SK;2020;49,3425472;21,13379;Slovensko;Prešovský kraj;okres Bardejov
Kuřim;;21;D;CZ;1899;#N/A;#N/A;#N/A;#N/A;#N/A
Kutná Hora;;9;D;CZ;1899;#N/A;#N/A;#N/A;#N/A;#N/A
Kútniky;1994-01-01;47;C;SK;1994;47,9749631;17,6596926;Slovensko;Trnavský kraj;okres Dunajská Streda
Kúty;1994-01-01;36;D;SK;1994;48,6585651;17,0209933;Slovensko;Trnavský kraj;okres Senica
Kuzmice (Topoľčany);2018-07-01;38;C;SK;2018;48,5819978;18,106067;Slovensko;Nitriansky kraj;okres Topoľčany
Kuzmice (Trebišov);2018-07-01;43;C;SK;2018;48,5793175;21,5692026;Slovensko;Košický kraj;okres Trebišov
Kvačany;1994-01-01;26;C;SK;1994;48,9455665;21,0870102;Slovensko;Prešovský kraj;okres Prešov
Kvakovce;2020-07-22;43;A;SK;2020;48,9882392;21,6720918;Slovensko;Prešovský kraj;okres Vranov nad Topľou
Kvaň;;17;B;CZ;1899;#N/A;#N/A;#N/A;#N/A;#N/A
Kvasejovice;;18;B;CZ;1899;#N/A;#N/A;#N/A;#N/A;#N/A
Kvasice;;23;C;CZ;1899;#N/A;#N/A;#N/A;#N/A;#N/A
Kvasiny;;11;C;CZ;1899;#N/A;#N/A;#N/A;#N/A;#N/A
Kvašov;1994-01-01;38;A;SK;1994;49,0676874;18,2280522;Slovensko;Trenčiansky kraj;okres Púchov
Kvetná;1994-01-01;48;D;SK;1994;47,9666638;18,5667902;Slovensko;Nitriansky kraj;okres Levice
Květná;;21;B;CZ;1899;#N/A;#N/A;#N/A;#N/A;#N/A
Kvíčovice;;16;B;CZ;1899;#N/A;#N/A;#N/A;#N/A;#N/A
Kvilda;1995-08-03;31;A;CZ;1995;#N/A;#N/A;#N/A;#N/A;#N/A
Kyje;1994-01-01;8;D;CZ;1994;#N/A;#N/A;#N/A;#N/A;#N/A
Kyjov (Hodonín);2020-06-27;36;B;CZ;2020;#N/A;#N/A;#N/A;#N/A;#N/A
Kyjov (Prešov);2020-08-09;28;C;SK;2020;49,2177131;20,9392599;Slovensko;Prešovský kraj;okres Stará Ľubovňa
Kyjovice;2018-07-01;24;A;CZ;2018;#N/A;#N/A;#N/A;#N/A;#N/A
Kynšperk nad Ohří;;5;D;CZ;1899;#N/A;#N/A;#N/A;#N/A;#N/A
Kysak;1994-01-01;42;B;SK;1994;48,8541383;21,2200209;Slovensko;Košický kraj;okres Košice - okolie
Kyselka;;6;B;CZ;1899;#N/A;#N/A;#N/A;#N/A;#N/A
Kysucké Nové Mesto;1994-01-01;25;C;SK;1994;49,2999184;18,7865084;Slovensko;Žilinský kraj;okres Kysucké Nové Mesto
Kysucký Lieskovec;1994-01-01;25;C;SK;1994;49,3380438;18,8119478;Slovensko;Žilinský kraj;okres Kysucké Nové Mesto
Kyšice (Kladno);;8;C;CZ;1899;#N/A;#N/A;#N/A;#N/A;#N/A
Kyšice (Plzeň-sever);;17;A;CZ;1899;#N/A;#N/A;#N/A;#N/A;#N/A
Kytlice;;2;B;CZ;1899;#N/A;#N/A;#N/A;#N/A;#N/A
Láb;1995-04-29;46;A;SK;1995;48,3614947;16,9722516;Slovensko;Bratislavský kraj;okres Malacky
Labská;;4;A;CZ;1899;#N/A;#N/A;#N/A;#N/A;#N/A
Labuť;;16;A;CZ;1899;#N/A;#N/A;#N/A;#N/A;#N/A
Lačnov;;24;C;CZ;1899;#N/A;#N/A;#N/A;#N/A;#N/A
Ladce;1994-01-01;38;A;SK;1994;49,0373979;18,2872704;Slovensko;Trenčiansky kraj;okres Ilava
Ladice;2018-07-01;38;C;SK;2018;48,3964173;18,2605338;Slovensko;Nitriansky kraj;okres Zlaté Moravce
Ladná;1994-01-01;36;A;CZ;1994;#N/A;#N/A;#N/A;#N/A;#N/A
Ladomerská Vieska;1994-01-01;39;C;SK;1994;48,5767461;18,8767073;Slovensko;Banskobystrický kraj;okres Žiar nad Hronom
Ladomirov;;44;A;SK;1899;48,9275986;22,3037043;Slovensko;Prešovský kraj;okres Snina
Ladomirová;1996-07-10;29;C;SK;1996;49,3290842;21,6231503;Slovensko;Prešovský kraj;okres Svidník
Ladzany;1994-01-01;49;A;SK;1994;48,2667621;18,9040886;Slovensko;Banskobystrický kraj;okres Krupina
Laškárska Nová Ves;2018-07-01;36;D;SK;2018;48,5780661;17,1840718;Slovensko;Trnavský kraj;okres Senica
Lamač;1994-01-01;46;B;SK;1994;48,1911965;17,0542794;Slovensko;Bratislavský kraj;
Lampertice;;10;B;CZ;1899;#N/A;#N/A;#N/A;#N/A;#N/A
Lančov;2004-05-22;34;B;CZ;2004;#N/A;#N/A;#N/A;#N/A;#N/A
Landštejn;;33;B;CZ;1899;#N/A;#N/A;#N/A;#N/A;#N/A
Lánov;;10;B;CZ;1899;#N/A;#N/A;#N/A;#N/A;#N/A
Lanškroun;;21;B;CZ;1899;#N/A;#N/A;#N/A;#N/A;#N/A
Lány;;8;C;CZ;1899;#N/A;#N/A;#N/A;#N/A;#N/A
Lány na DůIku;;10;D;CZ;1899;#N/A;#N/A;#N/A;#N/A;#N/A
Lanžhot;1994-01-01;36;C;CZ;1994;#N/A;#N/A;#N/A;#N/A;#N/A
Lanžov;;10;B;CZ;1899;#N/A;#N/A;#N/A;#N/A;#N/A
Lapáš;1994-01-01;48;A;SK;1994;48,2907243;18,18375;Slovensko;Nitriansky kraj;okres Nitra
Lascov;2020-06-17;29;C;SK;2020;49,1570501;21,475918;Slovensko;Prešovský kraj;okres Bardejov
Lásenice;1994-01-01;33;A;CZ;1994;#N/A;#N/A;#N/A;#N/A;#N/A
Laskomerské;1994-01-01;39;D;SK;1994;48,7457896;19,1142356;Slovensko;Banskobystrický kraj;okres Banská Bystrica
Lastomír;;43;B;SK;1899;48,7037213;21,9260716;Slovensko;Košický kraj;okres Michalovce
Laškov;;22;B;CZ;1899;#N/A;#N/A;#N/A;#N/A;#N/A
Látky;1994-01-01;40;C;SK;1994;48,580359;19,6341977;Slovensko;Banskobystrický kraj;okres Detva
Lazany;2018-08-08;38;B;SK;2018;48,8192154;18,6220173;Slovensko;Trenčiansky kraj;okres Prievidza
Lazinov;;21;B;CZ;1899;#N/A;#N/A;#N/A;#N/A;#N/A
Lázně Bělohrad;;10;A;CZ;1899;#N/A;#N/A;#N/A;#N/A;#N/A
Lázně Kundratice;;3;A;CZ;1899;#N/A;#N/A;#N/A;#N/A;#N/A
Lázně Kynžvart;;6;C;CZ;1899;#N/A;#N/A;#N/A;#N/A;#N/A
Lázně Libverda;;3;B;CZ;1899;#N/A;#N/A;#N/A;#N/A;#N/A
Lazníky;;23;C;CZ;1899;#N/A;#N/A;#N/A;#N/A;#N/A
Lazy pod Makytou;2018-07-01;24;C;SK;2018;49,2258085;18,2132187;Slovensko;Trenčiansky kraj;okres Púchov
Lažany;2020-08-10;42;B;SK;2020;49,0373471;21,097543;Slovensko;Prešovský kraj;okres Prešov
Ledce;;17;A;CZ;1899;#N/A;#N/A;#N/A;#N/A;#N/A
Ledčice;;8;B;CZ;1899;#N/A;#N/A;#N/A;#N/A;#N/A
Ledeč nad Sázavou;;19;B;CZ;1899;#N/A;#N/A;#N/A;#N/A;#N/A
Ledenice;;32;B;CZ;1899;#N/A;#N/A;#N/A;#N/A;#N/A
Lednica;1994-01-01;38;A;SK;1994;49,1100888;18,2135141;Slovensko;Trenčiansky kraj;okres Púchov
Lednice;2002-11-23;36;A;CZ;2002;#N/A;#N/A;#N/A;#N/A;#N/A
Lednické Rovné;1994-01-01;38;A;SK;1994;49,0689257;18,2882484;Slovensko;Trenčiansky kraj;okres Púchov
Ledvice;;7;B;CZ;1899;#N/A;#N/A;#N/A;#N/A;#N/A
Legnava;2022-07-10;28;C;SK;2022;49,3392629;20,8510165;Slovensko;Prešovský kraj;okres Stará Ľubovňa
Lehnice;2000-06-11;47;A;SK;2000;48,0515285;17,4576393;Slovensko;Trnavský kraj;okres Dunajská Streda
Lehota;1998-05-03;47;B;SK;1998;48,3150709;17,9927535;Slovensko;Nitriansky kraj;okres Nitra
Lehota pod Vtáčnikom;;38;D;SK;1899;48,6956537;18,6005503;Slovensko;Trenčiansky kraj;okres Prievidza
Lechovice;2004-05-22;35;A;CZ;2004;#N/A;#N/A;#N/A;#N/A;#N/A
Lekárovce;;44;C;SK;1899;48,6034381;22,1567927;Slovensko;Košický kraj;okres Sobrance
Leľa;1994-01-01;49;C;SK;1994;47,8588714;18,7737227;Slovensko;Nitriansky kraj;okres Nové Zámky
Lelekovice;;21;D;CZ;1899;#N/A;#N/A;#N/A;#N/A;#N/A
Leles;;44;C;SK;1899;48,464708;22,0269947;Slovensko;Košický kraj;okres Trebišov
Lemešany;1994-01-01;42;B;SK;1994;48,851165;21,2719693;Slovensko;Prešovský kraj;okres Prešov
Lenartov;1994-01-01;28;C;SK;1994;49,30988;21,0226819;Slovensko;Prešovský kraj;okres Bardejov
Lenartovce;;51;B;SK;1899;48,2999118;20,3106263;Slovensko;Banskobystrický kraj;okres Rimavská Sobota
Lendak;2002-07-20;27;D;SK;2002;49,2346755;20,3540807;Slovensko;Prešovský kraj;okres Kežmarok
Lenešice;;7;B;CZ;1899;#N/A;#N/A;#N/A;#N/A;#N/A
Lenora;1995-08-03;31;B;CZ;1995;#N/A;#N/A;#N/A;#N/A;#N/A
Leopoldov;1994-01-01;37;D;SK;1994;48,4441776;17,7654426;Slovensko;Trnavský kraj;okres Hlohovec
Lesenice;2018-07-01;49;B;SK;2018;48,1063467;19,2473007;Slovensko;Banskobystrický kraj;okres Veľký Krtíš
Lesíček;;43;A;SK;1899;48,9175374;21,3849615;Slovensko;Prešovský kraj;okres Prešov
Leskovec nad Moravicí;2022-04-16;23;A;CZ;2022;#N/A;#N/A;#N/A;#N/A;#N/A
Leskovice;2018-10-29;19;D;CZ;2018;#N/A;#N/A;#N/A;#N/A;#N/A
Lesná;;15;B;CZ;1899;#N/A;#N/A;#N/A;#N/A;#N/A
Lesnice;;22;A;CZ;1899;#N/A;#N/A;#N/A;#N/A;#N/A
Lesonice;;34;B;CZ;1899;#N/A;#N/A;#N/A;#N/A;#N/A
Lestkov;;6;C;CZ;1899;#N/A;#N/A;#N/A;#N/A;#N/A
Lešany;;18;B;CZ;1899;#N/A;#N/A;#N/A;#N/A;#N/A
Lešná;;23;D;CZ;1899;#N/A;#N/A;#N/A;#N/A;#N/A
Leština;2026-05-23;22;A;CZ;2026;#N/A;#N/A;#N/A;#N/A;#N/A
Leština u Světlé;;20;A;CZ;1899;#N/A;#N/A;#N/A;#N/A;#N/A
Letanovce;1994-01-01;41;B;SK;1994;48,9784055;20,4662654;Slovensko;Košický kraj;okres Spišská Nová Ves
Letiny;;17;A;CZ;1899;#N/A;#N/A;#N/A;#N/A;#N/A
Letňany;;8;D;CZ;1899;#N/A;#N/A;#N/A;#N/A;#N/A
Letohrad;;11;D;CZ;1899;#N/A;#N/A;#N/A;#N/A;#N/A
Letonice;;22;C;CZ;1899;#N/A;#N/A;#N/A;#N/A;#N/A
Letovice;2005-08-28;21;B;CZ;2005;#N/A;#N/A;#N/A;#N/A;#N/A
Lety;;18;A;CZ;1899;#N/A;#N/A;#N/A;#N/A;#N/A
Levice;1994-01-01;48;B;SK;1994;48,2163194;18,6000869;Slovensko;Nitriansky kraj;okres Levice
Levín;;8;B;CZ;1899;#N/A;#N/A;#N/A;#N/A;#N/A
Levoča;1994-01-01;41;B;SK;1994;49,025087;20,5887098;Slovensko;Prešovský kraj;okres Levoča
Levočská Dolina;2020-07-19;41;B;SK;2020;49,0681696;20,605522;Slovensko;Prešovský kraj;okres Levoča
Lhenice;;32;A;CZ;1899;#N/A;#N/A;#N/A;#N/A;#N/A
Lhota (Gottwaldov);;23;C;CZ;1899;#N/A;#N/A;#N/A;#N/A;#N/A
Lhota (Opava);;24;A;CZ;1899;#N/A;#N/A;#N/A;#N/A;#N/A
Lhota od Libčany;1994-01-01;10;D;CZ;1994;#N/A;#N/A;#N/A;#N/A;#N/A
Lhota pod Radčem;;17;B;CZ;1899;#N/A;#N/A;#N/A;#N/A;#N/A
Lhota u Vsetína;;23;D;CZ;1899;#N/A;#N/A;#N/A;#N/A;#N/A
Lhotky;;21;C;CZ;1899;#N/A;#N/A;#N/A;#N/A;#N/A
Lhůta;;11;C;CZ;1899;#N/A;#N/A;#N/A;#N/A;#N/A
Libá;;5;D;CZ;1899;#N/A;#N/A;#N/A;#N/A;#N/A
Libáň;;9;B;CZ;1899;#N/A;#N/A;#N/A;#N/A;#N/A
Libčany;;10;D;CZ;1899;#N/A;#N/A;#N/A;#N/A;#N/A
Libčeves;;7;B;CZ;1899;#N/A;#N/A;#N/A;#N/A;#N/A
Libčice nad Vltovou;;8;D;CZ;1899;#N/A;#N/A;#N/A;#N/A;#N/A
Liběchov;1997-05-30;8;B;CZ;1997;#N/A;#N/A;#N/A;#N/A;#N/A
Libenice;;9;D;CZ;1899;#N/A;#N/A;#N/A;#N/A;#N/A
Liberec;;3;B;CZ;1899;#N/A;#N/A;#N/A;#N/A;#N/A
Libeř;;8;D;CZ;1899;#N/A;#N/A;#N/A;#N/A;#N/A
Liběšice;;8;B;CZ;1899;#N/A;#N/A;#N/A;#N/A;#N/A
Líbeznice;1997-05-30;8;D;CZ;1997;#N/A;#N/A;#N/A;#N/A;#N/A
Libhošť;;24;A;CZ;1899;#N/A;#N/A;#N/A;#N/A;#N/A
Libice nad Cidlinou;;9;D;CZ;1899;#N/A;#N/A;#N/A;#N/A;#N/A
Libice nad Doubravou;;20;B;CZ;1899;#N/A;#N/A;#N/A;#N/A;#N/A
Libina;;22;B;CZ;1899;#N/A;#N/A;#N/A;#N/A;#N/A
Libínské Sedlo;;31;B;CZ;1899;#N/A;#N/A;#N/A;#N/A;#N/A
Libkovice;;7;B;CZ;1899;#N/A;#N/A;#N/A;#N/A;#N/A
Liblice (Kolín);;9;C;CZ;1899;#N/A;#N/A;#N/A;#N/A;#N/A
Liblice (Mělník);;8;B;CZ;1899;#N/A;#N/A;#N/A;#N/A;#N/A
Libňatov;;11;A;CZ;1899;#N/A;#N/A;#N/A;#N/A;#N/A
Libočany;;7;A;CZ;1899;#N/A;#N/A;#N/A;#N/A;#N/A
Libodřice;;9;D;CZ;1899;#N/A;#N/A;#N/A;#N/A;#N/A
Libochovany;;8;A;CZ;1899;#N/A;#N/A;#N/A;#N/A;#N/A
Libochovice;;8;A;CZ;1899;#N/A;#N/A;#N/A;#N/A;#N/A
Liboměřice;;20;B;CZ;1899;#N/A;#N/A;#N/A;#N/A;#N/A
Libomyšl;;18;A;CZ;1899;#N/A;#N/A;#N/A;#N/A;#N/A
Libořice;;7;A;CZ;1899;#N/A;#N/A;#N/A;#N/A;#N/A
Libouchec;;2;A;CZ;1899;#N/A;#N/A;#N/A;#N/A;#N/A
Librantice;;10;D;CZ;1899;#N/A;#N/A;#N/A;#N/A;#N/A
Libřice;;10;D;CZ;1899;#N/A;#N/A;#N/A;#N/A;#N/A
Libštát;;10;A;CZ;1899;#N/A;#N/A;#N/A;#N/A;#N/A
Libuň;;10;A;CZ;1899;#N/A;#N/A;#N/A;#N/A;#N/A
Libuš;;8;D;CZ;1899;#N/A;#N/A;#N/A;#N/A;#N/A
Libušín;;8;C;CZ;1899;#N/A;#N/A;#N/A;#N/A;#N/A
Licince;2018-07-01;41;C;SK;2018;48,5383477;20,2983767;Slovensko;Banskobystrický kraj;okres Revúca
Lično;;11;C;CZ;1899;#N/A;#N/A;#N/A;#N/A;#N/A
Lidečko;1994-01-01;24;C;CZ;1994;#N/A;#N/A;#N/A;#N/A;#N/A
Lidice;;8;C;CZ;1899;#N/A;#N/A;#N/A;#N/A;#N/A
Lidmaň;;19;D;CZ;1899;#N/A;#N/A;#N/A;#N/A;#N/A
Liesek;1994-01-01;26;C;SK;1994;49,3610205;19,6679205;Slovensko;Žilinský kraj;okres Tvrdošín
Lieskovec;1994-01-01;39;D;SK;1994;48,9508014;21,8173944;Slovensko;Prešovský kraj;okres Humenné
Liešťany;1994-01-01;38;B;SK;1994;48,8241348;18,4799017;Slovensko;Trenčiansky kraj;okres Prievidza
Lietava;2021-07-27;25;C;SK;2021;49,1696578;18,6760237;Slovensko;Žilinský kraj;okres Žilina
Lietavská Lúčka;1994-01-01;25;C;SK;1994;49,1755047;18,7224237;Slovensko;Žilinský kraj;okres Žilina
Lietavská Svinná;2008-11-17;25;C;SK;2008;49,1477464;18,6770969;Slovensko;Žilinský kraj;okres Žilina
Lichkov;;12;C;CZ;1899;#N/A;#N/A;#N/A;#N/A;#N/A
Lichnov (Bruntál);;13;C;CZ;1899;#N/A;#N/A;#N/A;#N/A;#N/A
Lichnov (Nový Jičín);;24;A;CZ;1899;#N/A;#N/A;#N/A;#N/A;#N/A
Likavka;1994-01-01;39;B;SK;1994;49,0924068;19,3110152;Slovensko;Žilinský kraj;okres Ružomberok
Lindava;;3;A;CZ;1899;#N/A;#N/A;#N/A;#N/A;#N/A
Linhartice;;22;A;CZ;1899;#N/A;#N/A;#N/A;#N/A;#N/A
Líně;;16;B;CZ;1899;#N/A;#N/A;#N/A;#N/A;#N/A
Lípa;;20;A;CZ;1899;#N/A;#N/A;#N/A;#N/A;#N/A
Lipany;1994-01-01;28;C;SK;1994;49,1525429;20,9640764;Slovensko;Prešovský kraj;okres Sabinov
Lipence;;8;D;CZ;1899;#N/A;#N/A;#N/A;#N/A;#N/A
Lipenec;;7;B;CZ;1899;#N/A;#N/A;#N/A;#N/A;#N/A
Lipí;;32;B;CZ;1899;#N/A;#N/A;#N/A;#N/A;#N/A
Lipnice (České Budějovice);;33;A;CZ;1899;#N/A;#N/A;#N/A;#N/A;#N/A
Lipnice (Plzeň-jih);;17;A;CZ;1899;#N/A;#N/A;#N/A;#N/A;#N/A
Lipnice (Sokolov);;6;A;CZ;1899;#N/A;#N/A;#N/A;#N/A;#N/A
Lipnice (Trutnov);;10;B;CZ;1899;#N/A;#N/A;#N/A;#N/A;#N/A
Lipnice nad Sázavou;;20;A;CZ;1899;#N/A;#N/A;#N/A;#N/A;#N/A
Lipník (Mladá Boleslav);;9;C;CZ;1899;#N/A;#N/A;#N/A;#N/A;#N/A
Lipník (Třebíč);;34;B;CZ;1899;#N/A;#N/A;#N/A;#N/A;#N/A
Lipník nad Bečvou;1994-01-01;23;C;CZ;1994;#N/A;#N/A;#N/A;#N/A;#N/A
Lipno nad Vltavou;2024-03-30;32;C;CZ;2024;#N/A;#N/A;#N/A;#N/A;#N/A
Lipoltice;;10;C;CZ;1899;#N/A;#N/A;#N/A;#N/A;#N/A
Lipov;;37;A;CZ;1899;#N/A;#N/A;#N/A;#N/A;#N/A
Lipová (Děčín);;2;B;CZ;1899;#N/A;#N/A;#N/A;#N/A;#N/A
Lipová (Cheb);;5;D;CZ;1899;#N/A;#N/A;#N/A;#N/A;#N/A
Lipová (Nové Zámky);2024-08-04;48;A;SK;2024;48,1100442;18,1773878;Slovensko;Nitriansky kraj;okres Nové Zámky
Lipová - lázně;;12;D;CZ;1899;#N/A;#N/A;#N/A;#N/A;#N/A
Lipovany;;50;B;SK;1899;48,2200064;19,7076829;Slovensko;Banskobystrický kraj;okres Lučenec
Lipovce;;42;A;SK;1899;49,0561881;20,9527986;Slovensko;Prešovský kraj;okres Prešov
Lipovec (Blansko);;22;C;CZ;1899;#N/A;#N/A;#N/A;#N/A;#N/A
Lipovec (Martin);1994-01-01;39;A;SK;1994;49,1258691;18,9298523;Slovensko;Žilinský kraj;okres Martin
Lipovník (Rožnava);1994-01-01;41;D;SK;1994;48,6289841;20,6207176;Slovensko;Košický kraj;okres Rožňava
Lipovník (Topoľčany);2000-07-19;38;C;SK;2000;48,5694575;18,0121988;Slovensko;Nitriansky kraj;okres Topoľčany
Liptál;;23;D;CZ;1899;#N/A;#N/A;#N/A;#N/A;#N/A
Liptaň;;13;C;CZ;1899;#N/A;#N/A;#N/A;#N/A;#N/A
Liptovská Kokava;1994-01-01;40;B;SK;1994;49,0873709;19,8149418;Slovensko;Žilinský kraj;okres Liptovský Mikuláš
Liptovská Lúžna;1994-01-01;39;B;SK;1994;48,9411119;19,3215832;Slovensko;Žilinský kraj;okres Ružomberok
Liptovská Mara;1994-01-01;40;A;SK;1994;49,1089403;19,5198581;Slovensko;Žilinský kraj;okres Liptovský Mikuláš
Liptovská Ondrašová;1994-01-01;40;A;SK;1994;49,0977151;19,5891758;Slovensko;Žilinský kraj;okres Liptovský Mikuláš
Liptovská Osada;1994-01-01;39;B;SK;1994;48,9517015;19,2615598;Slovensko;Žilinský kraj;okres Ružomberok
Liptovská Porúbka;1994-01-01;40;B;SK;1994;49,0309022;19,7358831;Slovensko;Žilinský kraj;okres Liptovský Mikuláš
Liptovská Siélnica;1994-01-01;40;A;SK;1994;49,1455044;19,5141698;Slovensko;Žilinský kraj;okres Liptovský Mikuláš
Liptovská Teplá;1994-01-01;40;A;SK;1994;49,102476;19,4098154;Slovensko;Žilinský kraj;okres Ružomberok
Liptovská Teplička;1994-01-01;41;A;SK;1994;48,9665599;20,089061;Slovensko;Prešovský kraj;okres Poprad
Liptovský Hrádok;1994-01-01;40;B;SK;1994;49,0371787;19,7217331;Slovensko;Žilinský kraj;okres Liptovský Mikuláš
Liptovsky Ján;1994-01-01;40;B;SK;1994;49,0494179;19,6802212;Slovensko;Žilinský kraj;okres Liptovský Mikuláš
Liptovský Mikúláš;1994-01-01;40;A;SK;1994;49,0835785;19,612785;Slovensko;Žilinský kraj;okres Liptovský Mikuláš
Liptovský Trnovec;1994-01-01;40;A;SK;1994;49,1208762;19,5471732;Slovensko;Žilinský kraj;okres Liptovský Mikuláš
Lipůvka;2005-08-28;21;D;CZ;2005;#N/A;#N/A;#N/A;#N/A;#N/A
Lisková;1994-01-01;40;A;SK;1994;49,0885263;19,3523594;Slovensko;Žilinský kraj;okres Ružomberok
Lískovec;2018-07-01;24;A;CZ;2018;#N/A;#N/A;#N/A;#N/A;#N/A
Lišany;;7;D;CZ;1899;#N/A;#N/A;#N/A;#N/A;#N/A
Líšeň;;22;C;CZ;1899;#N/A;#N/A;#N/A;#N/A;#N/A
Lišice;;10;C;CZ;1899;#N/A;#N/A;#N/A;#N/A;#N/A
Lišnice;;7;B;CZ;1899;#N/A;#N/A;#N/A;#N/A;#N/A
Líšnice;;11;D;CZ;1899;#N/A;#N/A;#N/A;#N/A;#N/A
Líšno;;19;A;CZ;1899;#N/A;#N/A;#N/A;#N/A;#N/A
Lišov (České Budějovice);2018-11-01;32;B;CZ;2018;#N/A;#N/A;#N/A;#N/A;#N/A
Lišov (Zvolen);1994-01-01;49;A;SK;1994;48,2283467;18,8646801;Slovensko;Banskobystrický kraj;okres Krupina
Líšťany (Louny);;7;B;CZ;1899;#N/A;#N/A;#N/A;#N/A;#N/A
Líšťany (Plzeň-sever);;16;B;CZ;1899;#N/A;#N/A;#N/A;#N/A;#N/A
Litava;2018-07-01;49;B;SK;2018;48,29878;19,17939;Slovakia;Banskobystrický kraj;okres Krupina
Liteň;;8;C;CZ;1899;#N/A;#N/A;#N/A;#N/A;#N/A
Litenčice;;22;D;CZ;1899;#N/A;#N/A;#N/A;#N/A;#N/A
Litice nad Orlicí;;11;D;CZ;1899;#N/A;#N/A;#N/A;#N/A;#N/A
Litmanová;2022-07-09;27;D;SK;2022;49,3705934;20,6229713;Slovensko;Prešovský kraj;okres Stará Ľubovňa
Litobratřice;;35;B;CZ;1899;#N/A;#N/A;#N/A;#N/A;#N/A
Litohlavy;;17;A;CZ;1899;#N/A;#N/A;#N/A;#N/A;#N/A
Litohoř;2023-05-01;34;B;CZ;2023;#N/A;#N/A;#N/A;#N/A;#N/A
Litol;;9;C;CZ;1899;#N/A;#N/A;#N/A;#N/A;#N/A
Litoměřice;;8;A;CZ;1899;#N/A;#N/A;#N/A;#N/A;#N/A
Litomyšl;1994-01-01;21;A;CZ;1994;#N/A;#N/A;#N/A;#N/A;#N/A
Lítov;;5;D;CZ;1899;#N/A;#N/A;#N/A;#N/A;#N/A
Litovel;2026-05-24;22;B;CZ;2026;#N/A;#N/A;#N/A;#N/A;#N/A
Litultovice;2022-04-16;23;B;CZ;2022;#N/A;#N/A;#N/A;#N/A;#N/A
Litvínov;;7;B;CZ;1899;#N/A;#N/A;#N/A;#N/A;#N/A
Livov;2020-08-08;28;D;SK;2020;49,2508036;21,0884714;Slovensko;Prešovský kraj;okres Bardejov
Livovská Huta;2020-08-08;28;D;SK;2020;49,2439631;21,0329684;Slovensko;Prešovský kraj;okres Bardejov
Lnáře;;17;D;CZ;1899;#N/A;#N/A;#N/A;#N/A;#N/A
Lobendava;;2;B;CZ;1899;#N/A;#N/A;#N/A;#N/A;#N/A
Lobodice;;22;D;CZ;1899;#N/A;#N/A;#N/A;#N/A;#N/A
Loděnice (Beroun);;8;C;CZ;1899;#N/A;#N/A;#N/A;#N/A;#N/A
Loděnice (Znojmo);;35;B;CZ;1899;#N/A;#N/A;#N/A;#N/A;#N/A
Lodhéřov;;19;C;CZ;1899;#N/A;#N/A;#N/A;#N/A;#N/A
Lochenice;;10;D;CZ;1899;#N/A;#N/A;#N/A;#N/A;#N/A
Lochkov;;8;D;CZ;1899;#N/A;#N/A;#N/A;#N/A;#N/A
Lochovice;;18;A;CZ;1899;#N/A;#N/A;#N/A;#N/A;#N/A
Lok;1994-01-01;48;C;SK;1994;48,1836272;18,4592246;Slovensko;Nitriansky kraj;okres Levice
Lokca;1994-01-01;26;C;SK;1994;49,3665668;19,4103479;Slovensko;Žilinský kraj;okres Námestovo
Loket;;6;C;CZ;1899;#N/A;#N/A;#N/A;#N/A;#N/A
Lom;;7;B;CZ;1899;#N/A;#N/A;#N/A;#N/A;#N/A
Lom nad Rimavicou;;40;C;SK;1899;48,6423554;19,6465852;Slovensko;Banskobystrický kraj;okres Brezno
Lomnice (Blansko);;21;D;CZ;1899;#N/A;#N/A;#N/A;#N/A;#N/A
Lomnice (Bruntál);;23;A;CZ;1899;#N/A;#N/A;#N/A;#N/A;#N/A
Lomnice (Sokolov);;6;A;CZ;1899;#N/A;#N/A;#N/A;#N/A;#N/A
Lomnice nad Lužnicí;1994-01-01;33;A;CZ;1994;#N/A;#N/A;#N/A;#N/A;#N/A
Lomnice nad Popelkou;;10;A;CZ;1899;#N/A;#N/A;#N/A;#N/A;#N/A
Lontov;;49;A;SK;1899;48,0424303;18,7771597;Slovensko;Nitriansky kraj;okres Levice
Lopej;1994-01-01;40;A;SK;1994;48,8145985;19,4980361;Slovensko;Banskobystrický kraj;okres Brezno
Lopeník;;37;B;CZ;1899;#N/A;#N/A;#N/A;#N/A;#N/A
Lorinčík;2021-05-22;42;D;SK;2021;48,6886069;21,1921169;Slovensko;Košický kraj;
Losina;;17;A;CZ;1899;#N/A;#N/A;#N/A;#N/A;#N/A
Loštice;2026-05-24;22;A;CZ;2026;#N/A;#N/A;#N/A;#N/A;#N/A
Loučany;;22;B;CZ;1899;#N/A;#N/A;#N/A;#N/A;#N/A
Loučeň;;9;B;CZ;1899;#N/A;#N/A;#N/A;#N/A;#N/A
Loučka (Nový Jičín);;23;B;CZ;1899;#N/A;#N/A;#N/A;#N/A;#N/A
Loučka (Přerov);;23;A;CZ;1899;#N/A;#N/A;#N/A;#N/A;#N/A
Loučná;;6;B;CZ;1899;#N/A;#N/A;#N/A;#N/A;#N/A
Loučná nad Desnou;2018-07-01;12;D;CZ;2018;#N/A;#N/A;#N/A;#N/A;#N/A
Loučovice;2024-03-30;32;C;CZ;2024;#N/A;#N/A;#N/A;#N/A;#N/A
Louka (Hodonín);;37;A;CZ;1899;#N/A;#N/A;#N/A;#N/A;#N/A
Louka (Znojmo);;35;A;CZ;1899;#N/A;#N/A;#N/A;#N/A;#N/A
Loukov;;23;D;CZ;1899;#N/A;#N/A;#N/A;#N/A;#N/A
Louky (Gottwaldov);;23;C;CZ;1899;#N/A;#N/A;#N/A;#N/A;#N/A
Louky (Karviná);;24;B;CZ;1899;#N/A;#N/A;#N/A;#N/A;#N/A
Louňovice pod Blaníkem;;19;A;CZ;1899;#N/A;#N/A;#N/A;#N/A;#N/A
Louny;1994-01-01;7;B;CZ;1994;#N/A;#N/A;#N/A;#N/A;#N/A
Loužnice;;4;A;CZ;1899;#N/A;#N/A;#N/A;#N/A;#N/A
Lovce;2018-07-01;38;D;SK;2018;48,4453931;18,3633964;Slovensko;Nitriansky kraj;okres Zlaté Moravce
Lovča;;39;C;SK;1899;48,5721894;18,8139228;Slovensko;Banskobystrický kraj;okres Žiar nad Hronom
Lovčica;1994-01-01;39;C;SK;1994;48,6190129;18,7936807;Slovensko;Banskobystrický kraj;okres Žiar nad Hronom
Lovčice (Hodonín);;36;B;CZ;1899;#N/A;#N/A;#N/A;#N/A;#N/A
Lovčice (Hradec Králové);1994-01-01;10;C;CZ;1994;#N/A;#N/A;#N/A;#N/A;#N/A
Lovčice (Klatovy);;17;C;CZ;1899;#N/A;#N/A;#N/A;#N/A;#N/A
Dolné Lovčice (Trnava);;47;B;SK;1899;48,3665725;17,6768395;Slovensko;Trnavský kraj;okres Trnava
Lovečkovice;;8;B;CZ;1899;#N/A;#N/A;#N/A;#N/A;#N/A
Lovinobaňa;2018-07-01;40;C;SK;2018;48,4384497;19,5908581;Slovensko;Banskobystrický kraj;okres Lučenec
Lovosice;1994-01-01;8;A;CZ;1994;#N/A;#N/A;#N/A;#N/A;#N/A
Loza;;7;C;CZ;1899;#N/A;#N/A;#N/A;#N/A;#N/A
Lozice;;11;C;CZ;1899;#N/A;#N/A;#N/A;#N/A;#N/A
Lozorno;1994-01-01;46;B;SK;1994;48,3346371;17,0444471;Slovensko;Bratislavský kraj;okres Malacky
Ložín;;43;D;SK;1899;48,6608699;21,8365915;Slovensko;Košický kraj;okres Michalovce
Lštění;;16;B;CZ;1899;#N/A;#N/A;#N/A;#N/A;#N/A
Ľubá;1994-01-01;48;D;SK;1994;47,8504902;18,5958464;Slovensko;Nitriansky kraj;okres Nové Zámky
Ľubela;1994-01-01;40;A;SK;1994;49,0508938;19,4818972;Slovensko;Žilinský kraj;okres Liptovský Mikuláš
Lubenec;;7;C;CZ;1899;#N/A;#N/A;#N/A;#N/A;#N/A
Lubeník;1995-08-13;41;C;SK;1995;48,6557161;20,1945771;Slovensko;Banskobystrický kraj;okres Revúca
Ľubica;1994-01-01;27;D;SK;1994;49,1195968;20,4475831;Slovensko;Prešovský kraj;okres Kežmarok
Ľubietová;1994-01-01;40;C;SK;1994;48,746056;19,3632502;Slovensko;Banskobystrický kraj;okres Banská Bystrica
Lubina (Nový Jičín);;24;A;CZ;1899;#N/A;#N/A;#N/A;#N/A;#N/A
Lubina (Trenčín);2003-12-14;37;B;SK;2003;48,7840784;17,7356086;Slovensko;Trenčiansky kraj;okres Nové Mesto nad Váhom
Ľubiša;;43;B;SK;1899;49,0057438;21,9489461;Slovensko;Prešovský kraj;okres Humenné
Lublice;;23;B;CZ;1899;#N/A;#N/A;#N/A;#N/A;#N/A
Lubná (Kroměříž);;23;C;CZ;1899;#N/A;#N/A;#N/A;#N/A;#N/A
Lubná (Rakovník);;7;D;CZ;1899;#N/A;#N/A;#N/A;#N/A;#N/A
Lubná (Svitavy);;21;A;CZ;1899;#N/A;#N/A;#N/A;#N/A;#N/A
Lubno;;10;D;CZ;1899;#N/A;#N/A;#N/A;#N/A;#N/A
Ľubochňa;1994-01-01;39;B;SK;1994;49,1200064;19,1675231;Slovensko;Žilinský kraj;okres Ružomberok
Ľuborča;2026-08-22;38;A;SK;2026;48,9928743;18,059772;Slovensko;Trenčiansky kraj;okres Trenčín
Ľuboreč;2002-09-28;50;A;SK;2002;48,3103334;19,5166495;Slovensko;Banskobystrický kraj;okres Lučenec
Ľuboriečka;;50;A;SK;1899;48,2614368;19,5266785;Slovensko;Banskobystrický kraj;okres Veľký Krtíš
Ľubotín;1994-01-01;28;C;SK;1994;49,2612902;20,8762882;Slovensko;Prešovský kraj;okres Stará Ľubovňa
Luby (Cheb);;5;B;CZ;1899;#N/A;#N/A;#N/A;#N/A;#N/A
Luby (Klatovy);;16;D;CZ;1899;#N/A;#N/A;#N/A;#N/A;#N/A
Lúč na Ostrove;2025-08-02;47;C;SK;2025;47,9754375;17,5224297;Slovensko;Trnavský kraj;okres Dunajská Streda
Lučany nad Nisou;2009-05-08;3;B;CZ;2009;#N/A;#N/A;#N/A;#N/A;#N/A
Lučatín;1994-01-01;39;B;SK;1994;48,783208;19,3193153;Slovensko;Banskobystrický kraj;okres Banská Bystrica
Lučenec;1994-01-01;50;B;SK;1994;48,3303886;19,6634149;Slovensko;Banskobystrický kraj;okres Lučenec
Lučice;;20;A;CZ;1899;#N/A;#N/A;#N/A;#N/A;#N/A
Lučina;;15;B;CZ;1899;#N/A;#N/A;#N/A;#N/A;#N/A
Lučivná;1994-01-01;41;A;SK;1994;49,0517953;20,1434582;Slovensko;Prešovský kraj;okres Poprad
Lučkovice;;18;C;CZ;1899;#N/A;#N/A;#N/A;#N/A;#N/A
Lúčky;1994-01-01;40;A;SK;1994;48,7685043;22,0420818;Slovensko;Košický kraj;okres Michalovce
Lúčky - kúpele;1994-01-01;26;C;SK;1994;49,1343217;19,3979823;Slovensko;Žilinský kraj;okres Ružomberok
Lúčnica nad Žitavou;2023-08-19;48;A;SK;2023;48,2107641;18,2837974;Slovensko;Nitriansky kraj;okres Nitra
Ludanice;;38;C;SK;1899;48,4980274;18,1181469;Slovensko;Nitriansky kraj;okres Topoľčany
Ludéřov;;22;B;CZ;1899;#N/A;#N/A;#N/A;#N/A;#N/A
Ludgeřovice;2018-07-01;24;A;CZ;2018;#N/A;#N/A;#N/A;#N/A;#N/A
Ludkovice;;37;B;CZ;1899;#N/A;#N/A;#N/A;#N/A;#N/A
Ludrová;1994-01-01;39;B;SK;1994;49,0466665;19,3318373;Slovensko;Žilinský kraj;okres Ružomberok
Ludslavice;;23;C;CZ;1899;#N/A;#N/A;#N/A;#N/A;#N/A
Ludvíkovice;;2;B;CZ;1899;#N/A;#N/A;#N/A;#N/A;#N/A
Luhačovice;2017-09-01;37;B;CZ;2017;#N/A;#N/A;#N/A;#N/A;#N/A
Luka;;6;D;CZ;1899;#N/A;#N/A;#N/A;#N/A;#N/A
Luká;;22;A;CZ;1899;#N/A;#N/A;#N/A;#N/A;#N/A
Luka nad Jihlavou;;20;D;CZ;1899;#N/A;#N/A;#N/A;#N/A;#N/A
Lukáčovce;;37;D;SK;1899;48,3949751;17,9386282;Slovensko;Nitriansky kraj;okres Nitra
Lukavec;;19;B;CZ;1899;#N/A;#N/A;#N/A;#N/A;#N/A
Lukavec u Hořic;;10;A;CZ;1899;#N/A;#N/A;#N/A;#N/A;#N/A
Lukavica (Bardejov);2020-07-21;28;D;SK;2020;49,2607281;21,3265995;Slovensko;Prešovský kraj;okres Bardejov
Lukavica (Zvolen);1994-01-01;39;D;SK;1994;48,6414304;19,2072508;Slovensko;Banskobystrický kraj;okres Zvolen
Lukavice (Rychnov nad Kněžnou);;11;C;CZ;1899;#N/A;#N/A;#N/A;#N/A;#N/A
Lukavice (Ústí nad Orlicí);;11;D;CZ;1899;#N/A;#N/A;#N/A;#N/A;#N/A
Lukavice-Výsonín;;20;B;CZ;1899;#N/A;#N/A;#N/A;#N/A;#N/A
Lukov (Bardejov);2020-08-08;28;D;SK;2020;49,2920382;21,0809753;Slovensko;Prešovský kraj;okres Bardejov
Lukov (Gottwaldov);;23;D;CZ;1899;#N/A;#N/A;#N/A;#N/A;#N/A
Lukov (Třebíč);;34;B;CZ;1899;#N/A;#N/A;#N/A;#N/A;#N/A
Lukov (Znojmo);;34;B;CZ;1899;#N/A;#N/A;#N/A;#N/A;#N/A
Luková;;21;B;CZ;1899;#N/A;#N/A;#N/A;#N/A;#N/A
Lukovištia;1994-01-01;41;C;SK;1994;48,4922911;20,0248156;Slovensko;Banskobystrický kraj;okres Rimavská Sobota
Lúky;1994-01-01;24;C;SK;1994;49,189758;18,2277325;Slovensko;Trenčiansky kraj;okres Púchov
Luleč;2019-09-05;22;C;CZ;2019;#N/A;#N/A;#N/A;#N/A;#N/A
Lupoč;1994-01-01;50;A;SK;1994;48,3608017;19,5391857;Slovensko;Banskobystrický kraj;okres Lučenec
Luštěnice;;9;B;CZ;1899;#N/A;#N/A;#N/A;#N/A;#N/A
Lutila;1994-01-01;39;C;SK;1994;48,6146138;18,8416926;Slovensko;Banskobystrický kraj;okres Žiar nad Hronom
Lutín;;22;B;CZ;1899;#N/A;#N/A;#N/A;#N/A;#N/A
Ľutina;2020-08-09;28;D;SK;2020;49,1666204;21,0493222;Slovensko;Prešovský kraj;okres Sabinov
Lutiše;1994-01-01;25;C;SK;1994;49,2937547;18,9556005;Slovensko;Žilinský kraj;okres Žilina
Ľutov;2018-07-01;38;A;SK;2018;48,7768567;18,2806355;Slovensko;Trenčiansky kraj;okres Bánovce nad Bebravou
Lužany (Jičín);;10;A;CZ;1899;#N/A;#N/A;#N/A;#N/A;#N/A
Lužany (Plzeň-jih);1995-07-31;17;A;CZ;1995;#N/A;#N/A;#N/A;#N/A;#N/A
Lužany (Topoľčany);2000-07-19;38;C;SK;2000;48,51554;18,0142158;Slovensko;Nitriansky kraj;okres Topoľčany
Luže;;21;A;CZ;1899;#N/A;#N/A;#N/A;#N/A;#N/A
Lužec nad Cidlinou;;10;C;CZ;1899;#N/A;#N/A;#N/A;#N/A;#N/A
Lužec nad Vltavou;;8;B;CZ;1899;#N/A;#N/A;#N/A;#N/A;#N/A
Lužianky;2018-07-01;48;A;SK;2018;48,3444905;18,0282239;Slovensko;Nitriansky kraj;okres Nitra
Lužice;1997-06-03;36;B;CZ;1997;#N/A;#N/A;#N/A;#N/A;#N/A
Lužná (Rakovník);;7;D;CZ;1899;#N/A;#N/A;#N/A;#N/A;#N/A
Lužná (Vsetín);1994-01-01;24;C;CZ;1994;#N/A;#N/A;#N/A;#N/A;#N/A
Lvová;;3;A;CZ;1899;#N/A;#N/A;#N/A;#N/A;#N/A
Lysá nad Dunajcom;1994-01-01;27;C;SK;1994;49,4002221;20,3413153;Slovensko;Prešovský kraj;okres Kežmarok
Lysá nad Labem;;9;C;CZ;1899;#N/A;#N/A;#N/A;#N/A;#N/A
Lysá pod Makytou;1994-01-01;24;C;SK;1994;49,196487;18,1965649;Slovensko;Trenčiansky kraj;okres Púchov
Lysice;;21;D;CZ;1899;#N/A;#N/A;#N/A;#N/A;#N/A
Lysolaje;;8;D;CZ;1899;#N/A;#N/A;#N/A;#N/A;#N/A
Mackovice;;35;A;CZ;1899;#N/A;#N/A;#N/A;#N/A;#N/A
Madačka;1994-01-01;40;C;SK;1994;48,4266466;19,4129055;Slovensko;Banskobystrický kraj;okres Lučenec
Madunice;1994-01-01;37;D;SK;1994;48,4791862;17,7821882;Slovensko;Trnavský kraj;okres Hlohovec
Machnín;;3;B;CZ;1899;#N/A;#N/A;#N/A;#N/A;#N/A
Machov;;11;A;CZ;1899;#N/A;#N/A;#N/A;#N/A;#N/A
Machulince;2018-07-01;38;D;SK;2018;48,4127548;18,4321845;Slovensko;Nitriansky kraj;okres Zlaté Moravce
Majcichov;2018-07-01;47;A;SK;2018;48,2866563;17,6285478;Slovensko;Trnavský kraj;okres Trnava
Majdalena;1994-01-01;33;A;CZ;1994;#N/A;#N/A;#N/A;#N/A;#N/A
Majetín;;22;D;CZ;1899;#N/A;#N/A;#N/A;#N/A;#N/A
Makov (Čadca);1994-01-01;24;D;SK;1994;49,3695054;18,4745656;Slovensko;Žilinský kraj;okres Čadca
Makov (Svitavy);;21;A;CZ;1899;#N/A;#N/A;#N/A;#N/A;#N/A
Makovce;2020-06-19;29;D;SK;2020;49,2579679;21,7520253;Slovensko;Prešovský kraj;okres Stropkov
Malá Čausa;2018-09-01;39;A;SK;2018;48,7994787;18,7008115;Slovensko;Trenčiansky kraj;okres Prievidza
Malá Hradná;2003-12-30;38;C;SK;2003;48,7590012;18,163626;Slovensko;Trenčiansky kraj;okres Bánovce nad Bebravou
Malá Hraštice;;18;A;CZ;1899;#N/A;#N/A;#N/A;#N/A;#N/A
Malá Lehota;2018-07-01;38;D;SK;2018;48,4991743;18,5730536;Slovensko;Banskobystrický kraj;okres Žarnovica
Malá Lodina;1994-01-01;42;B;SK;1994;48,8790107;21,1309859;Slovensko;Košický kraj;okres Košice - okolie
Malá Losenice;;20;B;CZ;1899;#N/A;#N/A;#N/A;#N/A;#N/A
Malá Maňa;2023-08-19;48;A;SK;2023;48,1446143;18,2649526;Slovensko;Nitriansky kraj;okres Nové Zámky
Malá Morava;;12;C;CZ;1899;#N/A;#N/A;#N/A;#N/A;#N/A
Malá Morávka;;12;B;CZ;1899;#N/A;#N/A;#N/A;#N/A;#N/A
Malá nad Hronom;1994-01-01;49;C;SK;1994;47,8547884;18,6795793;Slovensko;Nitriansky kraj;okres Nové Zámky
Malá Skála;;9;B;CZ;1899;#N/A;#N/A;#N/A;#N/A;#N/A
Malá Úpa;;4;A;CZ;1899;#N/A;#N/A;#N/A;#N/A;#N/A
Malá Veleň;;2;B;CZ;1899;#N/A;#N/A;#N/A;#N/A;#N/A
Malá Vieska;;42;B;SK;1899;48,8002563;21,2494415;Slovensko;Košický kraj;okres Košice - okolie
Malacky;1994-01-01;36;D;SK;1994;48,4362992;17,0200447;Slovensko;Bratislavský kraj;okres Malacky
Malachov;1994-01-01;39;D;SK;1994;48,7098421;19,0841059;Slovensko;Banskobystrický kraj;okres Banská Bystrica
Maláš;1994-01-01;48;B;SK;1994;48,05288;18,52677;Slovakia;Nitriansky kraj;okres Levice
Malatiná;1997-08-21;26;C;SK;1997;49,185823;19,4324205;Slovensko;Žilinský kraj;okres Dolný Kubín
Malčice;;43;D;SK;1899;48,5787381;21,8515883;Slovensko;Košický kraj;okres Michalovce
Malé Bedzany;2018-07-01;38;C;SK;2018;48,5921109;18,1779331;Slovensko;Nitriansky kraj;okres Topoľčany
Malé Heraltice;;13;D;CZ;1899;#N/A;#N/A;#N/A;#N/A;#N/A
Malé Hradisko;;22;C;CZ;1899;#N/A;#N/A;#N/A;#N/A;#N/A
Malé Chyndice;2023-08-19;48;A;SK;2023;48,3022462;18,286295;Slovensko;Nitriansky kraj;okres Nitra
Malé Kosihy;1994-01-01;49;C;SK;1994;47,9250999;18,7502811;Slovensko;Nitriansky kraj;okres Nové Zámky
Malé Kozmálovce;1994-01-01;48;B;SK;1994;48,2732717;18,5099688;Slovensko;Nitriansky kraj;okres Levice
Malé Lednice;1994-01-01;38;B;SK;1994;49,0690242;18,5727761;Slovensko;Trenčiansky kraj;okres Považská Bystrica
Malé Leváre;1998-06-01;36;C;SK;1998;48,502179;16,9704745;Slovensko;Bratislavský kraj;okres Malacky
Malé Ludince;1994-01-01;49;C;SK;1994;47,9869206;18,6992786;Slovensko;Nitriansky kraj;okres Levice
Malé Ozorovce;;43;C;SK;1899;48,6820641;21,6139675;Slovensko;Košický kraj;okres Trebišov
Malé Poříčí;;11;A;CZ;1899;#N/A;#N/A;#N/A;#N/A;#N/A
Malé Ripňany;2018-07-01;37;D;SK;2018;48,4766772;17,9858589;Slovensko;Nitriansky kraj;okres Topoľčany
Malé Straciny;;50;A;SK;1899;48,2096274;19,4141923;Slovensko;Banskobystrický kraj;okres Veľký Krtíš
Malé Svatoňovice;;11;A;CZ;1899;#N/A;#N/A;#N/A;#N/A;#N/A
Malé Trakany;;44;C;SK;1899;48,3988655;22,1071882;Slovensko;Košický kraj;okres Trebišov
Malé Uherce;2000-07-19;38;D;SK;2000;48,6205112;18,4028993;Slovensko;Trenčiansky kraj;okres Partizánske
Malé Vozokany;1994-01-01;48;B;SK;1994;48,3094011;18,3987738;Slovensko;Nitriansky kraj;okres Zlaté Moravce
Malé Zlievce;;50;A;SK;1899;48,1806359;19,4449215;Slovensko;Banskobystrický kraj;okres Veľký Krtíš
Maleč;;20;B;CZ;1899;#N/A;#N/A;#N/A;#N/A;#N/A
Malečov;;8;A;CZ;1899;#N/A;#N/A;#N/A;#N/A;#N/A
Malenice;;17;D;CZ;1899;#N/A;#N/A;#N/A;#N/A;#N/A
Malenovice;;23;D;CZ;1899;#N/A;#N/A;#N/A;#N/A;#N/A
Malešov;;9;D;CZ;1899;#N/A;#N/A;#N/A;#N/A;#N/A
Malešovice;;35;B;CZ;1899;#N/A;#N/A;#N/A;#N/A;#N/A
Maletín;;22;A;CZ;1899;#N/A;#N/A;#N/A;#N/A;#N/A
Malhostovice;;21;D;CZ;1899;#N/A;#N/A;#N/A;#N/A;#N/A
Malíkovice;;8;C;CZ;1899;#N/A;#N/A;#N/A;#N/A;#N/A
Malín;;10;C;CZ;1899;#N/A;#N/A;#N/A;#N/A;#N/A
Málinec;2019-06-22;40;D;SK;2019;48,4973094;19,6808112;Slovensko;Banskobystrický kraj;okres Poltár
Malinová;;38;B;SK;1899;48,8543865;18,6147126;Slovensko;Trenčiansky kraj;okres Prievidza
Malinovo;2018-07-01;46;B;SK;2018;48,1548604;17,2963896;Slovensko;Bratislavský kraj;okres Senec
Málkov;;7;A;CZ;1899;#N/A;#N/A;#N/A;#N/A;#N/A
Malonty;;32;D;CZ;1899;#N/A;#N/A;#N/A;#N/A;#N/A
Malšice;;18;D;CZ;1899;#N/A;#N/A;#N/A;#N/A;#N/A
Malšova Lhota;;10;D;CZ;1899;#N/A;#N/A;#N/A;#N/A;#N/A
Malšovice;;2;A;CZ;1899;#N/A;#N/A;#N/A;#N/A;#N/A
Malužiná;1994-01-01;40;B;SK;1994;48,9806231;19,7693966;Slovensko;Žilinský kraj;okres Liptovský Mikuláš
Malý Bor;;17;D;CZ;1899;#N/A;#N/A;#N/A;#N/A;#N/A
Malý Čepčín;1994-01-01;39;A;SK;1994;48,9027596;18,8391483;Slovensko;Žilinský kraj;okres Turčianske Teplice
Malý Horeš;;43;D;SK;1899;48,3975924;21,9497261;Slovensko;Košický kraj;okres Trebišov
Malý Krtíš;;50;A;SK;1899;48,1906192;19,3535768;Slovensko;Banskobystrický kraj;okres Veľký Krtíš
Malý Lipník;2022-07-10;28;C;SK;2022;49,3373174;20,7995614;Slovensko;Prešovský kraj;okres Stará Ľubovňa
Malý Šariš;1994-01-01;42;B;SK;1994;49,0087137;21,1822968;Slovensko;Prešovský kraj;okres Prešov
Málý Újezd;;8;B;CZ;1899;#N/A;#N/A;#N/A;#N/A;#N/A
Malženice;2018-09-01;37;C;SK;2018;48,4512092;17,6780702;Slovensko;Trnavský kraj;okres Trnava
Manětín;;6;D;CZ;1899;#N/A;#N/A;#N/A;#N/A;#N/A
Mankovce;2018-07-01;38;C;SK;2018;48,4277566;18,3263707;Slovensko;Nitriansky kraj;okres Zlaté Moravce
Mankovice;;23;B;CZ;1899;#N/A;#N/A;#N/A;#N/A;#N/A
Maňa;2023-08-19;48;A;SK;2023;48,1486687;18,2766196;Slovensko;Nitriansky kraj;okres Nové Zámky
Marcelová;1994-01-01;48;C;SK;1994;47,7912423;18,2839913;Slovensko;Nitriansky kraj;okres Komárno
Margecany;1994-01-01;42;B;SK;1994;48,8939972;21,0124715;Slovensko;Košický kraj;okres Gelnica
Marhaň;2020-06-17;29;C;SK;2020;49,1687586;21,4504476;Slovensko;Prešovský kraj;okres Bardejov
Marianka;1994-01-01;46;B;SK;1994;48,2477922;17,0577765;Slovensko;Bratislavský kraj;okres Malacky
Mariánské Lázně;;6;C;CZ;1899;#N/A;#N/A;#N/A;#N/A;#N/A
Mariánský Týnec;;7;C;CZ;1899;#N/A;#N/A;#N/A;#N/A;#N/A
Markušovce;1994-01-01;41;B;SK;1994;48,9154341;20,6233841;Slovensko;Košický kraj;okres Spišská Nová Ves
Markvarec;;33;B;CZ;1899;#N/A;#N/A;#N/A;#N/A;#N/A
Markvartice (Děčín);;2;B;CZ;1899;#N/A;#N/A;#N/A;#N/A;#N/A
Markvartice (Jičín);;9;B;CZ;1899;#N/A;#N/A;#N/A;#N/A;#N/A
Markvartice (Jihlava);2021-09-10;20;C;CZ;2021;#N/A;#N/A;#N/A;#N/A;#N/A
Markvartovice;;24;A;CZ;1899;#N/A;#N/A;#N/A;#N/A;#N/A
Maršov (Brno-venkov);;21;D;CZ;1899;#N/A;#N/A;#N/A;#N/A;#N/A
Maršov (Tábor);;18;D;CZ;1899;#N/A;#N/A;#N/A;#N/A;#N/A
Maršovice;;18;B;CZ;1899;#N/A;#N/A;#N/A;#N/A;#N/A
Martin;1994-01-01;39;A;SK;1994;49,0724921;18,929193;Slovensko;Žilinský kraj;okres Martin
Martin nad Žitavou;2018-07-01;38;D;SK;2018;48,3966168;18,3550164;Slovensko;Nitriansky kraj;okres Zlaté Moravce
Martiněves;;8;A;CZ;1899;#N/A;#N/A;#N/A;#N/A;#N/A
Martinice (Kroměříž);;23;C;CZ;1899;#N/A;#N/A;#N/A;#N/A;#N/A
Martinice (Semily);;10;A;CZ;1899;#N/A;#N/A;#N/A;#N/A;#N/A
Martínkovice;;11;B;CZ;1899;#N/A;#N/A;#N/A;#N/A;#N/A
Martinov;;24;A;CZ;1899;#N/A;#N/A;#N/A;#N/A;#N/A
Martinová;;51;A;SK;1899;48,2983976;20,1716422;Slovensko;Banskobystrický kraj;okres Rimavská Sobota
Martovce;;48;C;SK;1899;47,8566034;18,1257377;Slovensko;Nitriansky kraj;okres Komárno
Marušová;1994-01-01;48;B;SK;1994;48,2360365;18,5211257;Slovensko;Nitriansky kraj;okres Levice
Mašková;2019-10-10;50;A;SK;2019;48,3335285;19,5639354;Slovensko;Banskobystrický kraj;okres Lučenec
Mašovice;2004-05-23;34;B;CZ;2004;#N/A;#N/A;#N/A;#N/A;#N/A
Mašťov;;7;A;CZ;1899;#N/A;#N/A;#N/A;#N/A;#N/A
Matejovce (Poprad);1994-01-01;41;A;SK;1994;49,0815681;20,3273096;Slovensko;Prešovský kraj;okres Poprad
Matejovce (Spišská Nová Ves);1994-01-01;42;A;SK;1994;48,916377;20,6699382;Slovensko;Košický kraj;okres Spišská Nová Ves
Matějovec;;33;B;CZ;1899;#N/A;#N/A;#N/A;#N/A;#N/A
Matiaška;2026-06-02;43;A;SK;2026;49,0613918;21,5820525;Slovensko;Prešovský kraj;okres Vranov nad Topľou
Matiašovce;1994-01-01;27;C;SK;1994;48,9362182;21,7458667;Slovensko;Prešovský kraj;okres Vranov nad Topľou
Matúškovo;2019-06-09;47;B;SK;2019;48,1666667;17,7333333;Slovensko;Trnavský kraj;okres Galanta
Matysová;2022-07-10;28;C;SK;2022;49,3180687;20,7539809;Slovensko;Prešovský kraj;okres Stará Ľubovňa
Maxičky;;2;A;CZ;1899;#N/A;#N/A;#N/A;#N/A;#N/A
Mažice;;18;D;CZ;1899;#N/A;#N/A;#N/A;#N/A;#N/A
Mcely;;9;B;CZ;1899;#N/A;#N/A;#N/A;#N/A;#N/A
Meclov;;16;A;CZ;1899;#N/A;#N/A;#N/A;#N/A;#N/A
Mečeříž;;9;A;CZ;1899;#N/A;#N/A;#N/A;#N/A;#N/A
Mečichov;;17;D;CZ;1899;#N/A;#N/A;#N/A;#N/A;#N/A
Měčín;;17;A;CZ;1899;#N/A;#N/A;#N/A;#N/A;#N/A
Měděnec;;6;B;CZ;1899;#N/A;#N/A;#N/A;#N/A;#N/A
Medlov (Brno-venkov);;35;B;CZ;1899;#N/A;#N/A;#N/A;#N/A;#N/A
Medlov (Olomouc);2026-05-24;22;B;CZ;2026;#N/A;#N/A;#N/A;#N/A;#N/A
Medovarce;1994-01-01;49;B;SK;1994;48,2331828;19,0008532;Slovensko;Banskobystrický kraj;okres Krupina
Medveďov;2018-07-01;47;D;SK;2018;47,8000105;17,6607602;Slovensko;Trnavský kraj;okres Dunajská Streda
Medzany;2020-08-10;42;B;SK;2020;49,041734;21,1557383;Slovensko;Prešovský kraj;okres Prešov
Medzibrod;1994-01-01;40;A;SK;1994;48,7933995;19,3571083;Slovensko;Banskobystrický kraj;okres Banská Bystrica
Medzibrodie nad Oravou;;25;D;SK;1899;49,2343511;19,3444637;Slovensko;Žilinský kraj;okres Dolný Kubín
Medzilaborce;2020-06-19;29;D;SK;2020;49,2711323;21,9039645;Slovensko;Prešovský kraj;okres Medzilaborce
Měcholupy;;7;A;CZ;1899;#N/A;#N/A;#N/A;#N/A;#N/A
Melč;;23;B;CZ;1899;#N/A;#N/A;#N/A;#N/A;#N/A
Mělčany;;35;B;CZ;1899;#N/A;#N/A;#N/A;#N/A;#N/A
Melek;2023-08-19;48;B;SK;2023;48,2007825;18,3282713;Slovensko;Nitriansky kraj;okres Nitra
Mělnické Vtelno;;9;A;CZ;1899;#N/A;#N/A;#N/A;#N/A;#N/A
Mělník;1997-05-30;8;B;CZ;1997;#N/A;#N/A;#N/A;#N/A;#N/A
Měnín;;36;A;CZ;1899;#N/A;#N/A;#N/A;#N/A;#N/A
Merašice;2018-07-01;37;D;SK;2018;48,4630144;17,9455646;Slovensko;Trnavský kraj;okres Hlohovec
Merklín (Karlovy Vary);;6;A;CZ;1899;#N/A;#N/A;#N/A;#N/A;#N/A
Merklín (Plzeň-jih);;16;B;CZ;1899;#N/A;#N/A;#N/A;#N/A;#N/A
Merník;;43;A;SK;1899;48,9479265;21,6417173;Slovensko;Prešovský kraj;okres Vranov nad Topľou
Měrovice nad Hanou;;22;D;CZ;1899;#N/A;#N/A;#N/A;#N/A;#N/A
Měrunice;;7;B;CZ;1899;#N/A;#N/A;#N/A;#N/A;#N/A
Měřín;;20;D;CZ;1899;#N/A;#N/A;#N/A;#N/A;#N/A
Městec Králové;;10;C;CZ;1899;#N/A;#N/A;#N/A;#N/A;#N/A
Městečko;;7;D;CZ;1899;#N/A;#N/A;#N/A;#N/A;#N/A
Městečko Trnávka;;22;A;CZ;1899;#N/A;#N/A;#N/A;#N/A;#N/A
Město Albrechtice;;13;C;CZ;1899;#N/A;#N/A;#N/A;#N/A;#N/A
Město Libavá;;23;A;CZ;1899;#N/A;#N/A;#N/A;#N/A;#N/A
Město Touškov;1994-01-01;16;B;CZ;1994;#N/A;#N/A;#N/A;#N/A;#N/A
Měšice (Praha-východ);;8;D;CZ;1899;#N/A;#N/A;#N/A;#N/A;#N/A
Měšice (Tábor);2018-10-29;19;C;CZ;2018;#N/A;#N/A;#N/A;#N/A;#N/A
Mešno;;17;B;CZ;1899;#N/A;#N/A;#N/A;#N/A;#N/A
Metylovice;;24;A;CZ;1899;#N/A;#N/A;#N/A;#N/A;#N/A
Meziměsti;;11;A;CZ;1899;#N/A;#N/A;#N/A;#N/A;#N/A
Mezno;;19;A;CZ;1899;#N/A;#N/A;#N/A;#N/A;#N/A
Mičakovce;;29;C;SK;1899;49,0762224;21,5254212;Slovensko;Prešovský kraj;okres Svidník
Michal nad Žitavou;2023-08-19;48;A;SK;2023;48,1851893;18,283964;Slovensko;Nitriansky kraj;okres Nové Zámky
Michaľany;1994-01-01;43;C;SK;1994;48,5148212;21,6220202;Slovensko;Košický kraj;okres Trebišov
Michalok;;43;A;SK;1899;48,991714;21,6330735;Slovensko;Prešovský kraj;okres Vranov nad Topľou
Michalová;1994-01-01;40;B;SK;1994;48,7626694;19,7778938;Slovensko;Banskobystrický kraj;okres Brezno
Michalovce;2002-09-28;43;B;SK;2002;48,7514383;21,9211949;Slovensko;Košický kraj;okres Michalovce
Michalovice;;9;A;CZ;1899;#N/A;#N/A;#N/A;#N/A;#N/A
Michalovy Hory;;6;C;CZ;1899;#N/A;#N/A;#N/A;#N/A;#N/A
Miková;2020-07-25;29;D;SK;2020;49,2942776;21,8232154;Slovensko;Prešovský kraj;okres Stropkov
Mikula;1994-01-01;49;A;SK;1994;48,0663182;18,6624492;Slovensko;Nitriansky kraj;okres Levice
Mikuláš;;10;C;CZ;1899;#N/A;#N/A;#N/A;#N/A;#N/A
Mikulášovice;;2;B;CZ;1899;#N/A;#N/A;#N/A;#N/A;#N/A
Mikulčice;2020-06-27;36;B;CZ;2020;#N/A;#N/A;#N/A;#N/A;#N/A
Mikuleč;;21;B;CZ;1899;#N/A;#N/A;#N/A;#N/A;#N/A
Mikulov (Břeclav);2002-11-23;35;B;CZ;2002;#N/A;#N/A;#N/A;#N/A;#N/A
Mikulov (Teplice);;1;B;CZ;1899;#N/A;#N/A;#N/A;#N/A;#N/A
Mikulovice (Šumperk);;12;D;CZ;1899;#N/A;#N/A;#N/A;#N/A;#N/A
Mikulovice (Znojmo);2023-05-01;35;A;CZ;2023;#N/A;#N/A;#N/A;#N/A;#N/A
Mikulůvka;;23;D;CZ;1899;#N/A;#N/A;#N/A;#N/A;#N/A
Mikušovce (Lučenec);;50;B;SK;1899;48,3004289;19,6854082;Slovensko;Banskobystrický kraj;okres Lučenec
Mikušovce (Pov. Bystrica);2023-07-09;38;A;SK;2023;49,06356;18,20655;Slovakia;Trenčiansky kraj;okres Ilava
Milanovce;1994-01-01;48;A;SK;1994;48,1842733;18,1553652;Slovensko;Nitriansky kraj;okres Nové Zámky
Milenov;;23;A;CZ;1899;#N/A;#N/A;#N/A;#N/A;#N/A
Milešov (Litoměřice);;8;A;CZ;1899;#N/A;#N/A;#N/A;#N/A;#N/A
Milešov (Příbram);;18;A;CZ;1899;#N/A;#N/A;#N/A;#N/A;#N/A
Milešovice;;36;A;CZ;1899;#N/A;#N/A;#N/A;#N/A;#N/A
Miletín;;10;B;CZ;1899;#N/A;#N/A;#N/A;#N/A;#N/A
Milevsko;;18;D;CZ;1899;#N/A;#N/A;#N/A;#N/A;#N/A
Milhošť;;42;D;SK;1899;48,5378102;21,2666334;Slovensko;Košický kraj;okres Košice - okolie
Milhostov;;5;D;CZ;1899;#N/A;#N/A;#N/A;#N/A;#N/A
Miličín;1994-01-01;19;A;CZ;1994;#N/A;#N/A;#N/A;#N/A;#N/A
Milíkov;;25;A;CZ;1899;#N/A;#N/A;#N/A;#N/A;#N/A
Milín;;18;A;CZ;1899;#N/A;#N/A;#N/A;#N/A;#N/A
Milínov;;17;A;CZ;1899;#N/A;#N/A;#N/A;#N/A;#N/A
Milotice;2020-06-28;36;B;CZ;2020;#N/A;#N/A;#N/A;#N/A;#N/A
Milotice nad Opavou;;13;C;CZ;1899;#N/A;#N/A;#N/A;#N/A;#N/A
Milovice (Břeclav);;36;A;CZ;1899;#N/A;#N/A;#N/A;#N/A;#N/A
Milovice (Jičín);;10;B;CZ;1899;#N/A;#N/A;#N/A;#N/A;#N/A
Milovice (Nymburk);;9;C;CZ;1899;#N/A;#N/A;#N/A;#N/A;#N/A
Milovy;;21;A;CZ;1899;#N/A;#N/A;#N/A;#N/A;#N/A
Milpoš;2020-08-09;28;C;SK;2020;49,1808204;21,0041485;Slovensko;Prešovský kraj;okres Sabinov
Mimoň;;9;A;CZ;1899;#N/A;#N/A;#N/A;#N/A;#N/A
Mirkovce;;42;B;SK;1899;48,8917968;21,3273375;Slovensko;Prešovský kraj;okres Prešov
Mírkovice;;32;B;CZ;1899;#N/A;#N/A;#N/A;#N/A;#N/A
Miroľa;2020-06-19;29;D;SK;2020;49,3268339;21,7336708;Slovensko;Prešovský kraj;okres Svidník
Miroslav;2023-05-01;35;A;CZ;2023;#N/A;#N/A;#N/A;#N/A;#N/A
Miroslavské Knínice;;35;A;CZ;1899;#N/A;#N/A;#N/A;#N/A;#N/A
Mirošov;;17;B;CZ;1899;#N/A;#N/A;#N/A;#N/A;#N/A
Mirošovice;;9;C;CZ;1899;#N/A;#N/A;#N/A;#N/A;#N/A
Mirotice;;18;C;CZ;1899;#N/A;#N/A;#N/A;#N/A;#N/A
Mírov;;22;A;CZ;1899;#N/A;#N/A;#N/A;#N/A;#N/A
Mirovice;;18;A;CZ;1899;#N/A;#N/A;#N/A;#N/A;#N/A
Mírovka;;20;A;CZ;1899;#N/A;#N/A;#N/A;#N/A;#N/A
Miřetice;;20;B;CZ;1899;#N/A;#N/A;#N/A;#N/A;#N/A
Mířkov;;16;A;CZ;1899;#N/A;#N/A;#N/A;#N/A;#N/A
Miskovice;;9;D;CZ;1899;#N/A;#N/A;#N/A;#N/A;#N/A
Místo;;7;A;CZ;1899;#N/A;#N/A;#N/A;#N/A;#N/A
Mistrovice;;11;D;CZ;1899;#N/A;#N/A;#N/A;#N/A;#N/A
Mistřice;;37;A;CZ;1899;#N/A;#N/A;#N/A;#N/A;#N/A
Mistřín;;36;B;CZ;1899;#N/A;#N/A;#N/A;#N/A;#N/A
Mistřovice;;24;B;CZ;1899;#N/A;#N/A;#N/A;#N/A;#N/A
Míškovice;;23;C;CZ;1899;#N/A;#N/A;#N/A;#N/A;#N/A
Mitrov;;19;B;CZ;1899;#N/A;#N/A;#N/A;#N/A;#N/A
Mladá Boleslav;;9;A;CZ;1899;#N/A;#N/A;#N/A;#N/A;#N/A
Mladá Vožice;;19;A;CZ;1899;#N/A;#N/A;#N/A;#N/A;#N/A
Mladé Buky;;10;B;CZ;1899;#N/A;#N/A;#N/A;#N/A;#N/A
Mladeč;;22;B;CZ;1899;#N/A;#N/A;#N/A;#N/A;#N/A
Mladějov (Jičín);;9;B;CZ;1899;#N/A;#N/A;#N/A;#N/A;#N/A
Mladějov (Svitavy);;21;B;CZ;1899;#N/A;#N/A;#N/A;#N/A;#N/A
Mladějovice;;22;B;CZ;1899;#N/A;#N/A;#N/A;#N/A;#N/A
Mladkov;;11;D;CZ;1899;#N/A;#N/A;#N/A;#N/A;#N/A
Mladošovice;;33;A;CZ;1899;#N/A;#N/A;#N/A;#N/A;#N/A
Mladotice (Písek);;18;C;CZ;1899;#N/A;#N/A;#N/A;#N/A;#N/A
Mladotice (Plzeň-sever);;7;C;CZ;1899;#N/A;#N/A;#N/A;#N/A;#N/A
Mladý Smolinec;;17;B;CZ;1899;#N/A;#N/A;#N/A;#N/A;#N/A
Mláka;1994-01-01;33;A;CZ;1994;#N/A;#N/A;#N/A;#N/A;#N/A
Mlázovice;;10;A;CZ;1899;#N/A;#N/A;#N/A;#N/A;#N/A
Mlékosrby;;10;C;CZ;1899;#N/A;#N/A;#N/A;#N/A;#N/A
Mliečno;2025-08-02;46;B;SK;2025;48,0191551;17,3305392;Slovensko;Trnavský kraj;okres Dunajská Streda
Mlynčeky;2002-07-20;27;D;SK;2002;49,1677753;20,383225;Slovensko;Prešovský kraj;okres Kežmarok
Mlynky;1994-01-01;41;B;SK;1994;48,8518348;20,4289357;Slovensko;Košický kraj;okres Spišská Nová Ves
Mlýny;;19;C;CZ;1899;#N/A;#N/A;#N/A;#N/A;#N/A
Mnich;;19;C;CZ;1899;#N/A;#N/A;#N/A;#N/A;#N/A
Mnichov (Bruntál);;13;C;CZ;1899;#N/A;#N/A;#N/A;#N/A;#N/A
Mnichov (Domažlice);;16;A;CZ;1899;#N/A;#N/A;#N/A;#N/A;#N/A
Mnichov (Cheb);;6;C;CZ;1899;#N/A;#N/A;#N/A;#N/A;#N/A
anichov (Strakonice);;17;D;CZ;1899;#N/A;#N/A;#N/A;#N/A;#N/A
Mníchova Lehota;2018-07-01;38;A;SK;2018;48,8339758;18,060995;Slovensko;Trenčiansky kraj;okres Trenčín
Mnichovice;;9;C;CZ;1899;#N/A;#N/A;#N/A;#N/A;#N/A
Mnichovo Hradiště;;9;B;CZ;1899;#N/A;#N/A;#N/A;#N/A;#N/A
Mníšany;2020-07-30;41;C;SK;2020;48,6688817;20,2260713;Slovensko;Banskobystrický kraj;okres Revúca
Mníšek (Liberec);;3;B;CZ;1899;#N/A;#N/A;#N/A;#N/A;#N/A
Mníšek (Most);;7;A;CZ;1899;#N/A;#N/A;#N/A;#N/A;#N/A
Mníšek nad Hnilcom;1994-01-01;42;A;SK;1994;48,8060044;20,8065464;Slovensko;Košický kraj;okres Gelnica
Mníšek nad Popradom;1994-01-01;28;C;SK;1994;49,4141006;20,7164081;Slovensko;Prešovský kraj;okres Stará Ľubovňa
Mníšek pod Brdy;;18;A;CZ;1899;#N/A;#N/A;#N/A;#N/A;#N/A
Mniší;;24;A;CZ;1899;#N/A;#N/A;#N/A;#N/A;#N/A
Moča;1994-01-01;48;D;SK;1994;47,7597583;18,4068335;Slovensko;Nitriansky kraj;okres Komárno
Močiar;1994-01-01;39;C;SK;1994;48,5407999;18,946054;Slovensko;Banskobystrický kraj;okres Banská Štiavnica
Močidlec;;6;D;CZ;1899;#N/A;#N/A;#N/A;#N/A;#N/A
Modlany;;2;A;CZ;1899;#N/A;#N/A;#N/A;#N/A;#N/A
Modra;1994-01-01;46;B;SK;1994;48,3357255;17,3087863;Slovensko;Bratislavský kraj;okres Pezinok
Modrá;;2;A;CZ;1899;#N/A;#N/A;#N/A;#N/A;#N/A
Modranka;;47;A;SK;1899;48,3488886;17,6103251;Slovensko;Trnavský kraj;okres Trnava
Modrany;1994-01-01;48;D;SK;1994;47,8218595;18,3533066;Slovensko;Nitriansky kraj;okres Komárno
Modrava;1995-08-03;31;A;CZ;1995;#N/A;#N/A;#N/A;#N/A;#N/A
Modrová;2018-07-01;37;D;SK;2018;48,6440516;17,8955658;Slovensko;Trenčiansky kraj;okres Nové Mesto nad Váhom
Modrovka;2018-07-01;37;D;SK;2018;48,6492015;17,882281;Slovensko;Trenčiansky kraj;okres Nové Mesto nad Váhom
Modrý Kameň;2018-07-01;50;A;SK;2018;48,2406025;19,3340853;Slovensko;Banskobystrický kraj;okres Veľký Krtíš
Modřany;;8;D;CZ;1899;#N/A;#N/A;#N/A;#N/A;#N/A
Modřice;1994-01-01;35;B;CZ;1994;#N/A;#N/A;#N/A;#N/A;#N/A
Mohelnice;1994-01-01;22;A;CZ;1994;#N/A;#N/A;#N/A;#N/A;#N/A
Mohelnice na Jizerou;;9;B;CZ;1899;#N/A;#N/A;#N/A;#N/A;#N/A
Mohelno;2021-09-10;35;A;CZ;2021;#N/A;#N/A;#N/A;#N/A;#N/A
Mochov;;9;C;CZ;1899;#N/A;#N/A;#N/A;#N/A;#N/A
Mochovce;1994-01-01;48;B;SK;1994;48,2605366;18,4600286;Slovensko;Nitriansky kraj;okres Levice
Mochtín;;17;C;CZ;1899;#N/A;#N/A;#N/A;#N/A;#N/A
Mojmírovce;2019-09-16;48;A;SK;2019;48,2072227;18,0640002;Slovensko;Nitriansky kraj;okres Nitra
Mojtín;2023-07-09;38;B;SK;2023;48,9842012;18,4028378;Slovensko;Trenčiansky kraj;okres Púchov
Mojzesovo;2023-08-19;48;A;SK;2023;48,1345873;18,2372611;Slovensko;Nitriansky kraj;okres Nové Zámky
Mojžíř;;2;A;CZ;1899;#N/A;#N/A;#N/A;#N/A;#N/A
Mokrá;;22;C;CZ;1899;#N/A;#N/A;#N/A;#N/A;#N/A
Mokrá Lúka;1995-08-13;41;C;SK;1995;48,6729607;20,1490835;Slovensko;Banskobystrický kraj;okres Revúca
Mokroluh;1994-01-01;28;D;SK;1994;49,3086092;21,2119252;Slovensko;Prešovský kraj;okres Bardejov
Mokrý Háj;2020-08-22;36;B;SK;2020;48,8123051;17,2449264;Slovensko;Trnavský kraj;okres Skalica
Mokřiny;;5;B;CZ;1899;#N/A;#N/A;#N/A;#N/A;#N/A
Moldava;;1;B;CZ;1899;#N/A;#N/A;#N/A;#N/A;#N/A
Moldava nad Bodvou;1994-01-01;42;D;SK;1994;48,6141424;20,9973314;Slovensko;Košický kraj;okres Košice - okolie
Molenburk;;22;C;CZ;1899;#N/A;#N/A;#N/A;#N/A;#N/A
Morašice;;21;A;CZ;1899;#N/A;#N/A;#N/A;#N/A;#N/A
Moravany (Brno-venkov);;35;B;CZ;1899;#N/A;#N/A;#N/A;#N/A;#N/A
Moravany (Hodonín);;36;B;CZ;1899;#N/A;#N/A;#N/A;#N/A;#N/A
Moravany (Michalovce);2020-07-26;43;B;SK;2020;48,7406284;21,7832909;Slovensko;Košický kraj;okres Michalovce
Moravany (Pardubice);1994-01-01;10;D;CZ;1994;#N/A;#N/A;#N/A;#N/A;#N/A
Moravany nad Váhom;2000-07-19;37;D;SK;2000;48,6021432;17,8621354;Slovensko;Trnavský kraj;okres Piešťany
Moravec;;21;C;CZ;1899;#N/A;#N/A;#N/A;#N/A;#N/A
Moravice;;23;B;CZ;1899;#N/A;#N/A;#N/A;#N/A;#N/A
Moravičainy;1994-01-01;22;A;CZ;1994;#N/A;#N/A;#N/A;#N/A;#N/A
Morávka;;24;B;CZ;1899;#N/A;#N/A;#N/A;#N/A;#N/A
Moravská Huzová;;22;B;CZ;1899;#N/A;#N/A;#N/A;#N/A;#N/A
Moravská Chrastová;2022-04-14;21;B;CZ;2022;#N/A;#N/A;#N/A;#N/A;#N/A
Moravská Nová Ves;2020-06-27;36;B;CZ;2020;#N/A;#N/A;#N/A;#N/A;#N/A
Moravská Třebová;1994-01-01;22;A;CZ;1994;#N/A;#N/A;#N/A;#N/A;#N/A
Moravské Bránice;;35;B;CZ;1899;#N/A;#N/A;#N/A;#N/A;#N/A
Moravské Budějovice;;34;B;CZ;1899;#N/A;#N/A;#N/A;#N/A;#N/A
Moravské Knínice;;21;D;CZ;1899;#N/A;#N/A;#N/A;#N/A;#N/A
Moravské Lieskové;2026-08-23;37;B;SK;2026;48,8185887;17,7928036;Slovensko;Trenčiansky kraj;okres Nové Mesto nad Váhom
Moravské Málkovice;;22;D;CZ;1899;#N/A;#N/A;#N/A;#N/A;#N/A
Moravské Prusy;;22;D;CZ;1899;#N/A;#N/A;#N/A;#N/A;#N/A
Moravský Beroun;;23;A;CZ;1899;#N/A;#N/A;#N/A;#N/A;#N/A
Moravský Ján;1994-01-01;36;C;SK;1994;48,5902924;17,0014417;Slovensko;Trnavský kraj;okres Senica
Moravský Krumlov;2021-09-10;35;A;CZ;2021;#N/A;#N/A;#N/A;#N/A;#N/A
Moravský Lančov;2022-04-14;21;B;CZ;2022;#N/A;#N/A;#N/A;#N/A;#N/A
Moravský Písek;;36;B;CZ;1899;#N/A;#N/A;#N/A;#N/A;#N/A
Moravský Žižkov;;36;A;CZ;1899;#N/A;#N/A;#N/A;#N/A;#N/A
Morkovice;;22;D;CZ;1899;#N/A;#N/A;#N/A;#N/A;#N/A
Morkůvky;;36;A;CZ;1899;#N/A;#N/A;#N/A;#N/A;#N/A
Mořice;;22;D;CZ;1899;#N/A;#N/A;#N/A;#N/A;#N/A
Mořina;;8;C;CZ;1899;#N/A;#N/A;#N/A;#N/A;#N/A
Mořkov;;24;C;CZ;1899;#N/A;#N/A;#N/A;#N/A;#N/A
Most;;7;B;CZ;1899;#N/A;#N/A;#N/A;#N/A;#N/A
Most na Ostrove;1994-01-01;46;B;SK;1994;47,9450453;17,6086283;Slovensko;Trnavský kraj;okres Dunajská Streda
Mostek;;10;B;CZ;1899;#N/A;#N/A;#N/A;#N/A;#N/A
Mostkovice;;22;D;CZ;1899;#N/A;#N/A;#N/A;#N/A;#N/A
Mostová;2019-06-02;47;B;SK;2019;48,140118;17,6759187;Slovensko;Trnavský kraj;okres Galanta
Mosty;;33;B;CZ;1899;#N/A;#N/A;#N/A;#N/A;#N/A
Mosty u Jablunkova;1994-01-01;25;A;CZ;1994;#N/A;#N/A;#N/A;#N/A;#N/A
Mošnov;1994-01-01;24;A;CZ;1994;#N/A;#N/A;#N/A;#N/A;#N/A
Mošovce;1994-01-01;39;A;SK;1994;48,9093933;18,8878711;Slovensko;Žilinský kraj;okres Turčianske Teplice
Mošurov;2020-06-17;28;D;SK;2020;49,119929;21,2491389;Slovensko;Prešovský kraj;okres Prešov
Motešice;2018-07-01;38;A;SK;2018;48,8245063;18,1809754;Slovensko;Trenčiansky kraj;okres Trenčín
Motyčky;1994-01-01;39;B;SK;1994;48,8608088;19,1705428;Slovensko;Banskobystrický kraj;okres Banská Bystrica
Mouřínov;;36;A;CZ;1899;#N/A;#N/A;#N/A;#N/A;#N/A
Moutnice;;36;A;CZ;1899;#N/A;#N/A;#N/A;#N/A;#N/A
Mrač;;19;A;CZ;1899;#N/A;#N/A;#N/A;#N/A;#N/A
Mrákotín;2021-09-10;20;C;CZ;2021;#N/A;#N/A;#N/A;#N/A;#N/A
Mratín;;8;D;CZ;1899;#N/A;#N/A;#N/A;#N/A;#N/A
Mrázov;;6;C;CZ;1899;#N/A;#N/A;#N/A;#N/A;#N/A
Mrzkovice;;20;A;CZ;1899;#N/A;#N/A;#N/A;#N/A;#N/A
Mříčná;;10;A;CZ;1899;#N/A;#N/A;#N/A;#N/A;#N/A
Mšec;;7;D;CZ;1899;#N/A;#N/A;#N/A;#N/A;#N/A
Mšecké Žehrovice;;8;C;CZ;1899;#N/A;#N/A;#N/A;#N/A;#N/A
Mšené-lázně;;8;A;CZ;1899;#N/A;#N/A;#N/A;#N/A;#N/A
Mšeno;;9;A;CZ;1899;#N/A;#N/A;#N/A;#N/A;#N/A
Mšeno nad Nisou;;3;B;CZ;1899;#N/A;#N/A;#N/A;#N/A;#N/A
Mukařov;;9;B;CZ;1899;#N/A;#N/A;#N/A;#N/A;#N/A
Muľa;2018-07-01;50;A;SK;2018;48,1931483;19,5260012;Slovensko;Banskobystrický kraj;okres Veľký Krtíš
Muráň;1994-01-01;41;A;SK;1994;48,740383;20,0467971;Slovensko;Banskobystrický kraj;okres Revúca
Muránska Dlhá Lúka;1995-08-13;41;C;SK;1995;48,7176852;20,081168;Slovensko;Banskobystrický kraj;okres Revúca
Muránska Huta;1994-01-01;41;A;SK;1994;48,7786837;20,1115312;Slovensko;Banskobystrický kraj;okres Revúca
Muránska Zdychava;;41;A;SK;1899;48,7377375;20,1399217;Slovensko;Banskobystrický kraj;okres Revúca
Mušov;;35;B;CZ;1899;#N/A;#N/A;#N/A;#N/A;#N/A
Mutějovice;;7;D;CZ;1899;#N/A;#N/A;#N/A;#N/A;#N/A
Mutěnice;;36;B;CZ;1899;#N/A;#N/A;#N/A;#N/A;#N/A
Mutěnín;;16;A;CZ;1899;#N/A;#N/A;#N/A;#N/A;#N/A
Mutné;1994-01-01;25;D;SK;1994;49,4596226;19,32275;Slovensko;Žilinský kraj;okres Námestovo
Mužla;1994-01-01;48;D;SK;1994;47,7925185;18,5977835;Slovensko;Nitriansky kraj;okres Nové Zámky
Mydlovary;;32;B;CZ;1899;#N/A;#N/A;#N/A;#N/A;#N/A
Myjava;2018-09-01;37;C;SK;2018;48,7540345;17,5650224;Slovensko;Trenčiansky kraj;okres Myjava
Myslava;2021-05-22;42;B;SK;2021;48,7087999;21,2039714;Slovensko;Košický kraj;
Myslejovice;;22;D;CZ;1899;#N/A;#N/A;#N/A;#N/A;#N/A
Myslibořice;;34;B;CZ;1899;#N/A;#N/A;#N/A;#N/A;#N/A
Myslív;;17;C;CZ;1899;#N/A;#N/A;#N/A;#N/A;#N/A
Myšlín;;9;C;CZ;1899;#N/A;#N/A;#N/A;#N/A;#N/A
Myštěves;;10;A;CZ;1899;#N/A;#N/A;#N/A;#N/A;#N/A
Myštice;;17;D;CZ;1899;#N/A;#N/A;#N/A;#N/A;#N/A
Mýtina;;5;D;CZ;1899;#N/A;#N/A;#N/A;#N/A;#N/A
Mýtna;1994-01-01;40;C;SK;1994;48,4670964;19,5525708;Slovensko;Banskobystrický kraj;okres Lučenec
Mýtna Nová Ves;;38;C;SK;1899;48,4840773;18,1076336;Slovensko;Nitriansky kraj;okres Topoľčany
Mýtne Ludany;1994-01-01;49;A;SK;1994;48,1638473;18,6645141;Slovensko;Nitriansky kraj;okres Levice
Mýto;1995-07-29;17;B;CZ;1995;#N/A;#N/A;#N/A;#N/A;#N/A
Mýto pod Ďumbierom;1994-01-01;40;A;SK;1994;48,8539115;19,6332575;Slovensko;Banskobystrický kraj;okres Brezno
Nacina Ves;2002-09-28;43;B;SK;2002;48,8187193;21,8551219;Slovensko;Košický kraj;okres Michalovce
Načeradec;;19;A;CZ;1899;#N/A;#N/A;#N/A;#N/A;#N/A
Načeratice;;35;A;CZ;1899;#N/A;#N/A;#N/A;#N/A;#N/A
Načetín;;7;A;CZ;1899;#N/A;#N/A;#N/A;#N/A;#N/A
Nadějkov;;18;B;CZ;1899;#N/A;#N/A;#N/A;#N/A;#N/A
Nadlice;2000-07-19;38;C;SK;2000;48,620197;18,2518187;Slovensko;Trenčiansky kraj;okres Partizánske
Nahořany (Strakonice);;17;D;CZ;1899;#N/A;#N/A;#N/A;#N/A;#N/A
Nahořany (Náchod);;11;A;CZ;1899;#N/A;#N/A;#N/A;#N/A;#N/A
Náchod;2022-04-14;11;A;CZ;2022;#N/A;#N/A;#N/A;#N/A;#N/A
Náklo;;22;B;CZ;1899;#N/A;#N/A;#N/A;#N/A;#N/A
Nálepkovo;1994-01-01;41;B;SK;1994;48,8423713;20,6185639;Slovensko;Košický kraj;okres Gelnica
Nalžovice;;18;B;CZ;1899;#N/A;#N/A;#N/A;#N/A;#N/A
Nalžovské Hory;;17;C;CZ;1899;#N/A;#N/A;#N/A;#N/A;#N/A
Námestovo;1994-01-01;26;C;SK;1994;49,4095122;19,4803756;Slovensko;Žilinský kraj;okres Námestovo
Náměšť nad Oslavou;2021-09-10;21;C;CZ;2021;#N/A;#N/A;#N/A;#N/A;#N/A
Náměšť na Hané;;22;B;CZ;1899;#N/A;#N/A;#N/A;#N/A;#N/A
Nandraž;1994-01-01;41;C;SK;1994;48,6078919;20,1871724;Slovensko;Banskobystrický kraj;okres Revúca
Napajedla;;23;C;CZ;1899;#N/A;#N/A;#N/A;#N/A;#N/A
Nárameč;;20;D;CZ;1899;#N/A;#N/A;#N/A;#N/A;#N/A
Nasavrky;;20;B;CZ;1899;#N/A;#N/A;#N/A;#N/A;#N/A
Násedlnice;;9;B;CZ;1899;#N/A;#N/A;#N/A;#N/A;#N/A
Násedlovice;2019-09-06;36;A;CZ;2019;#N/A;#N/A;#N/A;#N/A;#N/A
Nasobůrky;;22;B;CZ;1899;#N/A;#N/A;#N/A;#N/A;#N/A
Navojovce;1994-01-01;38;D;SK;1994;48,6488961;18,3638149;Slovensko;Trenčiansky kraj;okres Partizánske
Nebanice;;5;D;CZ;1899;#N/A;#N/A;#N/A;#N/A;#N/A
Nebílovy;;17;A;CZ;1899;#N/A;#N/A;#N/A;#N/A;#N/A
Nebory;1994-01-01;24;B;CZ;1994;#N/A;#N/A;#N/A;#N/A;#N/A
Nebušice;;8;D;CZ;1899;#N/A;#N/A;#N/A;#N/A;#N/A
Nebužely;;9;A;CZ;1899;#N/A;#N/A;#N/A;#N/A;#N/A
Necpaly;1996-08-28;39;A;SK;1996;48,9856944;18,9658245;Slovensko;Žilinský kraj;okres Martin
Nečemice;;7;D;CZ;1899;#N/A;#N/A;#N/A;#N/A;#N/A
Nečín;;18;A;CZ;1899;#N/A;#N/A;#N/A;#N/A;#N/A
Nečtiny;;6;D;CZ;1899;#N/A;#N/A;#N/A;#N/A;#N/A
Nedachlebice;;37;A;CZ;1899;#N/A;#N/A;#N/A;#N/A;#N/A
Nedakonice;;37;A;CZ;1899;#N/A;#N/A;#N/A;#N/A;#N/A
Nedanovce;2000-07-19;38;C;SK;2000;48,5949923;18,2963471;Slovensko;Trenčiansky kraj;okres Partizánske
Nedašov;;38;A;CZ;1899;#N/A;#N/A;#N/A;#N/A;#N/A
Nedašova Lhota;;38;A;CZ;1899;#N/A;#N/A;#N/A;#N/A;#N/A
Nedašovce;2018-07-01;38;C;SK;2018;48,6679246;18,3149737;Slovensko;Trenčiansky kraj;okres Bánovce nad Bebravou
Neded;2025-08-16;47;B;SK;2025;48,0184397;17,9740566;Slovensko;Nitriansky kraj;okres Šaľa
Nededza;1995-07-28;25;C;SK;1995;49,2203635;18,8359443;Slovensko;Žilinský kraj;okres Žilina
Nedožery-Brezany;1994-01-01;38;B;SK;1994;48,8176094;18,6446246;Slovensko;Trenčiansky kraj;okres Prievidza
Nedrahovice;;18;B;CZ;1899;#N/A;#N/A;#N/A;#N/A;#N/A
Nedvědice;;21;D;CZ;1899;#N/A;#N/A;#N/A;#N/A;#N/A
Nehvizdy;2003-08-08;9;C;CZ;2003;#N/A;#N/A;#N/A;#N/A;#N/A
Nechanice;;10;D;CZ;1899;#N/A;#N/A;#N/A;#N/A;#N/A
Nechranice;;7;A;CZ;1899;#N/A;#N/A;#N/A;#N/A;#N/A
Nechvalice;;18;B;CZ;1899;#N/A;#N/A;#N/A;#N/A;#N/A
Nejdek;;6;A;CZ;1899;#N/A;#N/A;#N/A;#N/A;#N/A
Nekmíř;;6;D;CZ;1899;#N/A;#N/A;#N/A;#N/A;#N/A
Nekoř;;11;D;CZ;1899;#N/A;#N/A;#N/A;#N/A;#N/A
Nekvasovy;1995-08-09;17;C;CZ;1995;#N/A;#N/A;#N/A;#N/A;#N/A
Nelahozeves;;8;D;CZ;1899;#N/A;#N/A;#N/A;#N/A;#N/A
Nemanice;;16;C;CZ;1899;#N/A;#N/A;#N/A;#N/A;#N/A
Nemcovce;;43;A;SK;1899;49,0507874;21,3816321;Slovensko;Prešovský kraj;okres Prešov
Němčany;;22;C;CZ;1899;#N/A;#N/A;#N/A;#N/A;#N/A
Nemčice;2000-07-19;38;C;SK;2000;48,552955;18,1218752;Slovensko;Nitriansky kraj;okres Topoľčany
Němčice (Blansko);;22;C;CZ;1899;#N/A;#N/A;#N/A;#N/A;#N/A
Němčice (Domažlice);;16;D;CZ;1899;#N/A;#N/A;#N/A;#N/A;#N/A
Němčice (Ústí n.O.);;21;B;CZ;1899;#N/A;#N/A;#N/A;#N/A;#N/A
Němčice nad Hanou;;22;D;CZ;1899;#N/A;#N/A;#N/A;#N/A;#N/A
Němčičky;;36;A;CZ;1899;#N/A;#N/A;#N/A;#N/A;#N/A
Nemčiňany;1994-01-01;48;B;SK;1994;48,3064877;18,4464426;Slovensko;Nitriansky kraj;okres Zlaté Moravce
Nemecká;1994-01-01;40;A;SK;1994;48,8131567;19,4153718;Slovensko;Banskobystrický kraj;okres Brezno
Nemečky;2018-07-01;38;C;SK;2018;48,6721153;18,1160879;Slovensko;Nitriansky kraj;okres Topoľčany
Nemilany;;22;B;CZ;1899;#N/A;#N/A;#N/A;#N/A;#N/A
Nemochovice;;22;D;CZ;1899;#N/A;#N/A;#N/A;#N/A;#N/A
Nemojov;;10;B;CZ;1899;#N/A;#N/A;#N/A;#N/A;#N/A
Nemošice;;10;D;CZ;1899;#N/A;#N/A;#N/A;#N/A;#N/A
Nemotice;;36;B;CZ;1899;#N/A;#N/A;#N/A;#N/A;#N/A
Nemšová;1998-09-13;38;A;SK;1998;48,9646151;18,1175713;Slovensko;Trenčiansky kraj;okres Trenčín
Nemyčeves;;10;A;CZ;1899;#N/A;#N/A;#N/A;#N/A;#N/A
Nemyšl;;19;A;CZ;1899;#N/A;#N/A;#N/A;#N/A;#N/A
Nenince;2018-07-01;49;B;SK;2018;48,1475887;19,2569501;Slovensko;Banskobystrický kraj;okres Veľký Krtíš
Nenkovice;;36;B;CZ;1899;#N/A;#N/A;#N/A;#N/A;#N/A
Neplachov;;18;D;CZ;1899;#N/A;#N/A;#N/A;#N/A;#N/A
Neplachovice;;13;D;CZ;1899;#N/A;#N/A;#N/A;#N/A;#N/A
Nepolisy;;10;C;CZ;1899;#N/A;#N/A;#N/A;#N/A;#N/A
Nepomuk;1995-08-09;17;A;CZ;1995;#N/A;#N/A;#N/A;#N/A;#N/A
Nepomyšl;;7;C;CZ;1899;#N/A;#N/A;#N/A;#N/A;#N/A
Neporadza (Rim. Sobota);;41;D;SK;1899;48,3632121;20,3920373;Slovensko;Banskobystrický kraj;okres Rimavská Sobota
Neporadza (Trenčín);2018-07-01;38;A;SK;2018;48,8191854;18,1504649;Slovensko;Trenčiansky kraj;okres Trenčín
Neratovice;1997-05-30;8;D;CZ;1997;#N/A;#N/A;#N/A;#N/A;#N/A
Neslovice;;35;B;CZ;1899;#N/A;#N/A;#N/A;#N/A;#N/A
Nesluša;1995-07-26;25;C;SK;1995;49,3100483;18,7486916;Slovensko;Žilinský kraj;okres Kysucké Nové Mesto
Nesovice;1998-08-01;36;B;CZ;1998;#N/A;#N/A;#N/A;#N/A;#N/A
Nespeky;;19;A;CZ;1899;#N/A;#N/A;#N/A;#N/A;#N/A
Nesuchyně;;7;D;CZ;1899;#N/A;#N/A;#N/A;#N/A;#N/A
Nesvačily;;19;A;CZ;1899;#N/A;#N/A;#N/A;#N/A;#N/A
Nesvady;2024-05-25;48;C;SK;2024;47,9285197;18,1285528;Slovensko;Nitriansky kraj;okres Komárno
Neštěmice;;2;A;CZ;1899;#N/A;#N/A;#N/A;#N/A;#N/A
Netín;;20;D;CZ;1899;#N/A;#N/A;#N/A;#N/A;#N/A
Netolice;;32;A;CZ;1899;#N/A;#N/A;#N/A;#N/A;#N/A
Netřebice (Český Krumlov);;32;B;CZ;1899;#N/A;#N/A;#N/A;#N/A;#N/A
Netřebice (Nymburk);;9;D;CZ;1899;#N/A;#N/A;#N/A;#N/A;#N/A
Netvořice;;18;B;CZ;1899;#N/A;#N/A;#N/A;#N/A;#N/A
Neuměřice;;8;C;CZ;1899;#N/A;#N/A;#N/A;#N/A;#N/A
Neumětely;;18;A;CZ;1899;#N/A;#N/A;#N/A;#N/A;#N/A
Neurazy;;17;C;CZ;1899;#N/A;#N/A;#N/A;#N/A;#N/A
Neustupov;;19;A;CZ;1899;#N/A;#N/A;#N/A;#N/A;#N/A
Neveklov;1994-01-01;18;B;CZ;1994;#N/A;#N/A;#N/A;#N/A;#N/A
Neverice;2018-07-01;48;A;SK;2018;48,3667167;18,2749587;Slovensko;Nitriansky kraj;okres Zlaté Moravce
Nevězice;;18;C;CZ;1899;#N/A;#N/A;#N/A;#N/A;#N/A
Nevidzany;1994-01-01;48;B;SK;1994;48,843289;18,4879147;Slovensko;Trenčiansky kraj;okres Prievidza
Nevoľné;1996-02-10;39;C;SK;1996;48,6712273;18,9437426;Slovensko;Banskobystrický kraj;okres Žiar nad Hronom
Nezamyslice;;22;D;CZ;1899;#N/A;#N/A;#N/A;#N/A;#N/A
Nezdice;;17;C;CZ;1899;#N/A;#N/A;#N/A;#N/A;#N/A
Nezvěstice;1995-08-09;17;A;CZ;1995;#N/A;#N/A;#N/A;#N/A;#N/A
Nikolčice;;36;A;CZ;1899;#N/A;#N/A;#N/A;#N/A;#N/A
Nimnica;1994-01-01;38;B;SK;1994;49,1389873;18,3546458;Slovensko;Trenčiansky kraj;okres Púchov
Nitra;1994-01-01;48;A;SK;1994;48,31295;18,0894593;Slovensko;Nitriansky kraj;okres Nitra
Nitra nad Ipľom;;50;B;SK;1899;48,3184089;19,7733032;Slovensko;Banskobystrický kraj;okres Lučenec
Nitrany > Čechynce;2023-08-19;48;A;SK;2023;48,25489;18,15958;Slovakia;Nitriansky kraj;okres Nitra
Nitrianska Blatnica;2000-07-19;37;D;SK;2000;48,5537377;17,9669061;Slovensko;Nitriansky kraj;okres Topoľčany
Nitrianska Streda;2018-07-01;38;C;SK;2018;48,5200243;18,1766412;Slovensko;Nitriansky kraj;okres Topoľčany
Nitrianske Hrnčiarovce;2018-07-01;48;A;SK;2018;48,3315245;18,1254215;Slovensko;Nitriansky kraj;okres Nitra
Nitrianske Pravno;1994-01-01;38;B;SK;1994;48,8713085;18,6348288;Slovensko;Trenčiansky kraj;okres Prievidza
Nitrianske Rudno;1994-01-01;38;B;SK;1994;48,797453;18,4780206;Slovensko;Trenčiansky kraj;okres Prievidza
Nitriansky Hrádok;2024-08-04;48;A;SK;2024;48,0699908;18,2035394;Slovensko;Nitriansky kraj;okres Nové Zámky
Nitrica;2018-09-01;38;D;SK;2018;48,8017574;18,4806807;Slovensko;Trenčiansky kraj;okres Prievidza
Nivnice;;37;A;CZ;1899;#N/A;#N/A;#N/A;#N/A;#N/A
Nižbor;2018-07-01;8;C;CZ;2018;#N/A;#N/A;#N/A;#N/A;#N/A
Nížkov;;20;B;CZ;1899;#N/A;#N/A;#N/A;#N/A;#N/A
Nížkovice;2019-09-06;36;A;CZ;2019;#N/A;#N/A;#N/A;#N/A;#N/A
Nižná;1994-01-01;26;C;SK;1994;48,5340465;17,6543968;Slovensko;Trnavský kraj;okres Piešťany
Nižná Boca;1994-01-01;40;B;SK;1994;48,9489986;19,770139;Slovensko;Žilinský kraj;okres Liptovský Mikuláš
Nižná Jablonka;;30;C;SK;1899;49,1285916;22,0851852;Slovensko;Prešovský kraj;okres Humenné
Nižná Kaloša;2019-06-23;41;C;SK;2019;48,4200446;20,2219194;Slovensko;Banskobystrický kraj;okres Rimavská Sobota
Nižná Myšľa;1994-01-01;43;C;SK;1994;48,6237142;21,363905;Slovensko;Košický kraj;okres Košice - okolie
Nižná Pokoradz;1994-01-01;41;C;SK;1994;48,4074003;20,0271182;Slovensko;Banskobystrický kraj;okres Rimavská Sobota
Nižná Revúca;1994-01-01;39;B;SK;1994;48,9328306;19,2084565;Slovensko;Žilinský kraj;okres Ružomberok
Nižná Sitnica;2020-07-26;43;B;SK;2020;49,0676555;21,7932169;Slovensko;Prešovský kraj;okres Humenné
Nižná Slaná;1994-01-01;41;D;SK;1994;48,7254078;20,415991;Slovensko;Košický kraj;okres Rožňava
Nižná Šebastová;2020-06-17;42;B;SK;2020;49,0259782;21,2759505;Slovensko;Prešovský kraj;okres Prešov
Nižná Šuňava;1994-01-01;41;A;SK;1994;49,0286076;20,0987095;Slovensko;Prešovský kraj;okres Poprad
Nižná Voľa;2020-07-21;29;C;SK;2020;49,2239025;21,3713519;Slovensko;Prešovský kraj;okres Bardejov
Nižné Repaše;2002-07-25;42;A;SK;2002;49,0888108;20,7035625;Slovensko;Prešovský kraj;okres Levoča
Nižné Ružbachy;1994-01-01;27;D;SK;1994;49,281969;20,577141;Slovensko;Prešovský kraj;okres Stará Ľubovňa
Nižný Hrabovec;2020-07-26;43;B;SK;2020;48,8540567;21,7503714;Slovensko;Prešovský kraj;okres Vranov nad Topľou
Nižný Hrušov;2020-07-26;43;B;SK;2020;48,8078794;21,7746197;Slovensko;Prešovský kraj;okres Vranov nad Topľou
Nižný Medzev;2021-05-22;42;C;SK;2021;48,7003257;20,892266;Slovensko;Košický kraj;okres Košice - okolie
Nižný Skálnik;2019-06-22;40;D;SK;2019;48,4540921;19,9691682;Slovensko;Banskobystrický kraj;okres Rimavská Sobota
Nižný Slavkov;;28;C;SK;1899;49,09997;20,849901;Slovensko;Prešovský kraj;okres Sabinov
Nižný Sliač;1994-01-01;40;A;SK;1994;49,0736023;19,3821466;Slovensko;Žilinský kraj;okres Ružomberok
Nižný Tvarožec;2020-08-08;28;D;SK;2020;49,3618719;21,1844683;Slovensko;Prešovský kraj;okres Bardejov
Nižný Žipov;2026-05-31;43;D;SK;2026;48,5812587;21,6400446;Slovensko;Košický kraj;okres Trebišov
Norovce;2018-07-01;38;C;SK;2018;48,6315859;18,179459;Slovensko;Nitriansky kraj;okres Topoľčany
Nosetín;;18;B;CZ;1899;#N/A;#N/A;#N/A;#N/A;#N/A
Nosice;1994-01-01;38;B;SK;1994;49,1304215;18,3567145;Slovensko;Trenčiansky kraj;okres Púchov
Nosislav;2001-06-16;35;B;CZ;2001;#N/A;#N/A;#N/A;#N/A;#N/A
Nošovice;;24;B;CZ;1899;#N/A;#N/A;#N/A;#N/A;#N/A
Nová Baňa;1994-01-01;38;D;SK;1994;48,4245994;18,6413651;Slovensko;Banskobystrický kraj;okres Žarnovica
Nová Bašta;;50;B;SK;1899;48,1711081;19,9457134;Slovensko;Banskobystrický kraj;okres Rimavská Sobota
Nová Bělá;;24;A;CZ;1899;#N/A;#N/A;#N/A;#N/A;#N/A
Nová Bošáca;2026-08-23;37;B;SK;2026;48,8799339;17,7970704;Slovensko;Trenčiansky kraj;okres Nové Mesto nad Váhom
Nová Buková;;19;D;CZ;1899;#N/A;#N/A;#N/A;#N/A;#N/A
Nová Bystrica;1994-01-01;25;D;SK;1994;49,3450356;19,0111197;Slovensko;Žilinský kraj;okres Čadca
Nová Bystřice;;33;B;CZ;1899;#N/A;#N/A;#N/A;#N/A;#N/A
Nová Cerekev;;19;D;CZ;1899;#N/A;#N/A;#N/A;#N/A;#N/A
Nová Dedina;1994-01-01;48;B;SK;1994;48,2823083;18,6473324;Slovensko;Nitriansky kraj;okres Levice
Nová Dedinka;1994-01-01;47;A;SK;1994;48,1861003;17,3568023;Slovensko;Bratislavský kraj;okres Senec
Nová Dubnica;2023-07-09;38;A;SK;2023;48,9358736;18,1457351;Slovensko;Trenčiansky kraj;okres Ilava
Nová Lehota (Prievidza);1994-01-01;39;C;SK;1994;48,6731843;18,7321242;Slovensko;Trenčiansky kraj;okres Prievidza
Nová Lehota (Trenčín);2018-07-01;37;D;SK;2018;48,6583808;17,9799512;Slovensko;Trenčiansky kraj;okres Nové Mesto nad Váhom
Nová Lhota;;37;A;CZ;1899;#N/A;#N/A;#N/A;#N/A;#N/A
Nová Ľubovňa;2022-07-09;27;D;SK;2022;49,2761322;20,6836363;Slovensko;Prešovský kraj;okres Stará Ľubovňa
Nová Paka;;10;A;CZ;1899;#N/A;#N/A;#N/A;#N/A;#N/A
Nová Pec;1995-08-06;31;B;CZ;1995;#N/A;#N/A;#N/A;#N/A;#N/A
Nová Role;;6;A;CZ;1899;#N/A;#N/A;#N/A;#N/A;#N/A
Nová Říše;2023-05-01;20;C;CZ;2023;#N/A;#N/A;#N/A;#N/A;#N/A
Nová Sedlica;;30;D;SK;1899;49,0437476;22,5127253;Slovensko;Prešovský kraj;okres Snina
Nová Stráž;1994-01-01;48;C;SK;1994;47,7628018;18,0482176;Slovensko;Nitriansky kraj;okres Komárno
Nová Včelnice;1994-01-01;19;D;CZ;1994;#N/A;#N/A;#N/A;#N/A;#N/A
Nová Ves (Brno-venkov);;35;A;CZ;1899;#N/A;#N/A;#N/A;#N/A;#N/A
Nová Ves (Břeclav);;35;B;CZ;1899;#N/A;#N/A;#N/A;#N/A;#N/A
Nová Ves (České Budějovice);;32;A;CZ;1899;#N/A;#N/A;#N/A;#N/A;#N/A
Nová Ves (Frýdek-Místek);;24;B;CZ;1899;#N/A;#N/A;#N/A;#N/A;#N/A
Nová Ves (Jihlava);;20;C;CZ;1899;#N/A;#N/A;#N/A;#N/A;#N/A
Nová Ves (Kolín);1994-01-01;9;D;CZ;1994;#N/A;#N/A;#N/A;#N/A;#N/A
Nová Ves (Mělník);;8;B;CZ;1899;#N/A;#N/A;#N/A;#N/A;#N/A
Nová Ves (Praha-východ);1994-01-01;8;D;CZ;1994;#N/A;#N/A;#N/A;#N/A;#N/A
Nová Ves (Semily);;9;B;CZ;1899;#N/A;#N/A;#N/A;#N/A;#N/A
Nová Ves (Svitavy);;21;B;CZ;1899;#N/A;#N/A;#N/A;#N/A;#N/A
Nová Ves nad Lužnicí;;33;A;CZ;1899;#N/A;#N/A;#N/A;#N/A;#N/A
Nová Ves nad Nisou;;3;B;CZ;1899;#N/A;#N/A;#N/A;#N/A;#N/A
Nová Ves nad Popelkou;;10;A;CZ;1899;#N/A;#N/A;#N/A;#N/A;#N/A
Nová Ves nad Váhom;2026-08-23;37;D;SK;2026;48,7335052;17,8879971;Slovensko;Trenčiansky kraj;okres Nové Mesto nad Váhom
Nová Ves nad Žitavou;2023-08-19;48;B;SK;2023;48,2920307;18,3243456;Slovensko;Nitriansky kraj;okres Nitra
Nová Ves pod Pleší;;18;A;CZ;1899;#N/A;#N/A;#N/A;#N/A;#N/A
Nová Ves u Chotěboře;;20;B;CZ;1899;#N/A;#N/A;#N/A;#N/A;#N/A
Nová Ves u Mladé Vožice;;19;A;CZ;1899;#N/A;#N/A;#N/A;#N/A;#N/A
Nová Ves u Nového Města na Moravě;;21;A;CZ;1899;#N/A;#N/A;#N/A;#N/A;#N/A
Nová Ves u Světlé;;20;A;CZ;1899;#N/A;#N/A;#N/A;#N/A;#N/A
Nová Vieska;1994-01-01;48;D;SK;1994;47,8706104;18,4596592;Slovensko;Nitriansky kraj;okres Nové Zámky
Nováky;1994-01-01;38;D;SK;1994;48,7164472;18,5408304;Slovensko;Trenčiansky kraj;okres Prievidza
Nové Dvory;;10;C;CZ;1899;#N/A;#N/A;#N/A;#N/A;#N/A
Nové Hamry;;6;A;CZ;1899;#N/A;#N/A;#N/A;#N/A;#N/A
Nové Heřminovy;;13;C;CZ;1899;#N/A;#N/A;#N/A;#N/A;#N/A
Nové Hodějovice;;32;B;CZ;1899;#N/A;#N/A;#N/A;#N/A;#N/A
Nové Hony;2019-06-23;40;D;SK;2019;48,3627033;19,8289604;Slovensko;Banskobystrický kraj;okres Lučenec
Nové Hrady (České Budějovice);;33;A;CZ;1899;#N/A;#N/A;#N/A;#N/A;#N/A
Nové Hrady (Chrudim);2005-08-27;21;A;CZ;2005;#N/A;#N/A;#N/A;#N/A;#N/A
Nové Hvězdlice;;22;D;CZ;1899;#N/A;#N/A;#N/A;#N/A;#N/A
Nové Košariská;2025-08-02;46;B;SK;2025;48,0935275;17,2749174;Slovensko;Bratislavský kraj;okres Senec
Nové Losiny;2018-07-01;12;D;CZ;2018;#N/A;#N/A;#N/A;#N/A;#N/A
Nové Město (Hradec Králové);1994-01-01;10;C;CZ;1994;#N/A;#N/A;#N/A;#N/A;#N/A
Nové Město (Teplice);;1;B;CZ;1899;#N/A;#N/A;#N/A;#N/A;#N/A
Nové Město nad Metují;2022-04-14;11;A;CZ;2022;#N/A;#N/A;#N/A;#N/A;#N/A
Nové Mesto nad Váhom;1994-01-01;37;D;SK;1994;48,7633248;17,8303857;Slovensko;Trenčiansky kraj;okres Nové Mesto nad Váhom
Nové Město na Moravě;;21;A;CZ;1899;#N/A;#N/A;#N/A;#N/A;#N/A
Nové Město pod Smrkem;;3;B;CZ;1899;#N/A;#N/A;#N/A;#N/A;#N/A
Nové Mitrovice (Plzeň);;17;B;CZ;1899;#N/A;#N/A;#N/A;#N/A;#N/A
Nové Mitrovice (Tábor);;18;B;CZ;1899;#N/A;#N/A;#N/A;#N/A;#N/A
Nové Sady;;37;D;SK;1899;48,4157227;17,98085;Slovensko;Nitriansky kraj;okres Nitra
Nové Sedlo;;6;C;CZ;1899;#N/A;#N/A;#N/A;#N/A;#N/A
Nové Sedlo nad Bílinou;;7;A;CZ;1899;#N/A;#N/A;#N/A;#N/A;#N/A
Nové Strašecí;;7;D;CZ;1899;#N/A;#N/A;#N/A;#N/A;#N/A
Nové Syrovice;;34;B;CZ;1899;#N/A;#N/A;#N/A;#N/A;#N/A
Nové Valteřice;;23;A;CZ;1899;#N/A;#N/A;#N/A;#N/A;#N/A
Nové Veselí;;20;D;CZ;1899;#N/A;#N/A;#N/A;#N/A;#N/A
Nové Zámky (Nové Zámky);1994-01-01;48;C;SK;1994;47,9861843;18,1631415;Slovensko;Nitriansky kraj;okres Nové Zámky
Nové Zámky (Olomouc);;22;B;CZ;1899;#N/A;#N/A;#N/A;#N/A;#N/A
Noviny pod Ralskem;;3;A;CZ;1899;#N/A;#N/A;#N/A;#N/A;#N/A
Novosad;2026-05-31;43;D;SK;2026;48,5268238;21,7415069;Slovensko;Košický kraj;okres Trebišov
Novosedly;;35;B;CZ;1899;#N/A;#N/A;#N/A;#N/A;#N/A
Novosedly nad Nežárkou;;33;A;CZ;1899;#N/A;#N/A;#N/A;#N/A;#N/A
Novoť;1994-01-01;25;D;SK;1994;49,4280349;19,2634843;Slovensko;Žilinský kraj;okres Námestovo
Novoveská Huta;1994-01-01;41;B;SK;1994;48,9023263;20,5176811;Slovensko;Košický kraj;okres Spišská Nová Ves
Nový Bohumín;;24;A;CZ;1899;#N/A;#N/A;#N/A;#N/A;#N/A
Nový Bor;1997-05-30;2;B;CZ;1997;#N/A;#N/A;#N/A;#N/A;#N/A
Nový Brázdim;;8;D;CZ;1899;#N/A;#N/A;#N/A;#N/A;#N/A
Nový Bydžov;;10;C;CZ;1899;#N/A;#N/A;#N/A;#N/A;#N/A
Nový Hrádek;;11;A;CZ;1899;#N/A;#N/A;#N/A;#N/A;#N/A
Nový Hrozenkov;;24;C;CZ;1899;#N/A;#N/A;#N/A;#N/A;#N/A
Nový Jičín;;24;A;CZ;1899;#N/A;#N/A;#N/A;#N/A;#N/A
Nový Jiří;;11;C;CZ;1899;#N/A;#N/A;#N/A;#N/A;#N/A
Nový Knín;;18;B;CZ;1899;#N/A;#N/A;#N/A;#N/A;#N/A
Nový Kostel;;5;B;CZ;1899;#N/A;#N/A;#N/A;#N/A;#N/A
Nový Kramolín;;16;A;CZ;1899;#N/A;#N/A;#N/A;#N/A;#N/A
Nový Malín;;12;D;CZ;1899;#N/A;#N/A;#N/A;#N/A;#N/A
Nový Oldřichov;;2;B;CZ;1899;#N/A;#N/A;#N/A;#N/A;#N/A
Nový Přerov;;35;B;CZ;1899;#N/A;#N/A;#N/A;#N/A;#N/A
Nový Rychnov;;20;C;CZ;1899;#N/A;#N/A;#N/A;#N/A;#N/A
Nový Smokovec;1994-01-01;27;C;SK;1994;49,1342458;20,2105004;Slovensko;Prešovský kraj;okres Poprad
Nový Svět;;31;A;CZ;1899;#N/A;#N/A;#N/A;#N/A;#N/A
Nový Tekov;1994-01-01;48;B;SK;1994;48,2441261;18,5179931;Slovensko;Nitriansky kraj;okres Levice
Nový Vojířov;;33;B;CZ;1899;#N/A;#N/A;#N/A;#N/A;#N/A
Nový Život;1995-05-03;47;A;SK;1995;48,1153248;17,4665833;Slovensko;Trnavský kraj;okres Dunajská Streda
Nučice;;8;C;CZ;1899;#N/A;#N/A;#N/A;#N/A;#N/A
Nýdek;;25;A;CZ;1899;#N/A;#N/A;#N/A;#N/A;#N/A
Nyklovice;;21;B;CZ;1899;#N/A;#N/A;#N/A;#N/A;#N/A
Nymburk;;9;D;CZ;1899;#N/A;#N/A;#N/A;#N/A;#N/A
Nynice;;17;A;CZ;1899;#N/A;#N/A;#N/A;#N/A;#N/A
Nýrovce;1994-01-01;48;B;SK;1994;48,0239299;18,5801294;Slovensko;Nitriansky kraj;okres Levice
Nýrsko;1995-07-31;16;D;CZ;1995;#N/A;#N/A;#N/A;#N/A;#N/A
Nýřany;;16;B;CZ;1899;#N/A;#N/A;#N/A;#N/A;#N/A
Obeckov;2018-07-01;50;A;SK;2018;48,1712504;19,333663;Slovensko;Banskobystrický kraj;okres Veľký Krtíš
Obecnice;;17;B;CZ;1899;#N/A;#N/A;#N/A;#N/A;#N/A
Obid;1994-01-01;49;C;SK;1994;47,7783081;18,6408998;Slovensko;Nitriansky kraj;okres Nové Zámky
Oblekovice;;35;A;CZ;1899;#N/A;#N/A;#N/A;#N/A;#N/A
Obora;;7;C;CZ;1899;#N/A;#N/A;#N/A;#N/A;#N/A
Oborín;;43;D;SK;1899;48,5421576;21,8864653;Slovensko;Košický kraj;okres Michalovce
Obory;;18;A;CZ;1899;#N/A;#N/A;#N/A;#N/A;#N/A
Obořiště;;18;A;CZ;1899;#N/A;#N/A;#N/A;#N/A;#N/A
Obrataň;2018-10-29;19;C;CZ;2018;#N/A;#N/A;#N/A;#N/A;#N/A
Obrnice;;7;B;CZ;1899;#N/A;#N/A;#N/A;#N/A;#N/A
Obrubce;;9;B;CZ;1899;#N/A;#N/A;#N/A;#N/A;#N/A
Obříství;;8;B;CZ;1899;#N/A;#N/A;#N/A;#N/A;#N/A
Obsolovce;2018-07-01;38;C;SK;2018;48,5016393;18,0147524;Slovensko;Nitriansky kraj;okres Topoľčany
Obyce;2018-07-01;38;D;SK;2018;48,4277693;18,4532099;Slovensko;Nitriansky kraj;okres Zlaté Moravce
Obyčtov;;21;C;CZ;1899;#N/A;#N/A;#N/A;#N/A;#N/A
Ocmanice;;21;C;CZ;1899;#N/A;#N/A;#N/A;#N/A;#N/A
Očihov;;7;C;CZ;1899;#N/A;#N/A;#N/A;#N/A;#N/A
Očová;1994-01-01;39;D;SK;1994;48,5991271;19,2867564;Slovensko;Banskobystrický kraj;okres Zvolen
Odolena Voda;;8;D;CZ;1899;#N/A;#N/A;#N/A;#N/A;#N/A
Odorín;1994-01-01;41;B;SK;1994;48,9341578;20,6346169;Slovensko;Košický kraj;okres Spišská Nová Ves
Odrava;;5;D;CZ;1899;#N/A;#N/A;#N/A;#N/A;#N/A
Odry;;23;B;CZ;1899;#N/A;#N/A;#N/A;#N/A;#N/A
Odřepsy;1994-01-01;9;D;CZ;1994;#N/A;#N/A;#N/A;#N/A;#N/A
Ohaře;;10;C;CZ;1899;#N/A;#N/A;#N/A;#N/A;#N/A
Ohníč;;7;B;CZ;1899;#N/A;#N/A;#N/A;#N/A;#N/A
Ohnišov;;11;A;CZ;1899;#N/A;#N/A;#N/A;#N/A;#N/A
Ohnišťany;;10;A;CZ;1899;#N/A;#N/A;#N/A;#N/A;#N/A
Ohrady;2000-06-11;47;D;SK;2000;47,9898028;17,6994151;Slovensko;Trnavský kraj;okres Dunajská Streda
Ohradzany;;43;B;SK;1899;48,9988555;21,8409872;Slovensko;Prešovský kraj;okres Humenné
Ohrazenice;;9;B;CZ;1899;#N/A;#N/A;#N/A;#N/A;#N/A
Ohrozim;;22;D;CZ;1899;#N/A;#N/A;#N/A;#N/A;#N/A
Ochodnica;1994-01-01;25;C;SK;1994;49,3486093;18,7894566;Slovensko;Žilinský kraj;okres Kysucké Nové Mesto
Ochoz u Brna;;22;C;CZ;1899;#N/A;#N/A;#N/A;#N/A;#N/A
Ochtiná;2020-07-30;41;C;SK;2020;48,6839437;20,3278139;Slovensko;Košický kraj;okres Rožňava
Okna;;9;A;CZ;1899;#N/A;#N/A;#N/A;#N/A;#N/A
Okoč;2018-07-01;47;D;SK;2018;47,886638;17,8090464;Slovensko;Trnavský kraj;okres Dunajská Streda
Okoličná na Ostrove;2025-08-02;47;D;SK;2025;47,8056043;17,9163098;Slovensko;Nitriansky kraj;okres Komárno
Okoličné;1994-01-01;40;A;SK;1994;49,0748428;19,6505311;Slovensko;Žilinský kraj;okres Liptovský Mikuláš
Okoř;;8;C;CZ;1899;#N/A;#N/A;#N/A;#N/A;#N/A
Okrouhlá (Blansko);;22;C;CZ;1899;#N/A;#N/A;#N/A;#N/A;#N/A
Okrouhlá (Cheb);;5;D;CZ;1899;#N/A;#N/A;#N/A;#N/A;#N/A
Okrouhlé Hradiště;1994-01-01;6;D;CZ;1994;#N/A;#N/A;#N/A;#N/A;#N/A
Orouhlice;;20;A;CZ;1899;#N/A;#N/A;#N/A;#N/A;#N/A
Okruhlé;1996-07-10;29;C;SK;1996;49,1814749;21,5540532;Slovensko;Prešovský kraj;okres Svidník
Okružná;;43;A;SK;1899;49,0218206;21,3697818;Slovensko;Prešovský kraj;okres Prešov
Okříšky;;20;D;CZ;1899;#N/A;#N/A;#N/A;#N/A;#N/A
Olbramkostel;;34;B;CZ;1899;#N/A;#N/A;#N/A;#N/A;#N/A
Olbramovice (Benešov);1994-01-01;19;A;CZ;1994;#N/A;#N/A;#N/A;#N/A;#N/A
Olbramovice (Znojmo);2021-09-10;35;B;CZ;2021;#N/A;#N/A;#N/A;#N/A;#N/A
Oldřichov v Hájích;;3;B;CZ;1899;#N/A;#N/A;#N/A;#N/A;#N/A
Oldřichovice;1994-01-01;24;B;CZ;1994;#N/A;#N/A;#N/A;#N/A;#N/A
Oldříš;;21;A;CZ;1899;#N/A;#N/A;#N/A;#N/A;#N/A
Oldřišov;;13;D;CZ;1899;#N/A;#N/A;#N/A;#N/A;#N/A
Oľdza;1995-05-03;47;A;SK;1995;48,0856867;17,4203116;Slovensko;Trnavský kraj;okres Dunajská Streda
Olejníkov;2020-08-09;28;D;SK;2020;49,1818945;21,0643756;Slovensko;Prešovský kraj;okres Sabinov
Oleksovice;;35;A;CZ;1899;#N/A;#N/A;#N/A;#N/A;#N/A
Oleška;;9;C;CZ;1899;#N/A;#N/A;#N/A;#N/A;#N/A
Olešná (Čadca);1995-07-26;24;D;SK;1995;49,4296759;18,6706686;Slovensko;Žilinský kraj;okres Čadca
Olešná (Pelhřimov);;19;D;CZ;1899;#N/A;#N/A;#N/A;#N/A;#N/A
Olešná (Rokycany);;17;B;CZ;1899;#N/A;#N/A;#N/A;#N/A;#N/A
Olešnice (Blansko);;21;B;CZ;1899;#N/A;#N/A;#N/A;#N/A;#N/A
Olešnice (České Budějovice);;33;A;CZ;1899;#N/A;#N/A;#N/A;#N/A;#N/A
Olešnice (Náchod);;11;A;CZ;1899;#N/A;#N/A;#N/A;#N/A;#N/A
Olešnice (Rychnov nad Kněžnou);;11;C;CZ;1899;#N/A;#N/A;#N/A;#N/A;#N/A
Olešnice v Orlických Horách;;11;B;CZ;1899;#N/A;#N/A;#N/A;#N/A;#N/A
Olešník;;32;B;CZ;1899;#N/A;#N/A;#N/A;#N/A;#N/A
Oľka;2020-07-26;29;D;SK;2020;49,1552948;21,8428462;Slovensko;Prešovský kraj;okres Medzilaborce
Olomouc;1994-01-01;22;B;CZ;1994;#N/A;#N/A;#N/A;#N/A;#N/A
Olomoučany;;22;C;CZ;1899;#N/A;#N/A;#N/A;#N/A;#N/A
Olováry;2018-07-01;50;A;SK;2018;48,1523759;19,4098988;Slovensko;Banskobystrický kraj;okres Veľký Krtíš
Oloví;;6;A;CZ;1899;#N/A;#N/A;#N/A;#N/A;#N/A
Olovnice;;8;C;CZ;1899;#N/A;#N/A;#N/A;#N/A;#N/A
Olšany;;12;C;CZ;1899;#N/A;#N/A;#N/A;#N/A;#N/A
Olšany u Prostějova;;22;D;CZ;1899;#N/A;#N/A;#N/A;#N/A;#N/A
Olší;;21;C;CZ;1899;#N/A;#N/A;#N/A;#N/A;#N/A
Olšovany;2026-05-31;43;A;SK;2026;48,7050847;21,4125399;Slovensko;Košický kraj;okres Košice - okolie
Olšovec;;23;B;CZ;1899;#N/A;#N/A;#N/A;#N/A;#N/A
Oltyně;1994-01-01;18;D;CZ;1994;#N/A;#N/A;#N/A;#N/A;#N/A
Omice;;21;D;CZ;1899;#N/A;#N/A;#N/A;#N/A;#N/A
Omšenie;2023-07-09;38;A;SK;2023;48,9015654;18,2278209;Slovensko;Trenčiansky kraj;okres Trenčín
Ondavské Matiašovce;2020-07-23;43;B;SK;2020;48,9362182;21,7458667;Slovensko;Prešovský kraj;okres Vranov nad Topľou
Ondrášov;;23;A;CZ;1899;#N/A;#N/A;#N/A;#N/A;#N/A
Ondratice;;22;D;CZ;1899;#N/A;#N/A;#N/A;#N/A;#N/A
Ondrejovce;1994-01-01;48;B;SK;1994;48,1360344;18,5143147;Slovensko;Nitriansky kraj;okres Levice
Onďřejov;;9;C;CZ;1899;#N/A;#N/A;#N/A;#N/A;#N/A
Opařany;1994-01-01;18;D;CZ;1994;#N/A;#N/A;#N/A;#N/A;#N/A
Opátka;;42;B;SK;1899;48,7879861;21,0585713;Slovensko;Košický kraj;okres Košice - okolie
Opatov;2022-04-14;21;B;CZ;2022;#N/A;#N/A;#N/A;#N/A;#N/A
Opatová (Trenčín);1994-01-01;38;A;SK;1994;48,913803;18,0931197;Slovensko;Trenčiansky kraj;okres Trenčín
Opatová (Lučenec);2019-06-23;50;B;SK;2019;48,3394291;19,6787926;Slovensko;Banskobystrický kraj;okres Lučenec
Opatovce nad Nitrou;1994-01-01;38;D;SK;1994;48,7653762;18,5705382;Slovensko;Trenčiansky kraj;okres Prievidza
Opatovec;;21;B;CZ;1899;#N/A;#N/A;#N/A;#N/A;#N/A
Opatovice;;23;D;CZ;1899;#N/A;#N/A;#N/A;#N/A;#N/A
Opatovice nad Labem;;10;D;CZ;1899;#N/A;#N/A;#N/A;#N/A;#N/A
Opatovská Nová Ves;2018-07-01;49;B;SK;2018;48,1146306;19,2768996;Slovensko;Banskobystrický kraj;okres Veľký Krtíš
Opatovský Sokolec;;47;D;SK;1899;47,8985495;17,8085551;Slovensko;Trnavský kraj;okres Dunajská Streda
Opava;;13;D;CZ;1899;#N/A;#N/A;#N/A;#N/A;#N/A
Opiná;2020-07-29;43;A;SK;2020;48,8538211;21,4269691;Slovensko;Košický kraj;okres Košice - okolie
Oplocany;;22;D;CZ;1899;#N/A;#N/A;#N/A;#N/A;#N/A
Opočnice;;9;D;CZ;1899;#N/A;#N/A;#N/A;#N/A;#N/A
Opočno;;11;C;CZ;1899;#N/A;#N/A;#N/A;#N/A;#N/A
Opolany;;9;D;CZ;1899;#N/A;#N/A;#N/A;#N/A;#N/A
Oponice;2018-07-01;38;C;SK;2018;48,467509;18,1448498;Slovensko;Nitriansky kraj;okres Topoľčany
Oráčov;;7;C;CZ;1899;#N/A;#N/A;#N/A;#N/A;#N/A
Oravská Jasenica;1994-01-01;26;C;SK;1994;49,3864018;19,4371806;Slovensko;Žilinský kraj;okres Námestovo
Oravská Lesná;1997-08-21;25;D;SK;1997;49,3689979;19,1852951;Slovensko;Žilinský kraj;okres Námestovo
Oravská Polhora;1994-01-01;26;C;SK;1994;49,5166666;19,4499999;Slovensko;Žilinský kraj;okres Námestovo
Oravská Poruba;2003-06-13;25;D;SK;2003;49,1958754;19,2612162;Slovensko;Žilinský kraj;okres Dolný Kubín
Oravské Veselé;1994-01-01;26;C;SK;1994;49,4666666;19,3833332;Slovensko;Žilinský kraj;okres Námestovo
Oravský Biely Potok;1994-01-01;26;C;SK;1994;49,2859876;19,5530158;Slovensko;Žilinský kraj;okres Tvrdošín
Oravský Podzámok;1994-01-01;26;C;SK;1994;49,2610972;19,3570525;Slovensko;Žilinský kraj;okres Dolný Kubín
Orechová (Horné Orechové);;38;A;SK;1899;48,7044045;18,03521;Slovensko;Trenčiansky kraj;okres Trenčín
Orechová Potôň;2000-06-11;47;A;SK;2000;48,0179321;17,5341838;Slovensko;Trnavský kraj;okres Dunajská Streda
Orechová Potôň - Lúky;2000-05-10;47;A;SK;2000;48,0822076;17,6182616;Slovensko;Trnavský kraj;okres Dunajská Streda
Orel;;10;D;CZ;1899;#N/A;#N/A;#N/A;#N/A;#N/A
Orlické Podhůří;;11;D;CZ;1899;#N/A;#N/A;#N/A;#N/A;#N/A
Orlické Záhoří;;11;D;CZ;1899;#N/A;#N/A;#N/A;#N/A;#N/A
Orlík;;18;A;CZ;1899;#N/A;#N/A;#N/A;#N/A;#N/A
Orlov;2020-08-09;28;C;SK;2020;49,2833333;20,8666667;Slovensko;Prešovský kraj;okres Stará Ľubovňa
Orlová;;24;B;CZ;1899;#N/A;#N/A;#N/A;#N/A;#N/A
Orlové;1994-01-01;38;B;SK;1994;49,1274771;18,4292672;Slovensko;Trenčiansky kraj;okres Považská Bystrica
Orlovice;;22;D;CZ;1899;#N/A;#N/A;#N/A;#N/A;#N/A
Ortuťová;2020-06-20;29;C;SK;2020;49,2700349;21,4564879;Slovensko;Prešovský kraj;okres Bardejov
Ořech;;8;D;CZ;1899;#N/A;#N/A;#N/A;#N/A;#N/A
Ořechov (Brno-venkov);;35;B;CZ;1899;#N/A;#N/A;#N/A;#N/A;#N/A
Ořechov (Uherské Hradiště);;36;B;CZ;1899;#N/A;#N/A;#N/A;#N/A;#N/A
Osadné;;30;C;SK;1899;49,1401269;22,1510929;Slovensko;Prešovský kraj;okres Snina
Osečany;;18;B;CZ;1899;#N/A;#N/A;#N/A;#N/A;#N/A
Osečná;;3;B;CZ;1899;#N/A;#N/A;#N/A;#N/A;#N/A
Osek (Rokycany);;17;A;CZ;1899;#N/A;#N/A;#N/A;#N/A;#N/A
Osek (Teplice);;7;B;CZ;1899;#N/A;#N/A;#N/A;#N/A;#N/A
Osek nad Bečvou;;23;C;CZ;1899;#N/A;#N/A;#N/A;#N/A;#N/A
Osice;;10;D;CZ;1899;#N/A;#N/A;#N/A;#N/A;#N/A
Osík;;21;A;CZ;1899;#N/A;#N/A;#N/A;#N/A;#N/A
Osikov;2020-06-20;28;D;SK;2020;49,1738425;21,2629222;Slovensko;Prešovský kraj;okres Bardejov
Oskava;;22;B;CZ;1899;#N/A;#N/A;#N/A;#N/A;#N/A
Oskořínek;;9;D;CZ;1899;#N/A;#N/A;#N/A;#N/A;#N/A
Oslany;1994-01-01;38;D;SK;1994;48,6315679;18,4686013;Slovensko;Trenčiansky kraj;okres Prievidza
Oslavany;;35;A;CZ;1899;#N/A;#N/A;#N/A;#N/A;#N/A
Oslavice;;20;D;CZ;1899;#N/A;#N/A;#N/A;#N/A;#N/A
Oslov;;18;C;CZ;1899;#N/A;#N/A;#N/A;#N/A;#N/A
Osoblaha;;13;D;CZ;1899;#N/A;#N/A;#N/A;#N/A;#N/A
Osov;;18;A;CZ;1899;#N/A;#N/A;#N/A;#N/A;#N/A
Osová Bitýška;;21;C;CZ;1899;#N/A;#N/A;#N/A;#N/A;#N/A
Osrblie;1994-01-01;40;A;SK;1994;48,7592465;19,5249284;Slovensko;Banskobystrický kraj;okres Brezno
Ostrá Lúka;1994-01-01;39;D;SK;1994;48,5455515;19,0524647;Slovensko;Banskobystrický kraj;okres Zvolen
Ostratice;2018-07-01;38;C;SK;2018;48,6475783;18,2758695;Slovensko;Trenčiansky kraj;okres Partizánske
Ostrava;1994-01-01;24;A;CZ;1994;#N/A;#N/A;#N/A;#N/A;#N/A
Ostravice;2018-07-01;24;B;CZ;2018;#N/A;#N/A;#N/A;#N/A;#N/A
Ostroh;;37;A;CZ;1899;#N/A;#N/A;#N/A;#N/A;#N/A
Ostroměř;;10;A;CZ;1899;#N/A;#N/A;#N/A;#N/A;#N/A
Ostrov (Český Krumlov);;32;C;CZ;1899;#N/A;#N/A;#N/A;#N/A;#N/A
Ostrov (Karlovy Vary);;6;B;CZ;1899;#N/A;#N/A;#N/A;#N/A;#N/A
Ostrov (Trnava);2018-09-01;37;D;SK;2018;48,62725;17,76863;Slovakia;Trnavský kraj;okres Piešťany
Ostrov (Ústí nad Orlicí);;11;D;CZ;1899;#N/A;#N/A;#N/A;#N/A;#N/A
Ostrov nad Oslavou;;20;D;CZ;1899;#N/A;#N/A;#N/A;#N/A;#N/A
Ostrov u Bezdružic;;6;D;CZ;1899;#N/A;#N/A;#N/A;#N/A;#N/A
Ostrov u Macochy;;22;C;CZ;1899;#N/A;#N/A;#N/A;#N/A;#N/A
Ostrov u Stříbra;;16;B;CZ;1899;#N/A;#N/A;#N/A;#N/A;#N/A
Ostrovačice;;21;D;CZ;1899;#N/A;#N/A;#N/A;#N/A;#N/A
Ostrovec;;18;C;CZ;1899;#N/A;#N/A;#N/A;#N/A;#N/A
Ostrožská Lhota;;37;A;CZ;1899;#N/A;#N/A;#N/A;#N/A;#N/A
Ostrožská Nová Ves;;37;A;CZ;1899;#N/A;#N/A;#N/A;#N/A;#N/A
Ostružná;2018-07-01;12;D;CZ;2018;#N/A;#N/A;#N/A;#N/A;#N/A
Ostrý Grúň;;39;C;SK;1899;48,5655352;18,6616795;Slovensko;Banskobystrický kraj;okres Žarnovica
Ostředek;;19;A;CZ;1899;#N/A;#N/A;#N/A;#N/A;#N/A
Ostřešany;;10;D;CZ;1899;#N/A;#N/A;#N/A;#N/A;#N/A
Ostřetín;1994-01-01;11;C;CZ;1994;#N/A;#N/A;#N/A;#N/A;#N/A
Osturňa;2022-07-10;27;C;SK;2022;49,3342292;20,2301162;Slovensko;Prešovský kraj;okres Kežmarok
Osvětimany;;36;B;CZ;1899;#N/A;#N/A;#N/A;#N/A;#N/A
Osvračín;;16;B;CZ;1899;#N/A;#N/A;#N/A;#N/A;#N/A
Oščadnica;1994-01-01;25;C;SK;1994;49,4366294;18,882944;Slovensko;Žilinský kraj;okres Čadca
Ošelín;;16;A;CZ;1899;#N/A;#N/A;#N/A;#N/A;#N/A
Otaslavice;;22;D;CZ;1899;#N/A;#N/A;#N/A;#N/A;#N/A
Otice;;23;B;CZ;1899;#N/A;#N/A;#N/A;#N/A;#N/A
Otín;;20;D;CZ;1899;#N/A;#N/A;#N/A;#N/A;#N/A
Otinovet;;22;C;CZ;1899;#N/A;#N/A;#N/A;#N/A;#N/A
Otnice;;36;A;CZ;1899;#N/A;#N/A;#N/A;#N/A;#N/A
Otovice (Karlovy Vary);;6;A;CZ;1899;#N/A;#N/A;#N/A;#N/A;#N/A
Otovice (Náchod);2022-04-15;11;B;CZ;2022;#N/A;#N/A;#N/A;#N/A;#N/A
Otročín;;6;C;CZ;1899;#N/A;#N/A;#N/A;#N/A;#N/A
Otročiněves;;8;C;CZ;1899;#N/A;#N/A;#N/A;#N/A;#N/A
Otročok;2018-07-01;41;C;SK;2018;48,4488744;20,2770626;Slovensko;Banskobystrický kraj;okres Revúca
Otrokovice;2017-09-01;23;C;CZ;2017;#N/A;#N/A;#N/A;#N/A;#N/A
Otryby;;19;B;CZ;1899;#N/A;#N/A;#N/A;#N/A;#N/A
Otvice;;7;A;CZ;1899;#N/A;#N/A;#N/A;#N/A;#N/A
Otvovice;;8;D;CZ;1899;#N/A;#N/A;#N/A;#N/A;#N/A
Ouběnice;;19;A;CZ;1899;#N/A;#N/A;#N/A;#N/A;#N/A
Ovčáry (Kolín);;9;D;CZ;1899;#N/A;#N/A;#N/A;#N/A;#N/A
Ovčáry (Mělník);;9;C;CZ;1899;#N/A;#N/A;#N/A;#N/A;#N/A
Ovčiarsko;;24;D;SK;1899;49,2233358;18,6621658;Slovensko;Žilinský kraj;okres Žilina
Ovesné Kladruby;;6;C;CZ;1899;#N/A;#N/A;#N/A;#N/A;#N/A
Oždany;1994-01-01;40;D;SK;1994;48,3775978;19,8945227;Slovensko;Banskobystrický kraj;okres Rimavská Sobota
Pacov;;19;D;CZ;1899;#N/A;#N/A;#N/A;#N/A;#N/A
Pača;2022-08-06;41;D;SK;2022;48,6822536;20,6113862;Slovensko;Košický kraj;okres Rožňava
Pačejov;1995-08-09;17;C;CZ;1995;#N/A;#N/A;#N/A;#N/A;#N/A
Pačlavice;;22;D;CZ;1899;#N/A;#N/A;#N/A;#N/A;#N/A
Padáň;2025-08-02;47;D;SK;2025;47,9278705;17,6840771;Slovensko;Trnavský kraj;okres Dunajská Streda
Padarovce;2019-06-23;41;C;SK;2019;48,4571422;20,0697941;Slovensko;Banskobystrický kraj;okres Rimavská Sobota
Podařov;;18;D;CZ;1899;#N/A;#N/A;#N/A;#N/A;#N/A
Padochov;;35;B;CZ;1899;#N/A;#N/A;#N/A;#N/A;#N/A
Palárikovo;1994-01-01;48;A;SK;1994;48,0414673;18,0707857;Slovensko;Nitriansky kraj;okres Nové Zámky
Palín;;44;C;SK;1899;48,6582107;21,9885471;Slovensko;Košický kraj;okres Michalovce
Palkovice;;24;A;CZ;1899;#N/A;#N/A;#N/A;#N/A;#N/A
Palkovičovo;1994-01-01;47;C;SK;1994;47,8221556;17,6157716;Slovensko;Trnavský kraj;okres Dunajská Streda
Palota;2020-06-19;29;D;SK;2020;49,2696666;21,9941368;Slovensko;Prešovský kraj;okres Medzilaborce
Pálovice;;34;A;CZ;1899;#N/A;#N/A;#N/A;#N/A;#N/A
Paňa;2023-08-19;48;A;SK;2023;48,2303856;18,2286871;Slovensko;Nitriansky kraj;okres Nitra
Paňovce;2021-05-22;42;D;SK;2021;48,6432148;21,0660563;Slovensko;Košický kraj;okres Košice - okolie
Panenský Týnec;;8;A;CZ;1899;#N/A;#N/A;#N/A;#N/A;#N/A
Panické Dravce;;50;B;SK;1899;48,283731;19,6521605;Slovensko;Banskobystrický kraj;okres Lučenec
Panoší Újezd;;7;D;CZ;1899;#N/A;#N/A;#N/A;#N/A;#N/A
Panské Dubenky;2021-09-10;19;D;CZ;2021;#N/A;#N/A;#N/A;#N/A;#N/A
Papín;;30;C;SK;1899;49,0940784;22,059105;Slovensko;Prešovský kraj;okres Humenné
Papradno;2023-05-06;24;D;SK;2023;49,2306839;18,4103617;Slovensko;Trenčiansky kraj;okres Považská Bystrica
Pardubice;1994-01-01;10;D;CZ;1994;#N/A;#N/A;#N/A;#N/A;#N/A
Parchovany;;43;B;SK;1899;48,75;21,7166667;Slovensko;Košický kraj;okres Trebišov
Párnica;1994-01-01;25;D;SK;1994;49,1946899;19,1968319;Slovensko;Žilinský kraj;okres Dolný Kubín
Partizánska Ľupča;1994-01-01;40;A;SK;1994;49,064404;19,4364326;Slovensko;Žilinský kraj;okres Liptovský Mikuláš
Partizánske;1994-01-01;38;D;SK;1994;48,6265223;18,371762;Slovensko;Trenčiansky kraj;okres Partizánske
Paseka;;22;B;CZ;1899;#N/A;#N/A;#N/A;#N/A;#N/A
Paseky nad Jizerou;;4;A;CZ;1899;#N/A;#N/A;#N/A;#N/A;#N/A
Paskov;1994-01-01;24;A;CZ;1994;#N/A;#N/A;#N/A;#N/A;#N/A
Pasohlávky;;35;B;CZ;1899;#N/A;#N/A;#N/A;#N/A;#N/A
Pastovce;1994-01-01;49;C;SK;1994;47,9695859;18,7533941;Slovensko;Nitriansky kraj;okres Levice
Pastuchov;2018-07-01;37;D;SK;2018;48,4253058;17,8770146;Slovensko;Trnavský kraj;okres Hlohovec
Pastúchy;2025-08-02;47;C;SK;2025;47,8745169;17,6532283;Slovensko;Trnavský kraj;okres Dunajská Streda
Pastviny;;11;D;CZ;1899;#N/A;#N/A;#N/A;#N/A;#N/A
Pašková;1994-01-01;41;D;SK;1994;48,5916382;20,3841309;Slovensko;Košický kraj;okres Rožňava
Pata;2019-09-16;47;B;SK;2019;48,2755343;17,8246652;Slovensko;Trnavský kraj;okres Galanta
Pátek (Louny);;8;A;CZ;1899;#N/A;#N/A;#N/A;#N/A;#N/A
Pátek (Nymburk);;9;D;CZ;1899;#N/A;#N/A;#N/A;#N/A;#N/A
Patince;1994-01-01;48;C;SK;1994;47,7398142;18,2920985;Slovensko;Nitriansky kraj;okres Komárno
Pavlice;2023-05-01;34;B;CZ;2023;#N/A;#N/A;#N/A;#N/A;#N/A
Pavlíkov;;7;D;CZ;1899;#N/A;#N/A;#N/A;#N/A;#N/A
Pavlínov;;20;D;CZ;1899;#N/A;#N/A;#N/A;#N/A;#N/A
Pavlov (Břeclav);;36;A;CZ;1899;#N/A;#N/A;#N/A;#N/A;#N/A
Pavlov (Jihlava);;20;C;CZ;1899;#N/A;#N/A;#N/A;#N/A;#N/A
Pavlov (Šumperk);;22;A;CZ;1899;#N/A;#N/A;#N/A;#N/A;#N/A
Pavlov (Žďár nad Sázavou);;20;D;CZ;1899;#N/A;#N/A;#N/A;#N/A;#N/A
Pavlová;1994-01-01;49;C;SK;1994;47,9010739;18,6736078;Slovensko;Nitriansky kraj;okres Nové Zámky
Pavlovce (Prešov);;43;A;SK;1899;49,0269115;21,4419869;Slovensko;Prešovský kraj;okres Vranov nad Topľou
Pavlovce (Rimavská Sobota);1994-01-01;51;A;SK;1994;48,3263382;20,0814757;Slovensko;Banskobystrický kraj;okres Rimavská Sobota
Pavlovce nad Uhom;;44;C;SK;1899;48,6128015;22,0691252;Slovensko;Košický kraj;okres Michalovce
Pavlovice u Přerova;;23;C;CZ;1899;#N/A;#N/A;#N/A;#N/A;#N/A
Pávov;;20;C;CZ;1899;#N/A;#N/A;#N/A;#N/A;#N/A
Pažiť;2018-07-01;38;D;SK;2018;48,6322351;18,4343968;Slovensko;Trenčiansky kraj;okres Partizánske
Pčoliné;;30;C;SK;1899;49,0665715;22,1702247;Slovensko;Prešovský kraj;okres Snina
Pec pod Sněžkou;;4;A;CZ;1899;#N/A;#N/A;#N/A;#N/A;#N/A
Pecerady;;18;B;CZ;1899;#N/A;#N/A;#N/A;#N/A;#N/A
Pecka;;10;A;CZ;1899;#N/A;#N/A;#N/A;#N/A;#N/A
Pečeňany;2018-07-01;38;C;SK;2018;48,6748284;18,227577;Slovensko;Trenčiansky kraj;okres Bánovce nad Bebravou
Pěčín;;11;D;CZ;1899;#N/A;#N/A;#N/A;#N/A;#N/A
Pečky;1994-01-01;9;D;CZ;1994;#N/A;#N/A;#N/A;#N/A;#N/A
Pečovská Nová Ves;1994-01-01;28;D;SK;1994;49,1245416;21,0433308;Slovensko;Prešovský kraj;okres Sabinov
Pěkov;;11;A;CZ;1899;#N/A;#N/A;#N/A;#N/A;#N/A
Pelhřimov;1994-01-01;19;D;CZ;1994;#N/A;#N/A;#N/A;#N/A;#N/A
Pelechov;;10;A;CZ;1899;#N/A;#N/A;#N/A;#N/A;#N/A
Pěnčín (Jablonec nad Nisou);;3;B;CZ;1899;#N/A;#N/A;#N/A;#N/A;#N/A
Pěnčín (Liberec);;9;B;CZ;1899;#N/A;#N/A;#N/A;#N/A;#N/A
Pěnčín (Prostějov);;22;B;CZ;1899;#N/A;#N/A;#N/A;#N/A;#N/A
Perín;2021-05-22;42;D;SK;2021;48,5334091;21,1777929;Slovensko;Košický kraj;okres Košice - okolie
Perná;2002-11-23;35;B;CZ;2002;#N/A;#N/A;#N/A;#N/A;#N/A
Pernarec;1994-01-01;16;B;CZ;1994;#N/A;#N/A;#N/A;#N/A;#N/A
Pernek (Bratislova vidiek);1994-01-01;31;B;CZ;1994;#N/A;#N/A;#N/A;#N/A;#N/A
Pernek (Český Krumlov);1995-08-06;32;C;CZ;1995;#N/A;#N/A;#N/A;#N/A;#N/A
Pernek (Prachatice);;46;B;CZ;1899;;;;;
Pernink;;6;A;CZ;1899;#N/A;#N/A;#N/A;#N/A;#N/A
Perštejn;;6;B;CZ;1899;#N/A;#N/A;#N/A;#N/A;#N/A
Pertoltice pod Ralskem;;3;A;CZ;1899;#N/A;#N/A;#N/A;#N/A;#N/A
Peruc;;8;A;CZ;1899;#N/A;#N/A;#N/A;#N/A;#N/A
Pětipsy;;7;A;CZ;1899;#N/A;#N/A;#N/A;#N/A;#N/A
Petrohrad;;7;C;CZ;1899;#N/A;#N/A;#N/A;#N/A;#N/A
Petrov (Hodonín);;36;B;CZ;1899;#N/A;#N/A;#N/A;#N/A;#N/A
Petrov (Praha-západ);;8;D;CZ;1899;#N/A;#N/A;#N/A;#N/A;#N/A
Petrov nad Desnou;;12;D;CZ;1899;#N/A;#N/A;#N/A;#N/A;#N/A
Petrova;2020-08-08;28;D;SK;2020;49,385252;21,1262527;Slovensko;Prešovský kraj;okres Bardejov
Petrova Ves;2020-08-22;36;D;SK;2020;48,7191136;17,1617263;Slovensko;Trnavský kraj;okres Skalica
Petrovany;1994-01-01;42;B;SK;1994;48,9166204;21,2616031;Slovensko;Prešovský kraj;okres Prešov
Petrovce (Michalovce);;44;B;SK;1899;48,7934695;21,872618;Slovensko;Košický kraj;okres Michalovce
Petrovce (Prešov);;43;A;SK;1899;49,0002186;21,4791642;Slovensko;Prešovský kraj;okres Vranov nad Topľou
Petrovce (Rimovská Sobota);;51;A;SK;1899;48,1869174;20,020324;Slovensko;Banskobystrický kraj;okres Rimavská Sobota
Petrovice (Blansko);2022-04-13;22;C;CZ;2022;#N/A;#N/A;#N/A;#N/A;#N/A
Petrovice (Hradec Kralové);;10;C;CZ;1899;#N/A;#N/A;#N/A;#N/A;#N/A
Petrovice (Klatovy);;17;C;CZ;1899;#N/A;#N/A;#N/A;#N/A;#N/A
Petrovice (Příbram);;18;B;CZ;1899;#N/A;#N/A;#N/A;#N/A;#N/A
Petrovice (Sušice);;17;C;CZ;1899;#N/A;#N/A;#N/A;#N/A;#N/A
Petrovice (Čes. Lípa);;3;A;CZ;1899;#N/A;#N/A;#N/A;#N/A;#N/A
Petrovice (Ústí n. L.);;2;A;CZ;1899;#N/A;#N/A;#N/A;#N/A;#N/A
Petrovice (Znojmo);;35;A;CZ;1899;#N/A;#N/A;#N/A;#N/A;#N/A
Petrovice (Žilina);1995-07-26;24;D;SK;1995;49,25787;18,52349;Slovakia;Žilinský kraj;okres Bytča
Petrovice I;;19;B;CZ;1899;#N/A;#N/A;#N/A;#N/A;#N/A
Petrovice u Karviné;;24;B;CZ;1899;#N/A;#N/A;#N/A;#N/A;#N/A
Petržalka;1994-01-01;46;B;SK;1994;48,110972;17,1112897;Slovensko;Bratislavský kraj;
Petřkovice;2018-07-01;24;A;CZ;2018;#N/A;#N/A;#N/A;#N/A;#N/A
Petřvald (Karviná);;24;B;CZ;1899;#N/A;#N/A;#N/A;#N/A;#N/A
Petřvald (Nový Jičín);;24;A;CZ;1899;#N/A;#N/A;#N/A;#N/A;#N/A
Pezinok;1994-01-01;46;B;SK;1994;48,2854539;17,270194;Slovensko;Bratislavský kraj;okres Pezinok
Pchery;;8;C;CZ;1899;#N/A;#N/A;#N/A;#N/A;#N/A
Pičín;;18;A;CZ;1899;#N/A;#N/A;#N/A;#N/A;#N/A
Piešťany;1994-01-01;37;D;SK;1994;48,5895247;17,8213848;Slovensko;Trnavský kraj;okres Piešťany
Pihel;1997-05-30;2;B;CZ;1997;#N/A;#N/A;#N/A;#N/A;#N/A
Pichne;;44;A;SK;1899;49,0361107;22,122495;Slovensko;Prešovský kraj;okres Snina
Pila;;6;D;CZ;1899;#N/A;#N/A;#N/A;#N/A;#N/A
Píla;2000-07-19;38;D;SK;2000;48,4826304;19,5066939;Slovensko;Banskobystrický kraj;okres Lučenec
Pilníkov;;10;B;CZ;1899;#N/A;#N/A;#N/A;#N/A;#N/A
Pinciná;1994-01-01;40;D;SK;1994;48,3591785;19,7600082;Slovensko;Banskobystrický kraj;okres Lučenec
Písařov;;12;C;CZ;1899;#N/A;#N/A;#N/A;#N/A;#N/A
Písecká Smoleč;;18;D;CZ;1899;#N/A;#N/A;#N/A;#N/A;#N/A
Písečná;;12;D;CZ;1899;#N/A;#N/A;#N/A;#N/A;#N/A
Písečné;;34;A;CZ;1899;#N/A;#N/A;#N/A;#N/A;#N/A
Písek (Frýdek-Místek);;25;A;CZ;1899;#N/A;#N/A;#N/A;#N/A;#N/A
Písek (Písek);;18;C;CZ;1899;#N/A;#N/A;#N/A;#N/A;#N/A
Piskorovce;;29;D;SK;1899;49,1066185;21,7339754;Slovensko;Prešovský kraj;okres Vranov nad Topľou
Písková Lhota (Mladá Boleslav);;9;A;CZ;1899;#N/A;#N/A;#N/A;#N/A;#N/A
Písková Lhota (Nymburk);;9;D;CZ;1899;#N/A;#N/A;#N/A;#N/A;#N/A
Písnice;;8;D;CZ;1899;#N/A;#N/A;#N/A;#N/A;#N/A
Pístov;;20;C;CZ;1899;#N/A;#N/A;#N/A;#N/A;#N/A
Píšť;;14;C;CZ;1899;#N/A;#N/A;#N/A;#N/A;#N/A
Pištín;;32;A;CZ;1899;#N/A;#N/A;#N/A;#N/A;#N/A
Pitelová;1994-01-01;39;C;SK;1994;48,6001162;18,9302338;Slovensko;Banskobystrický kraj;okres Žiar nad Hronom
Pivín;;22;D;CZ;1899;#N/A;#N/A;#N/A;#N/A;#N/A
Plačice;;10;D;CZ;1899;#N/A;#N/A;#N/A;#N/A;#N/A
Planá;;6;C;CZ;1899;#N/A;#N/A;#N/A;#N/A;#N/A
Planá nad Lužnicí;1994-01-01;19;C;CZ;1994;#N/A;#N/A;#N/A;#N/A;#N/A
Plaňany;;9;D;CZ;1899;#N/A;#N/A;#N/A;#N/A;#N/A
Pláně;;7;C;CZ;1899;#N/A;#N/A;#N/A;#N/A;#N/A
Plánice;;17;C;CZ;1899;#N/A;#N/A;#N/A;#N/A;#N/A
Plasy;;7;C;CZ;1899;#N/A;#N/A;#N/A;#N/A;#N/A
Plášťovce;1994-01-01;49;A;SK;1994;48,1595767;18,9776326;Slovensko;Nitriansky kraj;okres Levice
Plavé Vozokany;2024-08-04;48;B;SK;2024;48,0724659;18,4674081;Slovensko;Nitriansky kraj;okres Levice
Plavecké Podhradie;1998-06-01;36;D;SK;1998;48,482774;17,2605688;Slovensko;Bratislavský kraj;okres Malacky
Plavecký Mikuláš;2000-05-06;36;D;SK;2000;48,5092624;17,3049892;Slovensko;Bratislavský kraj;okres Malacky
Plavecký Štvrtok;1994-01-01;46;A;SK;1994;48,3746452;16,9990157;Slovensko;Bratislavský kraj;okres Malacky
Plaveč;1994-01-01;28;C;SK;1994;49,2620199;20,8447641;Slovensko;Prešovský kraj;okres Stará Ľubovňa
Plavnica;1994-01-01;28;C;SK;1994;49,2746192;20,7805229;Slovensko;Prešovský kraj;okres Stará Ľubovňa
Plavsko;;33;A;CZ;1899;#N/A;#N/A;#N/A;#N/A;#N/A
Plavy;;4;A;CZ;1899;#N/A;#N/A;#N/A;#N/A;#N/A
Plazy;;9;B;CZ;1899;#N/A;#N/A;#N/A;#N/A;#N/A
Plesná;;5;B;CZ;1899;#N/A;#N/A;#N/A;#N/A;#N/A
Plešany > Svätuše;;43;D;SK;1899;48,43333;21,91667;Slovakia;Košický kraj;okres Trebišov
Plešivec;1994-01-01;41;D;SK;1994;48,5450979;20,4027746;Slovensko;Košický kraj;okres Rožňava
Plevník-Drienové;1994-01-01;24;D;SK;1994;49,1681563;18,4971097;Slovensko;Trenčiansky kraj;okres Považská Bystrica
Pliešovce;1994-01-01;39;D;SK;1994;48,4256714;19,1529965;Slovensko;Banskobystrický kraj;okres Zvolen
Ploské;1994-01-01;42;B;SK;1994;48,8148632;21,3252886;Slovensko;Košický kraj;okres Košice - okolie
Ploskovice;;8;A;CZ;1899;#N/A;#N/A;#N/A;#N/A;#N/A
Plotiště nad Labem;;10;D;CZ;1899;#N/A;#N/A;#N/A;#N/A;#N/A
Plumlov;;22;D;CZ;1899;#N/A;#N/A;#N/A;#N/A;#N/A
Plzeň;1994-01-01;17;A;CZ;1994;#N/A;#N/A;#N/A;#N/A;#N/A
Pňovany;;16;B;CZ;1899;#N/A;#N/A;#N/A;#N/A;#N/A
Pobedim;2026-08-23;37;D;SK;2026;48,65;17,8;Slovensko;Trenčiansky kraj;okres Nové Mesto nad Váhom
Poběžovice;;16;A;CZ;1899;#N/A;#N/A;#N/A;#N/A;#N/A
Pocinovice;;16;D;CZ;1899;#N/A;#N/A;#N/A;#N/A;#N/A
Počátky;;19;D;CZ;1899;#N/A;#N/A;#N/A;#N/A;#N/A
Počenice;;22;D;CZ;1899;#N/A;#N/A;#N/A;#N/A;#N/A
Počepice;;18;D;CZ;1899;#N/A;#N/A;#N/A;#N/A;#N/A
Počerady;;7;B;CZ;1899;#N/A;#N/A;#N/A;#N/A;#N/A
Počúvadlo;;49;A;SK;1899;48,3664287;18,8349627;Slovensko;Banskobystrický kraj;okres Banská Štiavnica
Podbanské;1994-01-01;26;D;SK;1994;49,1435076;19,9019197;Slovensko;Žilinský kraj;okres Liptovský Mikuláš
Podbiel;1994-01-01;26;C;SK;1994;49,3072819;19,4858145;Slovensko;Žilinský kraj;okres Tvrdošín
Podbořany;;7;C;CZ;1899;#N/A;#N/A;#N/A;#N/A;#N/A
Podbořanský Rohozec;;7;C;CZ;1899;#N/A;#N/A;#N/A;#N/A;#N/A
Podbranč;2018-09-01;37;C;SK;2018;48,7296666;17,4470662;Slovensko;Trnavský kraj;okres Senica
Podbrezová;1994-01-01;40;A;SK;1994;48,8114617;19,5286427;Slovensko;Banskobystrický kraj;okres Brezno
Podbřezí;;11;C;CZ;1899;#N/A;#N/A;#N/A;#N/A;#N/A
Poděbaby;;20;A;CZ;1899;#N/A;#N/A;#N/A;#N/A;#N/A
Poděbrady;;9;D;CZ;1899;#N/A;#N/A;#N/A;#N/A;#N/A
Poděšín;;20;D;CZ;1899;#N/A;#N/A;#N/A;#N/A;#N/A
Podhájska;1994-01-01;48;B;SK;1994;48,1030423;18,3391661;Slovensko;Nitriansky kraj;okres Nové Zámky
Podhorany;2018-07-01;38;C;SK;2018;48,3819188;18,1162748;Slovakia;Nitriansky kraj;okres Nitra
Podhorie;2021-07-27;24;D;SK;2021;49,1726435;18,6441979;Slovensko;Žilinský kraj;okres Žilina
Podhorní Újezd;;10;A;CZ;1899;#N/A;#N/A;#N/A;#N/A;#N/A
Podhoroď;;44;A;SK;1899;48,8177853;22,3001772;Slovensko;Košický kraj;okres Sobrance
Podhořany u Ronova;;10;C;CZ;1899;#N/A;#N/A;#N/A;#N/A;#N/A
Podhrad;;5;D;CZ;1899;#N/A;#N/A;#N/A;#N/A;#N/A
Podhradí (Chrudim);;20;A;CZ;1899;#N/A;#N/A;#N/A;#N/A;#N/A
Podhradí (Jičín);;10;A;CZ;1899;#N/A;#N/A;#N/A;#N/A;#N/A
Podhradie (Martin);1994-01-01;39;B;SK;1994;49,0850693;19,0562195;Slovensko;Žilinský kraj;okres Martin
Podhradie (Prievidza);;38;D;SK;1899;48,6838307;18,6323478;Slovensko;Trenčiansky kraj;okres Prievidza
Podhradie (Topoľčany);2018-07-01;38;C;SK;2018;48,6593718;18,0528358;Slovensko;Nitriansky kraj;okres Topoľčany
Podhradík;;43;A;SK;1899;49,0032862;21,3497627;Slovensko;Prešovský kraj;okres Prešov
Podhradní Lhota;;23;D;CZ;1899;#N/A;#N/A;#N/A;#N/A;#N/A
Podivice;;22;D;CZ;1899;#N/A;#N/A;#N/A;#N/A;#N/A
Podivín;1994-01-01;36;A;CZ;1994;#N/A;#N/A;#N/A;#N/A;#N/A
Podkonice;1994-01-01;39;B;SK;1994;48,7990189;19,2552296;Slovensko;Banskobystrický kraj;okres Banská Bystrica
Podkost;;9;B;CZ;1899;#N/A;#N/A;#N/A;#N/A;#N/A
Podkriváň;1994-01-01;40;C;SK;1994;48,5147538;19,4586579;Slovensko;Banskobystrický kraj;okres Detva
Podkylava;2018-09-01;37;D;SK;2018;48,6825621;17,6688858;Slovensko;Trenčiansky kraj;okres Myjava
Podlesí (Opava);;23;A;CZ;1899;#N/A;#N/A;#N/A;#N/A;#N/A
Podlesí (Příbram);;18;A;CZ;1899;#N/A;#N/A;#N/A;#N/A;#N/A
Podlesí (Šumperk);;12;C;CZ;1899;#N/A;#N/A;#N/A;#N/A;#N/A
Podluhy;;17;B;CZ;1899;#N/A;#N/A;#N/A;#N/A;#N/A
Podlužany (Levice);1994-01-01;48;B;SK;1994;48,2544637;18,6068925;Slovensko;Nitriansky kraj;okres Levice
Podlužany (Topoľčany);;38;A;SK;1899;48,77262;18,23698;Slovakia;Trenčiansky kraj;okres Bánovce nad Bebravou
Podmokly;;7;D;CZ;1899;#N/A;#N/A;#N/A;#N/A;#N/A
Podolí (Blansko);;22;C;CZ;1899;#N/A;#N/A;#N/A;#N/A;#N/A
Podolí (Šumperk);;22;A;CZ;1899;#N/A;#N/A;#N/A;#N/A;#N/A
Podolí I;;18;C;CZ;1899;#N/A;#N/A;#N/A;#N/A;#N/A
Podolie;2018-09-01;37;D;SK;2018;48,6751344;17,7738694;Slovensko;Trenčiansky kraj;okres Nové Mesto nad Váhom
Podolínec;1994-01-01;27;D;SK;1994;49,2571147;20,5337909;Slovensko;Prešovský kraj;okres Stará Ľubovňa
Podrečany;2019-10-10;40;C;SK;2019;48,4061448;19,6014176;Slovensko;Banskobystrický kraj;okres Lučenec
Podskalie;1994-01-01;38;B;SK;1994;49,0444247;18,4544481;Slovensko;Trenčiansky kraj;okres Považská Bystrica
Podspády;1994-01-01;27;C;SK;1994;49,2801744;20,1744216;Slovensko;Prešovský kraj;okres Poprad
Podůlší;;10;A;CZ;1899;#N/A;#N/A;#N/A;#N/A;#N/A
Podunajské Biskupice;1994-01-01;46;B;SK;1994;48,1312823;17,2208637;Slovensko;Bratislavský kraj;
Pohled;;20;B;CZ;1899;#N/A;#N/A;#N/A;#N/A;#N/A
Pohledy;;21;B;CZ;1899;#N/A;#N/A;#N/A;#N/A;#N/A
Pohodlí;;21;A;CZ;1899;#N/A;#N/A;#N/A;#N/A;#N/A
Pohorelá;1994-01-01;41;A;SK;1994;48,8614013;20,0153824;Slovensko;Banskobystrický kraj;okres Brezno
Pohořelice (Břeclav);2021-09-10;35;B;CZ;2021;#N/A;#N/A;#N/A;#N/A;#N/A
Pohořelice (Gottwaldov);;23;C;CZ;1899;#N/A;#N/A;#N/A;#N/A;#N/A
Pohorelská Maša;1994-01-01;41;A;SK;1994;48,8452851;20,0332228;Slovensko;Banskobystrický kraj;okres Brezno
Pohoří;;11;A;CZ;1899;#N/A;#N/A;#N/A;#N/A;#N/A
Pohranice;2003-05-08;48;A;SK;2003;48,3321724;18,1802267;Slovensko;Nitriansky kraj;okres Nitra
Pohronská Polhora;1994-01-01;40;B;SK;1994;48,7549434;19,7989143;Slovensko;Banskobystrický kraj;okres Brezno
Pohronský Ruskov;1994-01-01;49;C;SK;1994;47,9737468;18,651631;Slovensko;Nitriansky kraj;okres Levice
Pohřebačka;;10;D;CZ;1899;#N/A;#N/A;#N/A;#N/A;#N/A
Poláky;;7;A;CZ;1899;#N/A;#N/A;#N/A;#N/A;#N/A
Polánka (Plzeň jih);;17;C;CZ;1899;#N/A;#N/A;#N/A;#N/A;#N/A
Polánka (Znojmo);;35;A;CZ;1899;#N/A;#N/A;#N/A;#N/A;#N/A
Polanka nad Odrou;1994-01-01;24;A;CZ;1994;#N/A;#N/A;#N/A;#N/A;#N/A
Poleň;;16;D;CZ;1899;#N/A;#N/A;#N/A;#N/A;#N/A
Polepy;;8;B;CZ;1899;#N/A;#N/A;#N/A;#N/A;#N/A
Polešovice;;37;A;CZ;1899;#N/A;#N/A;#N/A;#N/A;#N/A
Police (Třebíč);;34;A;CZ;1899;#N/A;#N/A;#N/A;#N/A;#N/A
Police (Vsetín);;23;D;CZ;1899;#N/A;#N/A;#N/A;#N/A;#N/A
Police nad Metují;2022-04-14;11;A;CZ;2022;#N/A;#N/A;#N/A;#N/A;#N/A
Polička;2005-08-27;21;A;CZ;2005;#N/A;#N/A;#N/A;#N/A;#N/A
Poličná;;23;D;CZ;1899;#N/A;#N/A;#N/A;#N/A;#N/A
Polkovice;;22;D;CZ;1899;#N/A;#N/A;#N/A;#N/A;#N/A
Polná;;20;D;CZ;1899;#N/A;#N/A;#N/A;#N/A;#N/A
Polnička;;20;B;CZ;1899;#N/A;#N/A;#N/A;#N/A;#N/A
Poľný Kesov;2019-09-16;48;A;SK;2019;48,1625849;18,061397;Slovensko;Nitriansky kraj;okres Nitra
Polom;;11;C;CZ;1899;#N/A;#N/A;#N/A;#N/A;#N/A
Polomka;1994-01-01;40;B;SK;1994;48,8523198;19,8537272;Slovensko;Banskobystrický kraj;okres Brezno
Poltár;2019-06-22;40;D;SK;2019;48,4308293;19,7923921;Slovensko;Banskobystrický kraj;okres Poltár
Polubný;;4;A;CZ;1899;#N/A;#N/A;#N/A;#N/A;#N/A
Poluvsie (Prievidza);;38;B;SK;1899;48,8444234;18,6384954;Slovensko;Trenčiansky kraj;okres Prievidza
Poluvsie (Žilina);1994-01-01;39;A;SK;1994;49,1312775;18,713624;Slovensko;Žilinský kraj;okres Žilina
Pomezí;;21;B;CZ;1899;#N/A;#N/A;#N/A;#N/A;#N/A
Pomezí nad Ohří;;5;D;CZ;1899;#N/A;#N/A;#N/A;#N/A;#N/A
Pondelok;2019-06-22;40;D;SK;2019;48,4317206;19,8545909;Slovensko;Banskobystrický kraj;okres Poltár
Poniklá;;10;A;CZ;1899;#N/A;#N/A;#N/A;#N/A;#N/A
Poniky;1994-01-01;39;D;SK;1994;48,7112066;19,2922734;Slovensko;Banskobystrický kraj;okres Banská Bystrica
Popelín;;19;D;CZ;1899;#N/A;#N/A;#N/A;#N/A;#N/A
Popovice (Benešov);;19;A;CZ;1899;#N/A;#N/A;#N/A;#N/A;#N/A
Popovice (Brno-venkov);1994-01-01;35;B;CZ;1994;#N/A;#N/A;#N/A;#N/A;#N/A
Poprad;1994-01-01;41;A;SK;1994;49,0541521;20,2976401;Slovensko;Prešovský kraj;okres Poprad
Poproč;2021-05-22;42;C;SK;2021;48,5831267;20,0336175;Slovensko;Banskobystrický kraj;okres Rimavská Sobota
Popudinské Močidlany;1997-06-03;36;B;SK;1997;48,7846652;17,2195244;Slovensko;Trnavský kraj;okres Skalica
Popůvky;;21;D;CZ;1899;#N/A;#N/A;#N/A;#N/A;#N/A
Poráč;;42;A;SK;1899;48,8840406;20,7241002;Slovensko;Košický kraj;okres Spišská Nová Ves
Poriadie;2018-09-01;37;A;SK;2018;48,7756471;17,608716;Slovensko;Trenčiansky kraj;okres Myjava
Poruba (Ostrava-město);2003-10-04;24;A;CZ;2003;#N/A;#N/A;#N/A;#N/A;#N/A
Poruba (Prievidza);;38;B;SK;1899;48,8313714;18,5926928;Slovensko;Trenčiansky kraj;okres Prievidza
Poruba pod Vihorlatom;2020-07-28;44;A;SK;2020;48,8259627;22,1371534;Slovensko;Košický kraj;okres Michalovce
Porúbka (Humenné);;43;B;SK;1899;48,8635492;21,9576701;Slovensko;Prešovský kraj;okres Humenné
Porúbka (Michalovce);;44;A;SK;1899;49,1994503;21,4275572;Slovensko;Prešovský kraj;okres Bardejov
Poříčany;1994-01-01;9;C;CZ;1994;#N/A;#N/A;#N/A;#N/A;#N/A
Poříčí nad Sázavou;;19;A;CZ;1899;#N/A;#N/A;#N/A;#N/A;#N/A
Pořín;;19;C;CZ;1899;#N/A;#N/A;#N/A;#N/A;#N/A
Postoloprty;1994-01-01;7;B;CZ;1994;#N/A;#N/A;#N/A;#N/A;#N/A
Postoupky;;23;C;CZ;1899;#N/A;#N/A;#N/A;#N/A;#N/A
Postřekov;;16;A;CZ;1899;#N/A;#N/A;#N/A;#N/A;#N/A
Postřelmov;2026-05-23;22;A;CZ;2026;#N/A;#N/A;#N/A;#N/A;#N/A
Postupice;;19;A;CZ;1899;#N/A;#N/A;#N/A;#N/A;#N/A
Poštorná;2004-05-23;36;C;CZ;2004;#N/A;#N/A;#N/A;#N/A;#N/A
Poteč;2003-10-03;24;C;CZ;2003;#N/A;#N/A;#N/A;#N/A;#N/A
Potěhy;;20;A;CZ;1899;#N/A;#N/A;#N/A;#N/A;#N/A
Pôtor;2002-09-28;50;A;SK;2002;48,234063;19,4213717;Slovensko;Banskobystrický kraj;okres Veľký Krtíš
Potštát;;23;A;CZ;1899;#N/A;#N/A;#N/A;#N/A;#N/A
Potštejn;2022-04-14;11;C;CZ;2022;#N/A;#N/A;#N/A;#N/A;#N/A
Potůčky;;6;A;CZ;1899;#N/A;#N/A;#N/A;#N/A;#N/A
Potvorice;2026-08-23;37;D;SK;2026;48,6885308;17,8501835;Slovensko;Trenčiansky kraj;okres Nové Mesto nad Váhom
Pouchov;;10;D;CZ;1899;#N/A;#N/A;#N/A;#N/A;#N/A
Pouzdřany;1994-01-01;35;B;CZ;1994;#N/A;#N/A;#N/A;#N/A;#N/A
Považská Bystrica;1994-01-01;38;B;SK;1994;49,1159316;18,4469936;Slovensko;Trenčiansky kraj;okres Považská Bystrica
Považská Teplá;1994-01-01;38;B;SK;1994;49,1424191;18,4738646;Slovensko;Trenčiansky kraj;okres Považská Bystrica
Považské Podhradie;1994-01-01;38;B;SK;1994;49,1404738;18,4599583;Slovensko;Trenčiansky kraj;okres Považská Bystrica
Považský Chlmec;1994-01-01;25;C;SK;1994;49,246425;18,7224382;Slovensko;Žilinský kraj;okres Žilina
Povina;1994-01-01;25;C;SK;1994;49,3120458;18,8084713;Slovensko;Žilinský kraj;okres Kysucké Nové Mesto
Povrly;;2;A;CZ;1899;#N/A;#N/A;#N/A;#N/A;#N/A
Pozba;1994-01-01;48;B;SK;1994;48,1156937;18,3868352;Slovensko;Nitriansky kraj;okres Nové Zámky
Pozděchov;;23;D;CZ;1899;#N/A;#N/A;#N/A;#N/A;#N/A
Pozdeň;;8;C;CZ;1899;#N/A;#N/A;#N/A;#N/A;#N/A
Pozdišovce;2002-09-28;43;B;SK;2002;48,7257943;21,854384;Slovensko;Košický kraj;okres Michalovce
Pozlovice;;37;B;CZ;1899;#N/A;#N/A;#N/A;#N/A;#N/A
Pozořice;;22;C;CZ;1899;#N/A;#N/A;#N/A;#N/A;#N/A
Praha;1994-01-01;8;D;CZ;1994;#N/A;#N/A;#N/A;#N/A;#N/A
Praha (Lučenec);2019-10-09;50;A;SK;2019;48,3629587;19,508195;Slovensko;Banskobystrický kraj;okres Lučenec
Prachatice;;31;B;CZ;1899;#N/A;#N/A;#N/A;#N/A;#N/A
Prácheň;;2;B;CZ;1899;#N/A;#N/A;#N/A;#N/A;#N/A
Prachomety;;6;D;CZ;1899;#N/A;#N/A;#N/A;#N/A;#N/A
Prachovice;;20;B;CZ;1899;#N/A;#N/A;#N/A;#N/A;#N/A
Prakovce;1994-01-01;42;A;SK;1994;48,8167474;20,8999535;Slovensko;Košický kraj;okres Gelnica
Prakšice;;37;A;CZ;1899;#N/A;#N/A;#N/A;#N/A;#N/A
Prameny;;6;C;CZ;1899;#N/A;#N/A;#N/A;#N/A;#N/A
Prapořiště;;16;D;CZ;1899;#N/A;#N/A;#N/A;#N/A;#N/A
Praskačka;;10;D;CZ;1899;#N/A;#N/A;#N/A;#N/A;#N/A
Praskolesy;1995-07-29;17;B;CZ;1995;#N/A;#N/A;#N/A;#N/A;#N/A
Prašice;2018-07-01;38;C;SK;2018;48,6426067;18,1078205;Slovensko;Nitriansky kraj;okres Topoľčany
Prašný Újezd;;7;D;CZ;1899;#N/A;#N/A;#N/A;#N/A;#N/A
Pravčice;;23;C;CZ;1899;#N/A;#N/A;#N/A;#N/A;#N/A
Pravenec;1994-01-01;38;B;SK;1994;48,8537841;18,6483849;Slovensko;Trenčiansky kraj;okres Prievidza
Pravica;;50;A;SK;1899;48,3170615;19,4570187;Slovensko;Banskobystrický kraj;okres Veľký Krtíš
Pravlov;;35;B;CZ;1899;#N/A;#N/A;#N/A;#N/A;#N/A
Pravonín;;19;A;CZ;1899;#N/A;#N/A;#N/A;#N/A;#N/A
Pravotice;2018-07-01;38;C;SK;2018;48,6823621;18,2919204;Slovensko;Trenčiansky kraj;okres Bánovce nad Bebravou
Praznov;1994-01-01;38;B;SK;1994;49,1061627;18,5015371;Slovensko;Trenčiansky kraj;okres Považská Bystrica
Praznovce;2000-07-19;38;C;SK;2000;48,5664431;18,211408;Slovensko;Nitriansky kraj;okres Topoľčany
Prečín;1994-01-01;38;B;SK;1994;49,0838302;18,519636;Slovensko;Trenčiansky kraj;okres Považská Bystrica
Predajná;1994-01-01;40;A;SK;1994;48,8142783;19,4620459;Slovensko;Banskobystrický kraj;okres Brezno
Predmier;1994-01-01;24;D;SK;1994;49,1981039;18,5318796;Slovensko;Žilinský kraj;okres Bytča
Prejta;2019-09-29;38;A;SK;2019;48,9746522;18,2078233;Slovensko;Trenčiansky kraj;okres Ilava
Prenčov;1997-08-20;49;A;SK;1997;48,3629383;18,9229468;Slovensko;Banskobystrický kraj;okres Banská Štiavnica
Preseľany;;38;C;SK;1899;48,4497057;18,0983179;Slovensko;Nitriansky kraj;okres Topoľčany
Preseľany nad Ipľom;1994-01-01;49;A;SK;1994;48,0711984;18,9101427;Slovensko;Nitriansky kraj;okres Levice
Prestavlky;1997-09-06;39;C;SK;1997;48,5876113;18,7576232;Slovensko;Banskobystrický kraj;okres Žiar nad Hronom
Prešov;1994-01-01;42;B;SK;1994;49,0000074;21,2392122;Slovensko;Prešovský kraj;okres Prešov
Pribeník;;44;C;SK;1899;48,3933129;21,9989904;Slovensko;Košický kraj;okres Trebišov
Pribeta;1994-01-01;48;C;SK;1994;47,901814;18,309068;Slovensko;Nitriansky kraj;okres Komárno
Príbovce;1994-01-01;39;A;SK;1994;48,9997149;18,8830758;Slovensko;Žilinský kraj;okres Martin
Pribylina;1994-01-01;40;B;SK;1994;49,0987736;19,7995541;Slovensko;Žilinský kraj;okres Liptovský Mikuláš
Priechod;1994-01-01;39;B;SK;1994;48,7827255;19,2356782;Slovensko;Banskobystrický kraj;okres Banská Bystrica
Priekopa;1994-01-01;39;A;SK;1994;49,1;18,93333;Slovensko;Žilinský kraj;okres Martin
Priepasné;2018-09-01;37;C;SK;2018;48,6993132;17,5868183;Slovensko;Trenčiansky kraj;okres Myjava
Prietrž;2004-06-19;37;C;SK;2004;48,6735042;17,4402279;Slovensko;Trnavský kraj;okres Senica
Prievaly;2003-03-02;37;C;SK;2003;48,558454;17,3493194;Slovensko;Trnavský kraj;okres Senica
Prievidza;1994-01-01;38;B;SK;1994;48,7718361;18,6234916;Slovensko;Trenčiansky kraj;okres Prievidza
Proboštov;;1;B;CZ;1899;#N/A;#N/A;#N/A;#N/A;#N/A
Prochot;1997-09-06;39;C;SK;1997;48,6109264;18,707473;Slovensko;Banskobystrický kraj;okres Žiar nad Hronom
Proseč;2005-08-27;21;A;CZ;2005;#N/A;#N/A;#N/A;#N/A;#N/A
Proseč nad Nisou;;3;B;CZ;1899;#N/A;#N/A;#N/A;#N/A;#N/A
Proseč pod Ještědem;;3;B;CZ;1899;#N/A;#N/A;#N/A;#N/A;#N/A
Prosečné;;10;B;CZ;1899;#N/A;#N/A;#N/A;#N/A;#N/A
Prosenice;1994-01-01;23;C;CZ;1994;#N/A;#N/A;#N/A;#N/A;#N/A
Prosenická Lhota;;18;B;CZ;1899;#N/A;#N/A;#N/A;#N/A;#N/A
Prosetín;;20;B;CZ;1899;#N/A;#N/A;#N/A;#N/A;#N/A
Prosiek;1994-01-01;26;C;SK;1994;49,1474517;19,5014759;Slovensko;Žilinský kraj;okres Liptovský Mikuláš
Prosiměřice;;35;A;CZ;1899;#N/A;#N/A;#N/A;#N/A;#N/A
Prosné;2023-05-06;24;D;SK;2023;49,1830996;18,3892263;Slovensko;Trenčiansky kraj;okres Považská Bystrica
Prostějov;;22;D;CZ;1899;#N/A;#N/A;#N/A;#N/A;#N/A
Prostiboř;;16;A;CZ;1899;#N/A;#N/A;#N/A;#N/A;#N/A
Prostřední Bečva;1994-01-01;24;C;CZ;1994;#N/A;#N/A;#N/A;#N/A;#N/A
Prostřední Suchá;;24;B;CZ;1899;#N/A;#N/A;#N/A;#N/A;#N/A
Protivanov;;22;C;CZ;1899;#N/A;#N/A;#N/A;#N/A;#N/A
Protivín;1995-08-09;18;C;CZ;1995;#N/A;#N/A;#N/A;#N/A;#N/A
Provodov;;23;D;CZ;1899;#N/A;#N/A;#N/A;#N/A;#N/A
Prštice;;35;B;CZ;1899;#N/A;#N/A;#N/A;#N/A;#N/A
Průhonice;2003-08-08;8;D;CZ;2003;#N/A;#N/A;#N/A;#N/A;#N/A
Prunéřov;;7;A;CZ;1899;#N/A;#N/A;#N/A;#N/A;#N/A
Prusinovice;;23;C;CZ;1899;#N/A;#N/A;#N/A;#N/A;#N/A
Pruské;1994-01-01;38;A;SK;1994;49,0272558;18,2100196;Slovensko;Trenčiansky kraj;okres Ilava
Prusy;2018-07-01;38;C;SK;2018;48,7585345;18,2597341;Slovensko;Trenčiansky kraj;okres Bánovce nad Bebravou
Prušánky;;36;A;CZ;1899;#N/A;#N/A;#N/A;#N/A;#N/A
Pružina;1994-01-01;38;B;SK;1994;49,0165341;18,4760319;Slovensko;Trenčiansky kraj;okres Považská Bystrica
Prysk;;2;B;CZ;1899;#N/A;#N/A;#N/A;#N/A;#N/A
Pržno;;24;B;CZ;1899;#N/A;#N/A;#N/A;#N/A;#N/A
Přáslavice;1994-01-01;23;A;CZ;1994;#N/A;#N/A;#N/A;#N/A;#N/A
Přebuz;;6;A;CZ;1899;#N/A;#N/A;#N/A;#N/A;#N/A
Předhradí;;21;A;CZ;1899;#N/A;#N/A;#N/A;#N/A;#N/A
Předín;2021-09-10;20;D;CZ;2021;#N/A;#N/A;#N/A;#N/A;#N/A
Předměřice nad Jizerou;;9;C;CZ;1899;#N/A;#N/A;#N/A;#N/A;#N/A
Předměřice nad Labem;;10;D;CZ;1899;#N/A;#N/A;#N/A;#N/A;#N/A
Přední Lhota;;9;D;CZ;1899;#N/A;#N/A;#N/A;#N/A;#N/A
Přední Výtoň;;32;C;CZ;1899;#N/A;#N/A;#N/A;#N/A;#N/A
Předslav;;17;C;CZ;1899;#N/A;#N/A;#N/A;#N/A;#N/A
Předslavice;;17;D;CZ;1899;#N/A;#N/A;#N/A;#N/A;#N/A
Přehýšov;;16;B;CZ;1899;#N/A;#N/A;#N/A;#N/A;#N/A
Přelouč;1994-01-01;10;C;CZ;1994;#N/A;#N/A;#N/A;#N/A;#N/A
Přemyslovice;;22;A;CZ;1899;#N/A;#N/A;#N/A;#N/A;#N/A
Přepeře;;9;B;CZ;1899;#N/A;#N/A;#N/A;#N/A;#N/A
Přepychy;;11;C;CZ;1899;#N/A;#N/A;#N/A;#N/A;#N/A
Přerov;1994-01-01;23;C;CZ;1994;#N/A;#N/A;#N/A;#N/A;#N/A
Přerov nad Labem;;9;C;CZ;1899;#N/A;#N/A;#N/A;#N/A;#N/A
Přešín;;17;B;CZ;1899;#N/A;#N/A;#N/A;#N/A;#N/A
Přešovice;;35;A;CZ;1899;#N/A;#N/A;#N/A;#N/A;#N/A
Přeštice;1995-07-31;17;A;CZ;1995;#N/A;#N/A;#N/A;#N/A;#N/A
Přezletice;;8;D;CZ;1899;#N/A;#N/A;#N/A;#N/A;#N/A
Přibice;2021-09-10;35;B;CZ;2021;#N/A;#N/A;#N/A;#N/A;#N/A
Příbor;2003-10-04;24;A;CZ;2003;#N/A;#N/A;#N/A;#N/A;#N/A
Příbram;;18;A;CZ;1899;#N/A;#N/A;#N/A;#N/A;#N/A
Přibyslav;;20;B;CZ;1899;#N/A;#N/A;#N/A;#N/A;#N/A
Přibyslavice (Brno-venkov);;21;C;CZ;1899;#N/A;#N/A;#N/A;#N/A;#N/A
Přibyslavice (Třebíč);;20;D;CZ;1899;#N/A;#N/A;#N/A;#N/A;#N/A
Příchovice (Jablonec nad Nisou);;4;A;CZ;1899;#N/A;#N/A;#N/A;#N/A;#N/A
Příchovice (Plzeň-jih);;17;A;CZ;1899;#N/A;#N/A;#N/A;#N/A;#N/A
Příkazy;;22;B;CZ;1899;#N/A;#N/A;#N/A;#N/A;#N/A
Příkosice;;17;B;CZ;1899;#N/A;#N/A;#N/A;#N/A;#N/A
Přílepy;;23;C;CZ;1899;#N/A;#N/A;#N/A;#N/A;#N/A
Příluky;;23;D;CZ;1899;#N/A;#N/A;#N/A;#N/A;#N/A
Přimda;1994-01-01;16;A;CZ;1994;#N/A;#N/A;#N/A;#N/A;#N/A
Přímětice;;35;A;CZ;1899;#N/A;#N/A;#N/A;#N/A;#N/A
Přísečná;;32;A;CZ;1899;#N/A;#N/A;#N/A;#N/A;#N/A
Přísečnice;;6;B;CZ;1899;#N/A;#N/A;#N/A;#N/A;#N/A
Příseka u Světlé;;20;A;CZ;1899;#N/A;#N/A;#N/A;#N/A;#N/A
Přistoupim;;9;C;CZ;1899;#N/A;#N/A;#N/A;#N/A;#N/A
Přišimasy;;9;C;CZ;1899;#N/A;#N/A;#N/A;#N/A;#N/A
Příšovice;;9;B;CZ;1899;#N/A;#N/A;#N/A;#N/A;#N/A
Přívory;;8;B;CZ;1899;#N/A;#N/A;#N/A;#N/A;#N/A
Psáry;;8;D;CZ;1899;#N/A;#N/A;#N/A;#N/A;#N/A
Pšov (Karlovy Vary);;6;D;CZ;1899;#N/A;#N/A;#N/A;#N/A;#N/A
Pšov (Louny);;7;A;CZ;1899;#N/A;#N/A;#N/A;#N/A;#N/A
Pšovlky;;7;D;CZ;1899;#N/A;#N/A;#N/A;#N/A;#N/A
Pšurnovice;2023-05-06;24;D;SK;2023;49,2433383;18,5069494;Slovensko;Žilinský kraj;okres Bytča
Ptení;;22;C;CZ;1899;#N/A;#N/A;#N/A;#N/A;#N/A
Ptenín;;16;B;CZ;1899;#N/A;#N/A;#N/A;#N/A;#N/A
Ptruksa;;44;C;SK;1899;48,4868393;22,1393374;Slovensko;Košický kraj;okres Michalovce
Pudlov;;24;A;CZ;1899;#N/A;#N/A;#N/A;#N/A;#N/A
Púchov;1994-01-01;38;A;SK;1994;49,123928;18,3239559;Slovensko;Trenčiansky kraj;okres Púchov
Pukanec;1994-01-01;49;A;SK;1994;48,3521333;18,7221594;Slovensko;Nitriansky kraj;okres Levice
Puklice;;20;C;CZ;1899;#N/A;#N/A;#N/A;#N/A;#N/A
Purkarec;;18;D;CZ;1899;#N/A;#N/A;#N/A;#N/A;#N/A
Pustá Kamenice;;21;A;CZ;1899;#N/A;#N/A;#N/A;#N/A;#N/A
Pustá Polom;;23;B;CZ;1899;#N/A;#N/A;#N/A;#N/A;#N/A
Pustá Rybná;;21;A;CZ;1899;#N/A;#N/A;#N/A;#N/A;#N/A
Pusté Sady;;47;B;SK;1899;48,3118437;17,8278257;Slovensko;Trnavský kraj;okres Galanta
Pusté Úľany;1994-01-01;47;A;SK;1994;48,231416;17,5687687;Slovensko;Trnavský kraj;okres Galanta
Pusté Žibřidovice;;12;A;CZ;1899;#N/A;#N/A;#N/A;#N/A;#N/A
Pustiměř;;22;D;CZ;1899;#N/A;#N/A;#N/A;#N/A;#N/A
Putim;;18;C;CZ;1899;#N/A;#N/A;#N/A;#N/A;#N/A
Pyšel;;21;C;CZ;1899;#N/A;#N/A;#N/A;#N/A;#N/A
Pyšely;;19;A;CZ;1899;#N/A;#N/A;#N/A;#N/A;#N/A
Rabča;1994-01-01;26;C;SK;1994;49,4833334;19,4833333;Slovensko;Žilinský kraj;okres Námestovo
Rabčice;1994-01-01;26;C;SK;1994;49,506494;19,5205062;Slovensko;Žilinský kraj;okres Námestovo
Rabí;;17;C;CZ;1899;#N/A;#N/A;#N/A;#N/A;#N/A
Rabštejn nad Střelou;;7;C;CZ;1899;#N/A;#N/A;#N/A;#N/A;#N/A
Ráby;;10;D;CZ;1899;#N/A;#N/A;#N/A;#N/A;#N/A
Rabynř;;18;B;CZ;1899;#N/A;#N/A;#N/A;#N/A;#N/A
Racková;;23;C;CZ;1899;#N/A;#N/A;#N/A;#N/A;#N/A
Rača;1994-01-01;46;B;SK;1994;49,4140573;18,9058479;Slovensko;Žilinský kraj;okres Čadca
Račice (Rakovník);2018-07-01;7;D;CZ;2018;#N/A;#N/A;#N/A;#N/A;#N/A
Račice (Vyškov);2019-09-05;22;C;CZ;2019;#N/A;#N/A;#N/A;#N/A;#N/A
Račiněves;;8;A;CZ;1899;#N/A;#N/A;#N/A;#N/A;#N/A
Rad;;43;D;SK;1899;48,4620099;21,8583845;Slovensko;Košický kraj;okres Trebišov
Radačov;2020-08-09;42;B;SK;2020;48,93412;21,18919;Slovakia;Prešovský kraj;okres Prešov
Radava;1994-01-01;48;A;SK;1994;48,0937152;18,3021805;Slovensko;Nitriansky kraj;okres Nové Zámky
Radčiče;;17;A;CZ;1899;#N/A;#N/A;#N/A;#N/A;#N/A
Radeč;;11;A;CZ;1899;#N/A;#N/A;#N/A;#N/A;#N/A
Radějov;;37;A;CZ;1899;#N/A;#N/A;#N/A;#N/A;#N/A
Radenín;;19;C;CZ;1899;#N/A;#N/A;#N/A;#N/A;#N/A
Radešín;;8;A;CZ;1899;#N/A;#N/A;#N/A;#N/A;#N/A
Radešínská Svratka;;21;C;CZ;1899;#N/A;#N/A;#N/A;#N/A;#N/A
Radíč;;18;B;CZ;1899;#N/A;#N/A;#N/A;#N/A;#N/A
Radim;;9;D;CZ;1899;#N/A;#N/A;#N/A;#N/A;#N/A
Radiměř;;21;B;CZ;1899;#N/A;#N/A;#N/A;#N/A;#N/A
Radimov;2020-08-22;36;D;SK;2020;48,7502696;17,1996381;Slovensko;Trnavský kraj;okres Skalica
Radimovice u Želče;;19;C;CZ;1899;#N/A;#N/A;#N/A;#N/A;#N/A
Radkov (Opava);;23;B;CZ;1899;#N/A;#N/A;#N/A;#N/A;#N/A
Radkov (Tábor);;18;D;CZ;1899;#N/A;#N/A;#N/A;#N/A;#N/A
Radkovice u Hrotovic;;35;A;CZ;1899;#N/A;#N/A;#N/A;#N/A;#N/A
Radnice;;17;A;CZ;1899;#N/A;#N/A;#N/A;#N/A;#N/A
Radnovce;;51;A;SK;1899;48,3428026;20,2051722;Slovensko;Banskobystrický kraj;okres Rimavská Sobota
Radobica;2018-07-01;38;D;SK;2018;48,5853863;18,500276;Slovensko;Trenčiansky kraj;okres Prievidza
Radola;1994-01-01;25;C;SK;1994;49,2933744;18,7924501;Slovensko;Žilinský kraj;okres Kysucké Nové Mesto
Radomyšl;;17;D;CZ;1899;#N/A;#N/A;#N/A;#N/A;#N/A
Radonice (Chomutov);;7;A;CZ;1899;#N/A;#N/A;#N/A;#N/A;#N/A
Radonice (Praha-východ);;9;C;CZ;1899;#N/A;#N/A;#N/A;#N/A;#N/A
Radostín;;9;B;CZ;1899;#N/A;#N/A;#N/A;#N/A;#N/A
Radostín nad Oslavou;;20;D;CZ;1899;#N/A;#N/A;#N/A;#N/A;#N/A
Radôstka;1994-01-01;25;C;SK;1994;49,3237808;18,9416699;Slovensko;Žilinský kraj;okres Čadca
Radostná pod Kozákovem;;9;B;CZ;1899;#N/A;#N/A;#N/A;#N/A;#N/A
Radošina;2000-07-19;37;D;SK;2000;48,5471432;17,9384721;Slovensko;Nitriansky kraj;okres Topoľčany
Radošovce;1997-06-03;36;B;SK;1997;48,4961452;17,6351963;Slovensko;Trnavský kraj;okres Trnava
Radošovice;;19;A;CZ;1899;#N/A;#N/A;#N/A;#N/A;#N/A
Radotice;;34;A;CZ;1899;#N/A;#N/A;#N/A;#N/A;#N/A
Radotín;1995-07-29;8;D;CZ;1995;#N/A;#N/A;#N/A;#N/A;#N/A
Radouň;;8;B;CZ;1899;#N/A;#N/A;#N/A;#N/A;#N/A
Radovesice (Litoměřice);;8;A;CZ;1899;#N/A;#N/A;#N/A;#N/A;#N/A
Radovesice (Teplice);;7;B;CZ;1899;#N/A;#N/A;#N/A;#N/A;#N/A
Radovesnice I;;9;D;CZ;1899;#N/A;#N/A;#N/A;#N/A;#N/A
Radovesnice II;;10;C;CZ;1899;#N/A;#N/A;#N/A;#N/A;#N/A
Radslavice;;23;C;CZ;1899;#N/A;#N/A;#N/A;#N/A;#N/A
Raduň;;23;B;CZ;1899;#N/A;#N/A;#N/A;#N/A;#N/A
Radvaň;1994-01-01;39;D;SK;1994;48,7262056;19,1038577;Slovensko;Banskobystrický kraj;okres Banská Bystrica
Radvaň nad Dunajom;1994-01-01;48;D;SK;1994;47,7472584;18,3733406;Slovensko;Nitriansky kraj;okres Komárno
Radvaň nad Laborcom;;29;D;SK;1899;49,1300993;21,9276122;Slovensko;Prešovský kraj;okres Medzilaborce
Radvanice;;11;A;CZ;1899;#N/A;#N/A;#N/A;#N/A;#N/A
Radzovce;1994-01-01;50;B;SK;1994;48,2199291;19,8279679;Slovensko;Banskobystrický kraj;okres Lučenec
Ráj;;24;B;CZ;1899;#N/A;#N/A;#N/A;#N/A;#N/A
Rajčany;2000-07-19;38;C;SK;2000;48,6105417;18,2322603;Slovensko;Nitriansky kraj;okres Topoľčany
Rajec;1994-01-01;38;B;SK;1994;49,0886262;18,6352209;Slovensko;Žilinský kraj;okres Žilina
Rájec;;22;A;CZ;1899;#N/A;#N/A;#N/A;#N/A;#N/A
Rájec-Jestřebí;2022-04-13;21;D;CZ;2022;#N/A;#N/A;#N/A;#N/A;#N/A
Rajecká Lesná;1994-01-01;38;B;SK;1994;49,0449528;18,6350654;Slovensko;Žilinský kraj;okres Žilina
Rajecké Teplice;1994-01-01;39;A;SK;1994;49,1275286;18,6828969;Slovensko;Žilinský kraj;okres Žilina
Ráječko;;21;D;CZ;1899;#N/A;#N/A;#N/A;#N/A;#N/A
Rajhrad;1994-01-01;35;B;CZ;1994;#N/A;#N/A;#N/A;#N/A;#N/A
Rajhradice;;35;B;CZ;1899;#N/A;#N/A;#N/A;#N/A;#N/A
Rajnochovice;;23;D;CZ;1899;#N/A;#N/A;#N/A;#N/A;#N/A
Rakoľuby;2026-08-23;37;D;SK;2026;48,7604551;17,8857844;Slovensko;Trenčiansky kraj;okres Nové Mesto nad Váhom
Rákoš;1994-01-01;41;C;SK;1994;48,6448321;21,4276418;Slovensko;Košický kraj;okres Košice - okolie
Raková;1995-07-26;25;C;SK;1995;49,4432047;18,7346404;Slovensko;Žilinský kraj;okres Čadca
Rakovec nad Ondavou;2020-07-26;43;B;SK;2020;48,7682305;21,7830299;Slovensko;Košický kraj;okres Michalovce
Rakovník;;7;D;CZ;1899;#N/A;#N/A;#N/A;#N/A;#N/A
Rakovo;1994-01-01;39;A;SK;1994;48,9881784;18,8803099;Slovensko;Žilinský kraj;okres Martin
Rakúsy;2002-07-20;27;D;SK;2002;49,1885284;20,3834965;Slovensko;Prešovský kraj;okres Kežmarok
Rakvice;1994-01-01;36;A;CZ;1994;#N/A;#N/A;#N/A;#N/A;#N/A
Rankov;;20;A;CZ;1899;#N/A;#N/A;#N/A;#N/A;#N/A
Rantířov;;20;C;CZ;1899;#N/A;#N/A;#N/A;#N/A;#N/A
Rapotice;2023-04-29;21;C;CZ;2023;#N/A;#N/A;#N/A;#N/A;#N/A
Rapotín;2018-07-01;12;D;CZ;2018;#N/A;#N/A;#N/A;#N/A;#N/A
Rapovce;1994-01-01;50;B;SK;1994;48,2722768;19,6823429;Slovensko;Banskobystrický kraj;okres Lučenec
Rapšach;;33;A;CZ;1899;#N/A;#N/A;#N/A;#N/A;#N/A
Rasošky;;10;B;CZ;1899;#N/A;#N/A;#N/A;#N/A;#N/A
Raspenava;;3;B;CZ;1899;#N/A;#N/A;#N/A;#N/A;#N/A
Rastislavice;2019-11-05;48;A;SK;2019;48,1380649;18,0734754;Slovensko;Nitriansky kraj;okres Nové Zámky
Rašice;2019-06-23;41;C;SK;2019;48,4720302;20,2386506;Slovensko;Banskobystrický kraj;okres Revúca
Raškovice;;24;B;CZ;1899;#N/A;#N/A;#N/A;#N/A;#N/A
Rašov;;21;D;CZ;1899;#N/A;#N/A;#N/A;#N/A;#N/A
Rašovice;;36;A;CZ;1899;#N/A;#N/A;#N/A;#N/A;#N/A
Rataje;;22;D;CZ;1899;#N/A;#N/A;#N/A;#N/A;#N/A
Rataje nad Sázavou;;19;A;CZ;1899;#N/A;#N/A;#N/A;#N/A;#N/A
Ratenice;;9;D;CZ;1899;#N/A;#N/A;#N/A;#N/A;#N/A
Ratiboř (Jindřichův Hradec);;19;C;CZ;1899;#N/A;#N/A;#N/A;#N/A;#N/A
Ratiboř (Písek);;18;B;CZ;1899;#N/A;#N/A;#N/A;#N/A;#N/A
Ratiboř (Vsetín);;23;D;CZ;1899;#N/A;#N/A;#N/A;#N/A;#N/A
Ratibořské Hory;;19;C;CZ;1899;#N/A;#N/A;#N/A;#N/A;#N/A
Ratíškovice;2020-06-28;36;B;CZ;2020;#N/A;#N/A;#N/A;#N/A;#N/A
Ratková;1994-01-01;41;C;SK;1994;48,5908536;20,0956579;Slovensko;Banskobystrický kraj;okres Revúca
Ratkovská Suchá;1994-01-01;41;C;SK;1994;48,5794528;20,0694917;Slovensko;Banskobystrický kraj;okres Rimavská Sobota
Ratkovské Bystré;;41;C;SK;1899;48,6470567;20,0597668;Slovensko;Banskobystrický kraj;okres Revúca
Ratnovce;2018-07-01;37;D;SK;2018;48,5572812;17,837605;Slovensko;Trnavský kraj;okres Piešťany
Razová;2022-04-16;13;C;CZ;2022;#N/A;#N/A;#N/A;#N/A;#N/A
Ráztočno;1994-01-01;39;A;SK;1994;48,7692647;18,7551744;Slovensko;Trenčiansky kraj;okres Prievidza
Ráztoka;;24;C;CZ;1899;#N/A;#N/A;#N/A;#N/A;#N/A
Ražňany;2020-08-10;42;B;SK;2020;49,0806909;21,0829593;Slovensko;Prešovský kraj;okres Sabinov
Reca;1994-01-01;47;A;SK;1994;48,2329275;17,449171;Slovensko;Bratislavský kraj;okres Senec
Rejčkov;;19;B;CZ;1899;#N/A;#N/A;#N/A;#N/A;#N/A
Rejdová;;41;A;SK;1899;48,7907465;20,2856954;Slovensko;Košický kraj;okres Rožňava
Rejšice;;9;B;CZ;1899;#N/A;#N/A;#N/A;#N/A;#N/A
Rejštejn;1995-08-02;17;C;CZ;1995;#N/A;#N/A;#N/A;#N/A;#N/A
Reľov;1994-01-01;27;D;SK;1994;49,2996739;20,3792635;Slovensko;Prešovský kraj;okres Kežmarok
Remetské Hámre;2020-07-28;44;A;SK;2020;48,85;22,1833333;Slovensko;Košický kraj;okres Sobrance
Renčišov;2020-08-10;42;A;SK;2020;49,0942639;20,964152;Slovensko;Prešovský kraj;okres Sabinov
Repište;1994-01-01;39;C;SK;1994;48,5161935;18,8451345;Slovensko;Banskobystrický kraj;okres Žiar nad Hronom
Rešice;;35;A;CZ;1899;#N/A;#N/A;#N/A;#N/A;#N/A
Rešov;2020-07-21;28;D;SK;2020;49,2383174;21,3307713;Slovensko;Prešovský kraj;okres Bardejov
Revúca;1995-08-13;41;C;SK;1995;48,6833333;20,1166667;Slovensko;Banskobystrický kraj;okres Revúca
Revúčka;;41;C;SK;1899;48,7073675;20,1321888;Slovensko;Banskobystrický kraj;okres Revúca
Riečka;1994-01-01;39;B;SK;1994;48,3402398;20,3310316;Slovensko;Banskobystrický kraj;okres Rimavská Sobota
Riečnica;;25;D;SK;1899;49,3249;19,07607;Slovakia;Žilinský kraj;okres Čadca
Richvald;2020-07-20;28;D;SK;2020;49,2761353;21,1902329;Slovensko;Prešovský kraj;okres Bardejov
Rimavská Baňa;1994-01-01;40;D;SK;1994;48,5106831;19,940572;Slovensko;Banskobystrický kraj;okres Rimavská Sobota
Rimavská Píla;1994-01-01;40;D;SK;1994;48,6485356;19,9448003;Slovensko;Banskobystrický kraj;okres Rimavská Sobota
Rimavská Seč;1994-01-01;51;A;SK;1994;48,3040755;20,2380222;Slovensko;Banskobystrický kraj;okres Rimavská Sobota
Rimavská Sobota;1994-01-01;41;C;SK;1994;48,3833603;20,0180584;Slovensko;Banskobystrický kraj;okres Rimavská Sobota
Rimavské Brezovo;1994-01-01;40;D;SK;1994;48,5394932;19,9585708;Slovensko;Banskobystrický kraj;okres Rimavská Sobota
Rimavské Janovce;1994-01-01;51;A;SK;1994;48,3420514;20,0622148;Slovensko;Banskobystrický kraj;okres Rimavská Sobota
Rimavské Zalužany;2019-06-22;40;D;SK;2019;48,5003762;19,9356633;Slovensko;Banskobystrický kraj;okres Rimavská Sobota
Rišňovce;1998-05-03;47;B;SK;1998;48,3675323;17,8948501;Slovensko;Nitriansky kraj;okres Nitra
Robousy;;10;A;CZ;1899;#N/A;#N/A;#N/A;#N/A;#N/A
Ročov;;7;D;CZ;1899;#N/A;#N/A;#N/A;#N/A;#N/A
Rodinov;;19;D;CZ;1899;#N/A;#N/A;#N/A;#N/A;#N/A
Rodov;;10;B;CZ;1899;#N/A;#N/A;#N/A;#N/A;#N/A
Rohatec;2020-06-27;36;B;CZ;2020;#N/A;#N/A;#N/A;#N/A;#N/A
Rohle;;22;B;CZ;1899;#N/A;#N/A;#N/A;#N/A;#N/A
Rohovce;1996-05-19;47;C;SK;1996;47,9973151;17,4091289;Slovensko;Trnavský kraj;okres Dunajská Streda
Rohovládova Bělá;;10;C;CZ;1899;#N/A;#N/A;#N/A;#N/A;#N/A
Rohozec;;21;D;CZ;1899;#N/A;#N/A;#N/A;#N/A;#N/A
Rohozná (Jihlava);;20;C;CZ;1899;#N/A;#N/A;#N/A;#N/A;#N/A
Rohozná (Svitavy);;21;B;CZ;1899;#N/A;#N/A;#N/A;#N/A;#N/A
Rohožník;1998-06-01;36;D;SK;1998;49,1115086;21,7622178;Slovensko;Prešovský kraj;okres Humenné
Rochlov;;16;B;CZ;1899;#N/A;#N/A;#N/A;#N/A;#N/A
Rokycany (Prešov);2020-08-10;42;B;SK;2020;48,9610949;21,1422187;Slovensko;Prešovský kraj;okres Prešov
Rokycany (Rokycany);1994-01-01;17;A;CZ;1994;#N/A;#N/A;#N/A;#N/A;#N/A
Rokytnice (Přerov);1994-01-01;23;C;CZ;1994;#N/A;#N/A;#N/A;#N/A;#N/A
Rokytnice (Vsetín);2017-09-01;37;B;CZ;2017;#N/A;#N/A;#N/A;#N/A;#N/A
Rokytnice nad Jizerou;;4;A;CZ;1899;#N/A;#N/A;#N/A;#N/A;#N/A
Rokytnice nad Rokytnou;;20;D;CZ;1899;#N/A;#N/A;#N/A;#N/A;#N/A
Rokytnice v Orlických Horách;;11;D;CZ;1899;#N/A;#N/A;#N/A;#N/A;#N/A
Rokytno (Pardubice);;10;D;CZ;1899;#N/A;#N/A;#N/A;#N/A;#N/A
Rokytno (Žďár nad Sázavou);;21;A;CZ;1899;#N/A;#N/A;#N/A;#N/A;#N/A
Ronov nad Doubravou;;20;A;CZ;1899;#N/A;#N/A;#N/A;#N/A;#N/A
Ropice;1994-01-01;24;B;CZ;1994;#N/A;#N/A;#N/A;#N/A;#N/A
Roprachtice;;10;A;CZ;1899;#N/A;#N/A;#N/A;#N/A;#N/A
Rosice (Brno-venkov);2023-04-29;21;D;CZ;2023;#N/A;#N/A;#N/A;#N/A;#N/A
Rosice (Chrudim);;10;D;CZ;1899;#N/A;#N/A;#N/A;#N/A;#N/A
Rosice (Pardubice);;10;D;CZ;1899;#N/A;#N/A;#N/A;#N/A;#N/A
Rosina;1994-01-01;25;C;SK;1994;49,1833755;18,7666847;Slovensko;Žilinský kraj;okres Žilina
Rosovice;;18;A;CZ;1899;#N/A;#N/A;#N/A;#N/A;#N/A
Roštěnice;2019-09-06;22;C;CZ;2019;#N/A;#N/A;#N/A;#N/A;#N/A
Roškopov;;10;A;CZ;1899;#N/A;#N/A;#N/A;#N/A;#N/A
Roštár;1995-08-13;41;D;SK;1995;48,6925121;20,3502119;Slovensko;Košický kraj;okres Rožňava
Roštín;;22;D;CZ;1899;#N/A;#N/A;#N/A;#N/A;#N/A
Rotava;;6;A;CZ;1899;#N/A;#N/A;#N/A;#N/A;#N/A
Roudná;;19;C;CZ;1899;#N/A;#N/A;#N/A;#N/A;#N/A
Roudnice;;10;D;CZ;1899;#N/A;#N/A;#N/A;#N/A;#N/A
Roudnice nad Labem;;8;B;CZ;1899;#N/A;#N/A;#N/A;#N/A;#N/A
Roudno;;23;A;CZ;1899;#N/A;#N/A;#N/A;#N/A;#N/A
Rouchovany;;35;A;CZ;1899;#N/A;#N/A;#N/A;#N/A;#N/A
Roupov;;16;B;CZ;1899;#N/A;#N/A;#N/A;#N/A;#N/A
Rousínov (Rakovník);;7;D;CZ;1899;#N/A;#N/A;#N/A;#N/A;#N/A
Rousínov (Vyškov);2019-01-16;22;C;CZ;2019;#N/A;#N/A;#N/A;#N/A;#N/A
Rovečné;;21;B;CZ;1899;#N/A;#N/A;#N/A;#N/A;#N/A
Rovensko;2020-08-22;37;C;SK;2020;48,7128336;17,3768088;Slovensko;Trnavský kraj;okres Senica
Rovensko pod Troskami;;9;B;CZ;1899;#N/A;#N/A;#N/A;#N/A;#N/A
Rovinka;1994-01-01;46;B;SK;1994;48,097582;17,2361107;Slovensko;Bratislavský kraj;okres Senec
Rovňany;2019-06-22;40;D;SK;2019;48,4482698;19,740733;Slovensko;Banskobystrický kraj;okres Poltár
Rovné (Bardejov);2020-06-18;29;C;SK;2020;49,28166;21,51796;Slovakia;Prešovský kraj;okres Svidník
Rovné (Žďár nad Sázavou);;21;A;CZ;1899;#N/A;#N/A;#N/A;#N/A;#N/A
Rozdrojovice;;21;D;CZ;1899;#N/A;#N/A;#N/A;#N/A;#N/A
Rozhanovce;;43;A;SK;1899;48,7509719;21,34401;Slovensko;Košický kraj;okres Košice - okolie
Rozhraní;2005-08-28;21;B;CZ;2005;#N/A;#N/A;#N/A;#N/A;#N/A
Rozkoš;;34;B;CZ;1899;#N/A;#N/A;#N/A;#N/A;#N/A
Rozložná;;41;D;SK;1899;48,618522;20,3501528;Slovensko;Košický kraj;okres Rožňava
Rozseč;;20;C;CZ;1899;#N/A;#N/A;#N/A;#N/A;#N/A
Rozseč nad Kunštátem;;21;D;CZ;1899;#N/A;#N/A;#N/A;#N/A;#N/A
Rozsochatec;;20;A;CZ;1899;#N/A;#N/A;#N/A;#N/A;#N/A
Rozsochy;;21;C;CZ;1899;#N/A;#N/A;#N/A;#N/A;#N/A
Rozstání (Liberec);;3;B;CZ;1899;#N/A;#N/A;#N/A;#N/A;#N/A
Rozstání (Prostějov);;22;C;CZ;1899;#N/A;#N/A;#N/A;#N/A;#N/A
Roztoky (Praha-západ);;8;D;CZ;1899;#N/A;#N/A;#N/A;#N/A;#N/A
Roztoky (Rakovník);;7;D;CZ;1899;#N/A;#N/A;#N/A;#N/A;#N/A
Roztoky (Semily);;10;A;CZ;1899;#N/A;#N/A;#N/A;#N/A;#N/A
Rozvadov;1994-01-01;15;B;CZ;1994;#N/A;#N/A;#N/A;#N/A;#N/A
Rožďalovice;;9;B;CZ;1899;#N/A;#N/A;#N/A;#N/A;#N/A
Roželov;;17;B;CZ;1899;#N/A;#N/A;#N/A;#N/A;#N/A
Rožkovany;1994-01-01;28;C;SK;1994;49,1383472;20,9907009;Slovensko;Prešovský kraj;okres Sabinov
Rožmberk nad Vltavou;;32;D;CZ;1899;#N/A;#N/A;#N/A;#N/A;#N/A
Rožmitál pod Třemšínem;;17;B;CZ;1899;#N/A;#N/A;#N/A;#N/A;#N/A
Rožná;;21;C;CZ;1899;#N/A;#N/A;#N/A;#N/A;#N/A
Rožňava;1994-01-01;41;D;SK;1994;48,6620675;20,5328607;Slovensko;Košický kraj;okres Rožňava
Rožňavské Bystré;1995-08-13;41;D;SK;1995;48,6642752;20,4426677;Slovensko;Košický kraj;okres Rožňava
Rožnov pod Radhoštěm;1994-01-01;24;C;CZ;1994;#N/A;#N/A;#N/A;#N/A;#N/A
Rtyně nad Bílinou;;8;A;CZ;1899;#N/A;#N/A;#N/A;#N/A;#N/A
Rtyně v Podkrkonoší;;11;A;CZ;1899;#N/A;#N/A;#N/A;#N/A;#N/A
Rúbaň;1994-01-01;48;D;SK;1994;47,9284811;18,4015975;Slovensko;Nitriansky kraj;okres Nové Zámky
Ruda;;7;D;CZ;1899;#N/A;#N/A;#N/A;#N/A;#N/A
Ruda nad Moravou;;12;C;CZ;1899;#N/A;#N/A;#N/A;#N/A;#N/A
Rudice;;37;B;CZ;1899;#N/A;#N/A;#N/A;#N/A;#N/A
Rudíkov;;20;D;CZ;1899;#N/A;#N/A;#N/A;#N/A;#N/A
Rudina;1994-01-01;25;C;SK;1994;49,2863859;18,7435543;Slovensko;Žilinský kraj;okres Kysucké Nové Mesto
Rudinská;1995-07-26;25;C;SK;1995;49,3166667;18,7166667;Slovensko;Žilinský kraj;okres Kysucké Nové Mesto
Rudlová;1994-01-01;39;D;SK;1994;48,7509828;19,1631331;Slovensko;Banskobystrický kraj;okres Banská Bystrica
Rudná (Beroun);;8;C;CZ;1899;#N/A;#N/A;#N/A;#N/A;#N/A
Rudná (Rožňava);1995-08-13;41;D;SK;1995;48,6589847;20,4886172;Slovensko;Košický kraj;okres Rožňava
Rudná (Svitavy);;21;B;CZ;1899;#N/A;#N/A;#N/A;#N/A;#N/A
Rudná pod Pradědem;;13;C;CZ;1899;#N/A;#N/A;#N/A;#N/A;#N/A
Rudňany;;42;A;SK;1899;48,882696;20,6770082;Slovensko;Košický kraj;okres Spišská Nová Ves
Rudník (Košice);2021-05-22;42;D;SK;2021;48,6921841;21,0078226;Slovensko;Košický kraj;okres Košice - okolie
Rudník (Senica);2018-09-01;37;C;SK;2018;48,75772;17,63925;Slovakia;Trenčiansky kraj;okres Myjava
Rudno nad Hronom;1994-01-01;39;C;SK;1994;48,4306741;18,6845936;Slovensko;Banskobystrický kraj;okres Žarnovica
Rudolfov;;32;B;CZ;1899;#N/A;#N/A;#N/A;#N/A;#N/A
Rudoltice;1994-01-01;21;B;CZ;1994;#N/A;#N/A;#N/A;#N/A;#N/A
Rumanová;;47;B;SK;1899;48,3296162;17,8700046;Slovensko;Nitriansky kraj;okres Nitra
Rumburk;1997-05-30;2;B;CZ;1997;#N/A;#N/A;#N/A;#N/A;#N/A
Runina;;30;D;SK;1899;49,0725033;22,4028672;Slovensko;Prešovský kraj;okres Snina
Ruprechtice;;11;A;CZ;1899;#N/A;#N/A;#N/A;#N/A;#N/A
Ruprechtov;2019-09-05;22;C;CZ;2019;#N/A;#N/A;#N/A;#N/A;#N/A
Rusava;;23;D;CZ;1899;#N/A;#N/A;#N/A;#N/A;#N/A
Rusek;;10;D;CZ;1899;#N/A;#N/A;#N/A;#N/A;#N/A
Ruská Kajňa;2020-07-26;29;D;SK;2020;49,1166974;21,8377733;Slovensko;Prešovský kraj;okres Humenné
Ruská Nová Ves;;42;B;SK;1899;48,9770946;21,3245232;Slovensko;Prešovský kraj;okres Prešov
Ruská Poruba;;29;D;SK;1899;49,1400858;21,7912934;Slovensko;Prešovský kraj;okres Humenné
Ruské;;30;C;SK;1899;49,1081473;22,3461171;Slovensko;Prešovský kraj;okres Snina
Ruskov;2026-05-31;43;C;SK;2026;48,682449;21,4327227;Slovensko;Košický kraj;okres Košice - okolie
Ruský Hrabovec;;44;B;SK;1899;48,8550827;22,3535922;Slovensko;Košický kraj;okres Sobrance
Rusová;;6;B;CZ;1899;#N/A;#N/A;#N/A;#N/A;#N/A
Rusovce;1994-01-01;46;B;SK;1994;48,052647;17,1469174;Slovensko;Bratislavský kraj;
Růžďka;;23;D;CZ;1899;#N/A;#N/A;#N/A;#N/A;#N/A
Ružín;;42;B;SK;1899;48,8585418;21,0592703;Slovensko;Košický kraj;okres Gelnica
Ružiná;1994-01-01;40;C;SK;1994;48,4288044;19,5522076;Slovensko;Banskobystrický kraj;okres Lučenec
Ružindol;1994-01-01;47;A;SK;1994;48,3700107;17,4943815;Slovensko;Trnavský kraj;okres Trnava
Ružomberok;1994-01-01;39;B;SK;1994;49,0815718;19,3034168;Slovensko;Žilinský kraj;okres Ružomberok
Růžová;;2;B;CZ;1899;#N/A;#N/A;#N/A;#N/A;#N/A
Rváčov;;20;B;CZ;1899;#N/A;#N/A;#N/A;#N/A;#N/A
Rybany;2018-07-01;38;C;SK;2018;48,6672854;18,2605472;Slovensko;Trenčiansky kraj;okres Bánovce nad Bebravou
Rybí;2003-10-04;24;A;CZ;2003;#N/A;#N/A;#N/A;#N/A;#N/A
Rybitví;;10;D;CZ;1899;#N/A;#N/A;#N/A;#N/A;#N/A
Rybná nad Zdobnicí;;11;D;CZ;1899;#N/A;#N/A;#N/A;#N/A;#N/A
Rybník (Český Krumlov);;32;D;CZ;1899;#N/A;#N/A;#N/A;#N/A;#N/A
Rybník (Domažlice);;16;A;CZ;1899;#N/A;#N/A;#N/A;#N/A;#N/A
Rybník (Levice);1994-01-01;48;B;SK;1994;48,2923777;18,5612332;Slovensko;Nitriansky kraj;okres Levice
Rybník (Rimavská Sobota);2019-06-23;41;C;SK;2019;48,5487;20,12449;Slovakia;Banskobystrický kraj;okres Revúca
Rybník (Ústí nad Orlicí);;21;B;CZ;1899;#N/A;#N/A;#N/A;#N/A;#N/A
Rybniště;;2;B;CZ;1899;#N/A;#N/A;#N/A;#N/A;#N/A
Rychnov (Jablonec nad Nisou);;3;B;CZ;1899;#N/A;#N/A;#N/A;#N/A;#N/A
Rychnov (Svitavy);;21;B;CZ;1899;#N/A;#N/A;#N/A;#N/A;#N/A
Rychnov nad Kněžnou;2022-04-14;11;C;CZ;2022;#N/A;#N/A;#N/A;#N/A;#N/A
Rychnov nad Malší;;32;D;CZ;1899;#N/A;#N/A;#N/A;#N/A;#N/A
Rychnov u Nových Hradů;2024-03-30;32;B;CZ;2024;#N/A;#N/A;#N/A;#N/A;#N/A
Rychtářov;;22;C;CZ;1899;#N/A;#N/A;#N/A;#N/A;#N/A
Rychvald;;24;B;CZ;1899;#N/A;#N/A;#N/A;#N/A;#N/A
Rýmařov;;12;D;CZ;1899;#N/A;#N/A;#N/A;#N/A;#N/A
Rymice;;23;C;CZ;1899;#N/A;#N/A;#N/A;#N/A;#N/A
Rynárec;;19;D;CZ;1899;#N/A;#N/A;#N/A;#N/A;#N/A
RynhoIec;;7;D;CZ;1899;#N/A;#N/A;#N/A;#N/A;#N/A
Rynoltice;;3;A;CZ;1899;#N/A;#N/A;#N/A;#N/A;#N/A
Ryžoviště;;23;A;CZ;1899;#N/A;#N/A;#N/A;#N/A;#N/A
Řásná;2023-05-01;20;C;CZ;2023;#N/A;#N/A;#N/A;#N/A;#N/A
Řečany nad Labem;1994-01-01;10;C;CZ;1994;#N/A;#N/A;#N/A;#N/A;#N/A
Řecice;;20;D;CZ;1899;#N/A;#N/A;#N/A;#N/A;#N/A
Ředhošť;;8;A;CZ;1899;#N/A;#N/A;#N/A;#N/A;#N/A
Ředice;;18;B;CZ;1899;#N/A;#N/A;#N/A;#N/A;#N/A
Řehlovice;;8;A;CZ;1899;#N/A;#N/A;#N/A;#N/A;#N/A
Řehořov;;20;D;CZ;1899;#N/A;#N/A;#N/A;#N/A;#N/A
Řeka;;24;B;CZ;1899;#N/A;#N/A;#N/A;#N/A;#N/A
Řenče;;17;A;CZ;1899;#N/A;#N/A;#N/A;#N/A;#N/A
Řepeč;;18;D;CZ;1899;#N/A;#N/A;#N/A;#N/A;#N/A
Řepín;;9;A;CZ;1899;#N/A;#N/A;#N/A;#N/A;#N/A
Řepiště;2018-07-01;24;A;CZ;2018;#N/A;#N/A;#N/A;#N/A;#N/A
Řepníky;;21;A;CZ;1899;#N/A;#N/A;#N/A;#N/A;#N/A
Řeporyje;;8;D;CZ;1899;#N/A;#N/A;#N/A;#N/A;#N/A
Řepy;;8;D;CZ;1899;#N/A;#N/A;#N/A;#N/A;#N/A
Řetenice;;7;B;CZ;1899;#N/A;#N/A;#N/A;#N/A;#N/A
Řetová;;11;D;CZ;1899;#N/A;#N/A;#N/A;#N/A;#N/A
Řevnice;1995-07-29;8;C;CZ;1995;#N/A;#N/A;#N/A;#N/A;#N/A
Řevničov;;7;D;CZ;1899;#N/A;#N/A;#N/A;#N/A;#N/A
Řeznovice;;35;A;CZ;1899;#N/A;#N/A;#N/A;#N/A;#N/A
Řež;;8;D;CZ;1899;#N/A;#N/A;#N/A;#N/A;#N/A
Říčany (Brno-venkov);;21;D;CZ;1899;#N/A;#N/A;#N/A;#N/A;#N/A
Říčany (Praha-východ);2003-08-08;9;C;CZ;2003;#N/A;#N/A;#N/A;#N/A;#N/A
Říčky;;11;D;CZ;1899;#N/A;#N/A;#N/A;#N/A;#N/A
Řikovice;;23;C;CZ;1899;#N/A;#N/A;#N/A;#N/A;#N/A
Řimice;;22;A;CZ;1899;#N/A;#N/A;#N/A;#N/A;#N/A
Římov (České Budějovice);;32;B;CZ;1899;#N/A;#N/A;#N/A;#N/A;#N/A
Římov (Třebíč);;20;D;CZ;1899;#N/A;#N/A;#N/A;#N/A;#N/A
Sabinov;1994-01-01;28;D;SK;1994;49,102674;21,0973337;Slovensko;Prešovský kraj;okres Sabinov
Sačurov;;43;B;SK;1899;48,819611;21,6950491;Slovensko;Prešovský kraj;okres Vranov nad Topľou
Sádek;;21;A;CZ;1899;#N/A;#N/A;#N/A;#N/A;#N/A
Sadov;;6;B;CZ;1899;#N/A;#N/A;#N/A;#N/A;#N/A
Sadská;;9;D;CZ;1899;#N/A;#N/A;#N/A;#N/A;#N/A
Salka;1994-01-01;49;C;SK;1994;47,8874242;18,7537209;Slovensko;Nitriansky kraj;okres Nové Zámky
Samotíšky;;22;B;CZ;1899;#N/A;#N/A;#N/A;#N/A;#N/A
Santovka;1994-01-01;49;A;SK;1994;48,1564712;18,7637657;Slovensko;Nitriansky kraj;okres Levice
Sány;;9;D;CZ;1899;#N/A;#N/A;#N/A;#N/A;#N/A
Sása;1994-01-01;39;D;SK;1994;48,5637522;20,1084104;Slovensko;Banskobystrický kraj;okres Revúca
Sasinkovo;;47;B;SK;1899;48,3706697;17,8519422;Slovensko;Trnavský kraj;okres Hlohovec
Satalice;;8;D;CZ;1899;#N/A;#N/A;#N/A;#N/A;#N/A
Sázava (Kutná Hora);;19;A;CZ;1899;#N/A;#N/A;#N/A;#N/A;#N/A
Sázava (Ždár n. Sáz.);;20;B;CZ;1899;#N/A;#N/A;#N/A;#N/A;#N/A
Sázavka;;20;A;CZ;1899;#N/A;#N/A;#N/A;#N/A;#N/A
Sazdice;1994-01-01;49;A;SK;1994;48,0830814;18,8003778;Slovensko;Nitriansky kraj;okres Levice
Sazovice;;23;C;CZ;1899;#N/A;#N/A;#N/A;#N/A;#N/A
Sebedražie;1994-01-01;38;D;SK;1994;48,72972;18,6241331;Slovensko;Trenčiansky kraj;okres Prievidza
Sebechleby;1994-01-01;49;A;SK;1994;48,2747328;18,9526618;Slovensko;Banskobystrický kraj;okres Krupina
Sebranice (Blansko);;21;D;CZ;1899;#N/A;#N/A;#N/A;#N/A;#N/A
Sebranice (Svitavy);2005-08-28;21;A;CZ;2005;#N/A;#N/A;#N/A;#N/A;#N/A
Sebuzín;;8;A;CZ;1899;#N/A;#N/A;#N/A;#N/A;#N/A
Seč (Chrudim);;20;B;CZ;1899;#N/A;#N/A;#N/A;#N/A;#N/A
Seč (Plzeň-jih);;17;A;CZ;1899;#N/A;#N/A;#N/A;#N/A;#N/A
Sečianky;;49;B;SK;1899;48,0937269;19,0794457;Slovensko;Banskobystrický kraj;okres Veľký Krtíš
Sečovce;2002-09-28;43;B;SK;2002;48,7015059;21,6555995;Slovensko;Košický kraj;okres Trebišov
Sečovská Polianka;;43;B;SK;1899;48,7837273;21,680046;Slovensko;Prešovský kraj;okres Vranov nad Topľou
Sedlčany;;18;B;CZ;1899;#N/A;#N/A;#N/A;#N/A;#N/A
Sedlec (Břeclav);2002-11-23;36;A;CZ;2002;#N/A;#N/A;#N/A;#N/A;#N/A
Sedlec (Třebíč);;21;C;CZ;1899;#N/A;#N/A;#N/A;#N/A;#N/A
Sedlec-Prčice;;18;B;CZ;1899;#N/A;#N/A;#N/A;#N/A;#N/A
Sedlice (Pelhřimov);;19;D;CZ;1899;#N/A;#N/A;#N/A;#N/A;#N/A
Sedlice (Prešov);;42;B;SK;1899;48,9192647;21,1176794;Slovensko;Prešovský kraj;okres Prešov
Sedlice (Strakonice);;17;D;CZ;1899;#N/A;#N/A;#N/A;#N/A;#N/A
Sedliská;2020-07-26;43;B;SK;2020;48,9053599;21,7278892;Slovensko;Prešovský kraj;okres Vranov nad Topľou
Sedliště;;24;B;CZ;1899;#N/A;#N/A;#N/A;#N/A;#N/A
Sedlnice;2022-04-18;24;A;CZ;2022;#N/A;#N/A;#N/A;#N/A;#N/A
Sedloňov;;11;B;CZ;1899;#N/A;#N/A;#N/A;#N/A;#N/A
Sedmerovec;1998-09-13;38;A;SK;1998;49,0134048;18,1742166;Slovensko;Trenčiansky kraj;okres Ilava
Sedmihorky;;9;B;CZ;1899;#N/A;#N/A;#N/A;#N/A;#N/A
Sehradice;;37;B;CZ;1899;#N/A;#N/A;#N/A;#N/A;#N/A
Sekule;1994-01-01;36;C;SK;1994;48,6001318;17,0018092;Slovensko;Trnavský kraj;okres Senica
Selany;;49;B;SK;1899;48,1570281;19,1910569;Slovensko;Banskobystrický kraj;okres Veľký Krtíš
Selce;1994-01-01;39;B;SK;1994;48,7654811;19,2028636;Slovensko;Banskobystrický kraj;okres Banská Bystrica
Selec;2024-08-15;37;B;SK;2024;48,7855903;17,9901675;Slovensko;Trenčiansky kraj;okres Trenčín
Selice;2022-08-14;47;B;SK;2022;48,0934627;17,96585;Slovensko;Nitriansky kraj;okres Šaľa
Seloutky;;22;D;CZ;1899;#N/A;#N/A;#N/A;#N/A;#N/A
Semanín;;21;B;CZ;1899;#N/A;#N/A;#N/A;#N/A;#N/A
Semčice;;9;B;CZ;1899;#N/A;#N/A;#N/A;#N/A;#N/A
Semerovo;2024-08-04;48;B;SK;2024;48,0107758;18,357857;Slovensko;Nitriansky kraj;okres Nové Zámky
Semice;;9;C;CZ;1899;#N/A;#N/A;#N/A;#N/A;#N/A
Semily;;10;A;CZ;1899;#N/A;#N/A;#N/A;#N/A;#N/A
Semín;;10;C;CZ;1899;#N/A;#N/A;#N/A;#N/A;#N/A
Semněvice;;16;A;CZ;1899;#N/A;#N/A;#N/A;#N/A;#N/A
Semtěš;;10;C;CZ;1899;#N/A;#N/A;#N/A;#N/A;#N/A
Semtín;;10;D;CZ;1899;#N/A;#N/A;#N/A;#N/A;#N/A
Seňa;1994-01-01;42;D;SK;1994;48,5612902;21,2570724;Slovensko;Košický kraj;okres Košice - okolie
Sendražice;;9;D;CZ;1899;#N/A;#N/A;#N/A;#N/A;#N/A
Senec;1994-01-01;47;A;SK;1994;48,2199473;17,3969901;Slovensko;Bratislavský kraj;okres Senec
Senetářov;;22;C;CZ;1899;#N/A;#N/A;#N/A;#N/A;#N/A
Senica;1997-06-03;37;C;SK;1997;48,6787557;17,3661529;Slovensko;Trnavský kraj;okres Senica
Senice na Hané;;22;B;CZ;1899;#N/A;#N/A;#N/A;#N/A;#N/A
Senohraby;;9;C;CZ;1899;#N/A;#N/A;#N/A;#N/A;#N/A
Senohrad;;49;B;SK;1899;48,3572968;19,1975443;Slovensko;Banskobystrický kraj;okres Krupina
Senomaty;;7;D;CZ;1899;#N/A;#N/A;#N/A;#N/A;#N/A
Senorady;;35;A;CZ;1899;#N/A;#N/A;#N/A;#N/A;#N/A
Senožaty;;19;B;CZ;1899;#N/A;#N/A;#N/A;#N/A;#N/A
Sentice;;21;D;CZ;1899;#N/A;#N/A;#N/A;#N/A;#N/A
Sepekov;;18;D;CZ;1899;#N/A;#N/A;#N/A;#N/A;#N/A
Sereď;1994-01-01;47;B;SK;1994;48,2889032;17,7308808;Slovensko;Trnavský kraj;okres Galanta
Sezemice;;10;D;CZ;1899;#N/A;#N/A;#N/A;#N/A;#N/A
Sezimovo Ústí;2018-11-01;19;C;CZ;2018;#N/A;#N/A;#N/A;#N/A;#N/A
Sielnica;1994-01-01;39;D;SK;1994;49,1455044;19,5141698;Slovensko;Žilinský kraj;okres Liptovský Mikuláš
Sihelné;1994-01-01;26;C;SK;1994;49,5;19,4333333;Slovensko;Žilinský kraj;okres Námestovo
Sikenica;1994-01-01;49;A;SK;1994;48,0705354;18,7180848;Slovensko;Nitriansky kraj;okres Levice
Sikenička;1994-01-01;49;C;SK;1994;47,934344;18,6834497;Slovensko;Nitriansky kraj;okres Nové Zámky
Siladice;2018-07-01;47;B;SK;2018;48,3579717;17,7435202;Slovensko;Trnavský kraj;okres Hlohovec
Silica;2021-05-22;41;D;SK;2021;48,5555727;20,5219149;Slovensko;Košický kraj;okres Rožňava
Silická Brezová;1994-01-01;41;D;SK;1994;48,532727;20,4858915;Slovensko;Košický kraj;okres Rožňava
Silická Jablonica;2021-05-22;41;D;SK;2021;48,5587535;20,6100678;Slovensko;Košický kraj;okres Rožňava
Silůvky;;35;B;CZ;1899;#N/A;#N/A;#N/A;#N/A;#N/A
Sirk;1994-01-01;41;C;SK;1994;48,6189416;20,1007732;Slovensko;Banskobystrický kraj;okres Revúca
Skačany;2018-07-01;38;D;SK;2018;48,6611997;18,3787368;Slovensko;Trenčiansky kraj;okres Partizánske
Skalica;2009-12-15;36;B;SK;2009;48,8461007;17,2287837;Slovensko;Trnavský kraj;okres Skalica
Skalice (Česká Lípa);;2;B;CZ;1899;#N/A;#N/A;#N/A;#N/A;#N/A
Skalice (Hradec Králové);;10;D;CZ;1899;#N/A;#N/A;#N/A;#N/A;#N/A
Skalice nad Svitavou;;21;D;CZ;1899;#N/A;#N/A;#N/A;#N/A;#N/A
Skalité;1995-07-27;25;C;SK;1995;49,4988498;18,89702;Slovensko;Žilinský kraj;okres Čadca
Skalná;;5;D;CZ;1899;#N/A;#N/A;#N/A;#N/A;#N/A
Skály (Náchod);;11;A;CZ;1899;#N/A;#N/A;#N/A;#N/A;#N/A
Skály (Písek);1995-08-09;18;C;CZ;1995;#N/A;#N/A;#N/A;#N/A;#N/A
Skašov;;17;A;CZ;1899;#N/A;#N/A;#N/A;#N/A;#N/A
Skerešovo;2019-06-23;41;C;SK;2019;48,5037941;20,201553;Slovensko;Banskobystrický kraj;okres Revúca
Sklabiná;2018-07-01;50;A;SK;2018;48,1592289;19,356789;Slovensko;Banskobystrický kraj;okres Veľký Krtíš
Sklabiňa;1994-01-01;39;A;SK;1994;49,0454134;19,0033471;Slovensko;Žilinský kraj;okres Martin
Sklené;1996-08-13;39;A;SK;1996;48,7859503;18,8308543;Slovensko;Žilinský kraj;okres Turčianske Teplice
Sklené Teplice;1994-01-01;39;C;SK;1994;48,5272532;18,8637828;Slovensko;Banskobystrický kraj;okres Žiar nad Hronom
Sklenov;;24;A;CZ;1899;#N/A;#N/A;#N/A;#N/A;#N/A
Skočice;;17;A;CZ;1899;#N/A;#N/A;#N/A;#N/A;#N/A
Skochovice;;10;C;CZ;1899;#N/A;#N/A;#N/A;#N/A;#N/A
Skorošice;;12;D;CZ;1899;#N/A;#N/A;#N/A;#N/A;#N/A
Skořenice;;11;C;CZ;1899;#N/A;#N/A;#N/A;#N/A;#N/A
Skořice;;17;B;CZ;1899;#N/A;#N/A;#N/A;#N/A;#N/A
Skrbeň;;22;B;CZ;1899;#N/A;#N/A;#N/A;#N/A;#N/A
Skrbovice;;13;C;CZ;1899;#N/A;#N/A;#N/A;#N/A;#N/A
Skryje (Havlíčkův Brod);;20;A;CZ;1899;#N/A;#N/A;#N/A;#N/A;#N/A
Skryje (Rakovník);;7;D;CZ;1899;#N/A;#N/A;#N/A;#N/A;#N/A
Skřečoň;;24;B;CZ;1899;#N/A;#N/A;#N/A;#N/A;#N/A
Skřipov;;23;B;CZ;1899;#N/A;#N/A;#N/A;#N/A;#N/A
Skřípov;;22;A;CZ;1899;#N/A;#N/A;#N/A;#N/A;#N/A
Skřivany;;10;C;CZ;1899;#N/A;#N/A;#N/A;#N/A;#N/A
Skuhrov (Havlíčkův Brod);;20;A;CZ;1899;#N/A;#N/A;#N/A;#N/A;#N/A
Skuhrov (Jablonec nad Nisou);;3;B;CZ;1899;#N/A;#N/A;#N/A;#N/A;#N/A
Skuhrov nad Bělou;;11;C;CZ;1899;#N/A;#N/A;#N/A;#N/A;#N/A
Skuteč;;21;A;CZ;1899;#N/A;#N/A;#N/A;#N/A;#N/A
Skýcov;2018-07-01;38;D;SK;2018;48,5027104;18,4212973;Slovensko;Nitriansky kraj;okres Zlaté Moravce
Skyřice;;7;B;CZ;1899;#N/A;#N/A;#N/A;#N/A;#N/A
Slabce;;7;D;CZ;1899;#N/A;#N/A;#N/A;#N/A;#N/A
Sládečkovce;2019-09-16;47;B;SK;2019;48,2296737;17,9279917;Slovensko;Nitriansky kraj;okres Šaľa
Sládkovičovo;1994-01-01;47;A;SK;1994;48,2052983;17,6440484;Slovensko;Trnavský kraj;okres Galanta
Slaná;;10;A;CZ;1899;#N/A;#N/A;#N/A;#N/A;#N/A
Slaná Lehota;2019-06-22;40;D;SK;2019;48,4560402;19,8018244;Slovensko;Banskobystrický kraj;okres Poltár
Slanec;1994-01-01;43;C;SK;1994;48,636466;21,4788382;Slovensko;Košický kraj;okres Košice - okolie
Slanské Nové Mesto;1994-01-01;43;C;SK;1994;48,630219;21,5240372;Slovensko;Košický kraj;okres Košice - okolie
Slaný;1994-01-01;8;C;CZ;1994;#N/A;#N/A;#N/A;#N/A;#N/A
Slapany;;5;D;CZ;1899;#N/A;#N/A;#N/A;#N/A;#N/A
Slapy;;18;B;CZ;1899;#N/A;#N/A;#N/A;#N/A;#N/A
Slaská;1997-09-06;39;C;SK;1997;48,6584095;18,8366637;Slovensko;Banskobystrický kraj;okres Žiar nad Hronom
Slatina (Brno-město);;22;C;CZ;1899;#N/A;#N/A;#N/A;#N/A;#N/A
Slatina (Hradec Králové);;10;D;CZ;1899;#N/A;#N/A;#N/A;#N/A;#N/A
Slatina (Klatovy);;17;D;CZ;1899;#N/A;#N/A;#N/A;#N/A;#N/A
Slatina (Levice);1994-01-01;49;A;SK;1994;48,145755;18,9011102;Slovensko;Nitriansky kraj;okres Levice
Slatina (Nový Jičín);;23;B;CZ;1899;#N/A;#N/A;#N/A;#N/A;#N/A
Slatina nad Bebravou;2018-07-01;38;A;SK;2018;48,8368577;18,2638167;Slovensko;Trenčiansky kraj;okres Bánovce nad Bebravou
Slatina nad Úpou;;11;A;CZ;1899;#N/A;#N/A;#N/A;#N/A;#N/A
Slatina nad Zdobnicí;;11;D;CZ;1899;#N/A;#N/A;#N/A;#N/A;#N/A
Slatiňany;;10;D;CZ;1899;#N/A;#N/A;#N/A;#N/A;#N/A
Slatinice;;22;B;CZ;1899;#N/A;#N/A;#N/A;#N/A;#N/A
Slatinka;1994-01-01;39;D;SK;1994;48,8475154;18,24191;Slovensko;Trenčiansky kraj;okres Bánovce nad Bebravou
Slatinské Lazy;2018-07-01;39;D;SK;2018;48,5008944;19,302876;Slovensko;Banskobystrický kraj;okres Detva
Slatiny;;10;A;CZ;1899;#N/A;#N/A;#N/A;#N/A;#N/A
Slavec;1994-01-01;41;D;SK;1994;48,5869516;20,4677768;Slovensko;Košický kraj;okres Rožňava
Slavětín (Louny);;7;B;CZ;1899;#N/A;#N/A;#N/A;#N/A;#N/A
Slavětín (Olomouc);;22;A;CZ;1899;#N/A;#N/A;#N/A;#N/A;#N/A
Slavětín nad Metují;;11;A;CZ;1899;#N/A;#N/A;#N/A;#N/A;#N/A
Slavhostice;;10;A;CZ;1899;#N/A;#N/A;#N/A;#N/A;#N/A
Slavičín;2017-09-01;37;B;CZ;2017;#N/A;#N/A;#N/A;#N/A;#N/A
Slavkov (Opava);2022-04-16;13;D;CZ;2022;#N/A;#N/A;#N/A;#N/A;#N/A
Slavkov (Uherské Hradiště);;37;A;CZ;1899;#N/A;#N/A;#N/A;#N/A;#N/A
Slavkov u Brno;1998-08-01;22;C;CZ;1998;#N/A;#N/A;#N/A;#N/A;#N/A
Slavnica;1998-09-13;38;A;SK;1998;48,9982392;18,1813431;Slovensko;Trenčiansky kraj;okres Ilava
Slavonice;;34;A;CZ;1899;#N/A;#N/A;#N/A;#N/A;#N/A
Slavonín;;22;B;CZ;1899;#N/A;#N/A;#N/A;#N/A;#N/A
Slavošovce;2020-07-30;41;C;SK;2020;48,7120636;20,2854242;Slovensko;Košický kraj;okres Rožňava
Sľažany;2018-07-01;38;D;SK;2018;48,3868905;18,3280238;Slovensko;Nitriansky kraj;okres Zlaté Moravce
Slezské Rudoltice;;13;D;CZ;1899;#N/A;#N/A;#N/A;#N/A;#N/A
Slepčany;2023-08-19;48;B;SK;2023;48,3097563;18,3400511;Slovensko;Nitriansky kraj;okres Zlaté Moravce
Sliač;1994-01-01;39;D;SK;1994;48,6131806;19,1423663;Slovensko;Banskobystrický kraj;okres Zvolen
Sliač-kúpele;1994-01-01;39;D;SK;1994;48,6143659;19,149548;Slovensko;Banskobystrický kraj;okres Zvolen
Sliepkovce;;43;D;SK;1899;48,6729363;21,9457953;Slovensko;Košický kraj;okres Michalovce
Slivenec;;8;D;CZ;1899;#N/A;#N/A;#N/A;#N/A;#N/A
Slopné;;23;D;CZ;1899;#N/A;#N/A;#N/A;#N/A;#N/A
Sloup (Blansko);2022-04-13;22;C;CZ;2022;#N/A;#N/A;#N/A;#N/A;#N/A
Sloup (Česká Lípa);;3;A;CZ;1899;#N/A;#N/A;#N/A;#N/A;#N/A
Slověnice;;32;B;CZ;1899;#N/A;#N/A;#N/A;#N/A;#N/A
Slovenská Kajňa;2020-07-22;43;B;SK;2020;48,9666667;21,7;Slovensko;Prešovský kraj;okres Vranov nad Topľou
Slovenská Ľupča;1994-01-01;39;B;SK;1994;48,7673613;19,2759831;Slovensko;Banskobystrický kraj;okres Banská Bystrica
Slovenská Ves;1994-01-01;27;D;SK;1994;49,2256446;20,4257705;Slovensko;Prešovský kraj;okres Kežmarok
Slovenské Ďarmoty;2018-07-01;49;B;SK;2018;48,0905911;19,295209;Slovensko;Banskobystrický kraj;okres Veľký Krtíš
Slovenské Nové Mesto;;43;D;SK;1899;48,4014713;21,6685486;Slovensko;Košický kraj;okres Trebišov
Slovenské Pravno;1994-01-01;39;A;SK;1994;48,9077365;18,7587401;Slovensko;Žilinský kraj;okres Turčianske Teplice
Slovenský Grob;1994-01-01;46;B;SK;1994;48,2550032;17,2843332;Slovensko;Bratislavský kraj;okres Pezinok
Slovinky;1997-02-02;42;A;SK;1997;48,8793356;20,8441691;Slovensko;Košický kraj;okres Spišská Nová Ves
Slup;;35;A;CZ;1899;#N/A;#N/A;#N/A;#N/A;#N/A
Slušovice;;23;D;CZ;1899;#N/A;#N/A;#N/A;#N/A;#N/A
Služetín;;6;D;CZ;1899;#N/A;#N/A;#N/A;#N/A;#N/A
Smečno;;8;C;CZ;1899;#N/A;#N/A;#N/A;#N/A;#N/A
Smědeč;;32;A;CZ;1899;#N/A;#N/A;#N/A;#N/A;#N/A
Smetanova Lhota;;18;C;CZ;1899;#N/A;#N/A;#N/A;#N/A;#N/A
Smidary;;10;A;CZ;1899;#N/A;#N/A;#N/A;#N/A;#N/A
Smilkov;;18;B;CZ;1899;#N/A;#N/A;#N/A;#N/A;#N/A
Smilno;1996-07-27;28;D;SK;1996;49,3833333;21,35;Slovensko;Prešovský kraj;okres Bardejov
Smilovy Hory;;19;A;CZ;1899;#N/A;#N/A;#N/A;#N/A;#N/A
Smiřice;;10;D;CZ;1899;#N/A;#N/A;#N/A;#N/A;#N/A
Smižany;1994-01-01;41;B;SK;1994;48,9571845;20,522034;Slovensko;Košický kraj;okres Spišská Nová Ves
Smolenice;2002-02-02;37;C;SK;2002;48,5063832;17,4319834;Slovensko;Trnavský kraj;okres Trnava
Smolinské;2020-08-22;36;D;SK;2020;48,6750853;17,1294521;Slovensko;Trnavský kraj;okres Senica
Smolnice;;7;B;CZ;1899;#N/A;#N/A;#N/A;#N/A;#N/A
Smolnícka Huta;2021-05-22;42;A;SK;2021;48,7456398;20,7745822;Slovensko;Košický kraj;okres Gelnica
Smolník (Humenné);;30;C;SK;1899;49,1;22,28333;Slovakia;Prešovský kraj;okres Snina
Smolník (Spišská Nová Ves);2021-05-22;42;A;SK;2021;48,7293119;20,7390108;Slovensko;Košický kraj;okres Gelnica
Smolotely;;18;A;CZ;1899;#N/A;#N/A;#N/A;#N/A;#N/A
Smolov;;16;A;CZ;1899;#N/A;#N/A;#N/A;#N/A;#N/A
Smrčná;;20;C;CZ;1899;#N/A;#N/A;#N/A;#N/A;#N/A
Smrdáky;2020-08-22;36;D;SK;2020;48,7219541;17,3027341;Slovensko;Trnavský kraj;okres Senica
Smrk;;21;C;CZ;1899;#N/A;#N/A;#N/A;#N/A;#N/A
Smržice;;22;D;CZ;1899;#N/A;#N/A;#N/A;#N/A;#N/A
Smržovka;;3;B;CZ;1899;#N/A;#N/A;#N/A;#N/A;#N/A
Snakov;2020-08-08;28;D;SK;2020;49,3252291;21,0520655;Slovensko;Prešovský kraj;okres Bardejov
Sněžné;;21;A;CZ;1899;#N/A;#N/A;#N/A;#N/A;#N/A
Snina;2026-06-02;44;A;SK;2026;48,9900623;22,1556248;Slovensko;Prešovský kraj;okres Snina
Soběhrdy;;19;A;CZ;1899;#N/A;#N/A;#N/A;#N/A;#N/A
Soběchleby;;23;C;CZ;1899;#N/A;#N/A;#N/A;#N/A;#N/A
Soběkury;;16;B;CZ;1899;#N/A;#N/A;#N/A;#N/A;#N/A
Soběnov;;32;B;CZ;1899;#N/A;#N/A;#N/A;#N/A;#N/A
Soběslav;1994-01-01;19;C;CZ;1994;#N/A;#N/A;#N/A;#N/A;#N/A
Soběsuky;;17;C;CZ;1899;#N/A;#N/A;#N/A;#N/A;#N/A
Soběšice (Brno-venkov);;21;D;CZ;1899;#N/A;#N/A;#N/A;#N/A;#N/A
Soběšice (Klatovy);;17;D;CZ;1899;#N/A;#N/A;#N/A;#N/A;#N/A
Sobíňov;;20;B;CZ;1899;#N/A;#N/A;#N/A;#N/A;#N/A
Soblahov;2024-08-11;38;A;SK;2024;48,8637095;18,0779302;Slovensko;Trenčiansky kraj;okres Trenčín
Sobotín;;12;D;CZ;1899;#N/A;#N/A;#N/A;#N/A;#N/A
Sobotište;2018-09-01;37;C;SK;2018;48,7353356;17,4081628;Slovensko;Trnavský kraj;okres Senica
Sobotka;;9;B;CZ;1899;#N/A;#N/A;#N/A;#N/A;#N/A
Sobrance;;44;A;SK;1899;48,7446501;22,1806628;Slovensko;Košický kraj;okres Sobrance
Socovce;1994-01-01;39;A;SK;1994;48,95;18,8666667;Slovensko;Žilinský kraj;okres Martin
Sokolce;;47;D;SK;1899;47,8533391;17,827214;Slovensko;Nitriansky kraj;okres Komárno
Sokoleč;;9;D;CZ;1899;#N/A;#N/A;#N/A;#N/A;#N/A
Sokolnice;;36;A;CZ;1899;#N/A;#N/A;#N/A;#N/A;#N/A
Sokolov;;6;C;CZ;1899;#N/A;#N/A;#N/A;#N/A;#N/A
Soľ;;43;A;SK;1899;48,9269553;21,5982919;Slovensko;Prešovský kraj;okres Vranov nad Topľou
Solany;;8;A;CZ;1899;#N/A;#N/A;#N/A;#N/A;#N/A
Solčany;2018-07-01;38;C;SK;2018;48,5381226;18,2020323;Slovensko;Nitriansky kraj;okres Topoľčany
Solčianky;2018-07-01;38;C;SK;2018;48,6200755;18,1993162;Slovensko;Nitriansky kraj;okres Topoľčany
Solivar;;42;B;SK;1899;48,9766259;21,2721064;Slovensko;Prešovský kraj;okres Prešov
Solnice;2022-04-14;11;C;CZ;2022;#N/A;#N/A;#N/A;#N/A;#N/A
Sološnica;1998-06-01;36;D;SK;1998;48,4652416;17,2310008;Slovensko;Bratislavský kraj;okres Malacky
Somotor;;43;D;SK;1899;48,4039271;21,8093966;Slovensko;Košický kraj;okres Trebišov
Sopotnice;2022-04-14;11;D;CZ;2022;#N/A;#N/A;#N/A;#N/A;#N/A
Souš;;7;B;CZ;1899;#N/A;#N/A;#N/A;#N/A;#N/A
Sovinec;;22;B;CZ;1899;#N/A;#N/A;#N/A;#N/A;#N/A
Spálené Poříčí;;17;A;CZ;1899;#N/A;#N/A;#N/A;#N/A;#N/A
Spálenec;;16;C;CZ;1899;#N/A;#N/A;#N/A;#N/A;#N/A
Spálov;;23;B;CZ;1899;#N/A;#N/A;#N/A;#N/A;#N/A
Spišská Belá;1994-01-01;27;D;SK;1994;49,1893417;20,4544719;Slovensko;Prešovský kraj;okres Kežmarok
Spišská Nová Ves;1994-01-01;41;B;SK;1994;48,9435344;20,562964;Slovensko;Košický kraj;okres Spišská Nová Ves
Spišská Sobota;1994-01-01;41;A;SK;1994;49,0656773;20,3154212;Slovensko;Prešovský kraj;okres Poprad
Spišská Stará Ves;1994-01-01;27;C;SK;1994;49,383146;20,3598135;Slovensko;Prešovský kraj;okres Kežmarok
Spišská Teplica;1994-01-01;41;A;SK;1994;49,0473386;20,2492656;Slovensko;Prešovský kraj;okres Poprad
Spišské Bystré;1994-01-01;41;A;SK;1994;48,9921115;20,2438466;Slovensko;Prešovský kraj;okres Poprad
Spišské Hanušovce;1994-01-01;27;C;SK;1994;49,3316958;20,3446297;Slovensko;Prešovský kraj;okres Kežmarok
Spišské Podhradie;1994-01-01;42;A;SK;1994;49,000035;20,7510716;Slovensko;Prešovský kraj;okres Levoča
Spišské Tomášovce;1994-01-01;41;B;SK;1994;48,9610375;20,4727242;Slovensko;Košický kraj;okres Spišská Nová Ves
Spišské Vlachy;1994-01-01;42;A;SK;1994;48,9466482;20,7974076;Slovensko;Košický kraj;okres Spišská Nová Ves
Spišský Hrhov;1994-01-01;41;B;SK;1994;49,0014666;20,6407345;Slovensko;Prešovský kraj;okres Levoča
Spišský Hrušov;1994-01-01;42;A;SK;1994;48,9460642;20,7060513;Slovensko;Košický kraj;okres Spišská Nová Ves
Spišský Štiavnik;1994-01-01;41;B;SK;1994;48,9948021;20,3583507;Slovensko;Prešovský kraj;okres Poprad
Spišský Štvrtok;1994-01-01;41;B;SK;1994;49,0015088;20,4672229;Slovensko;Prešovský kraj;okres Levoča
Spomyšl;;8;B;CZ;1899;#N/A;#N/A;#N/A;#N/A;#N/A
Spořice;;7;A;CZ;1899;#N/A;#N/A;#N/A;#N/A;#N/A
Spytihněv;;37;A;CZ;1899;#N/A;#N/A;#N/A;#N/A;#N/A
Srbeč;;7;D;CZ;1899;#N/A;#N/A;#N/A;#N/A;#N/A
Srbice;;16;B;CZ;1899;#N/A;#N/A;#N/A;#N/A;#N/A
Srbín;;9;C;CZ;1899;#N/A;#N/A;#N/A;#N/A;#N/A
Srbská Kamenice;;2;B;CZ;1899;#N/A;#N/A;#N/A;#N/A;#N/A
Srbsko;1995-07-29;8;C;CZ;1995;#N/A;#N/A;#N/A;#N/A;#N/A
Srby;;16;A;CZ;1899;#N/A;#N/A;#N/A;#N/A;#N/A
Srch;;10;D;CZ;1899;#N/A;#N/A;#N/A;#N/A;#N/A
Srní;;31;A;CZ;1899;#N/A;#N/A;#N/A;#N/A;#N/A
Sruby;1994-01-01;11;C;CZ;1994;#N/A;#N/A;#N/A;#N/A;#N/A
Stádlec;;18;D;CZ;1899;#N/A;#N/A;#N/A;#N/A;#N/A
Stachy;;17;D;CZ;1899;#N/A;#N/A;#N/A;#N/A;#N/A
Stáj;;20;D;CZ;1899;#N/A;#N/A;#N/A;#N/A;#N/A
Stakčín;2026-06-01;44;A;SK;2026;49,0039415;22,2336337;Slovensko;Prešovský kraj;okres Snina
Staňkov (Domažlice);;16;B;CZ;1899;#N/A;#N/A;#N/A;#N/A;#N/A
Staňkov (Jindřichův Hradec);;33;A;CZ;1899;#N/A;#N/A;#N/A;#N/A;#N/A
Stankovany;1994-01-01;25;D;SK;1994;49,1461848;19,1716395;Slovensko;Žilinský kraj;okres Ružomberok
Staňkovice;;7;B;CZ;1899;#N/A;#N/A;#N/A;#N/A;#N/A
Stará Bělá;;24;A;CZ;1899;#N/A;#N/A;#N/A;#N/A;#N/A
Stará Bystrica;1994-01-01;25;C;SK;1994;49,3461424;18,9381402;Slovensko;Žilinský kraj;okres Čadca
Stará Červená Voda;;12;B;CZ;1899;#N/A;#N/A;#N/A;#N/A;#N/A
Stará Halič;1994-01-01;40;C;SK;1994;48,3665724;19,5738398;Slovensko;Banskobystrický kraj;okres Lučenec
Stará Hlína;1994-01-01;33;A;CZ;1994;#N/A;#N/A;#N/A;#N/A;#N/A
Stará Huť;;18;A;CZ;1899;#N/A;#N/A;#N/A;#N/A;#N/A
Stará Huta;2018-07-01;40;C;SK;2018;48,4733927;19,3434751;Slovensko;Banskobystrický kraj;okres Detva
Stará Kremnička;1994-01-01;39;C;SK;1994;48,602484;18,8878521;Slovensko;Banskobystrický kraj;okres Žiar nad Hronom
Stará Lesná;1994-01-01;27;C;SK;1994;49,1368294;20,3066302;Slovensko;Prešovský kraj;okres Kežmarok
Stará Libavá;;23;A;CZ;1899;#N/A;#N/A;#N/A;#N/A;#N/A
Stará Ľubovňa;1994-01-01;27;D;SK;1994;49,3001533;20,6889231;Slovensko;Prešovský kraj;okres Stará Ľubovňa
Stará Lysá;;9;C;CZ;1899;#N/A;#N/A;#N/A;#N/A;#N/A
Stará Paka;;10;A;CZ;1899;#N/A;#N/A;#N/A;#N/A;#N/A
Stará Role;;6;A;CZ;1899;#N/A;#N/A;#N/A;#N/A;#N/A
Stará Říše;2021-09-10;20;C;CZ;2021;#N/A;#N/A;#N/A;#N/A;#N/A
Stará Turá;2003-12-13;37;B;SK;2003;48,7782198;17,6948774;Slovensko;Trenčiansky kraj;okres Nové Mesto nad Váhom
Stará Ves (Bruntál);;12;D;CZ;1899;#N/A;#N/A;#N/A;#N/A;#N/A
Stará Ves (Přerov);;23;C;CZ;1899;#N/A;#N/A;#N/A;#N/A;#N/A
Stará Ves nad Ondřejnicí;;24;A;CZ;1899;#N/A;#N/A;#N/A;#N/A;#N/A
Stará Ves u Bílovce;;23;B;CZ;1899;#N/A;#N/A;#N/A;#N/A;#N/A
Stará Voda (Cheb);;6;C;CZ;1899;#N/A;#N/A;#N/A;#N/A;#N/A
Stará Voda (Spišská Nová Ves);1999-07-18;42;A;SK;1999;48,7999626;20,6759361;Slovensko;Košický kraj;okres Gelnica
Staré Buky;;10;B;CZ;1899;#N/A;#N/A;#N/A;#N/A;#N/A
Staré Čívice;;10;D;CZ;1899;#N/A;#N/A;#N/A;#N/A;#N/A
Staré Hamry;2004-02-14;24;D;CZ;2004;#N/A;#N/A;#N/A;#N/A;#N/A
Staré Heřminovy;;13;C;CZ;1899;#N/A;#N/A;#N/A;#N/A;#N/A
Staré Hobzí;;34;A;CZ;1899;#N/A;#N/A;#N/A;#N/A;#N/A
Staré Hory;1994-01-01;39;B;SK;1994;48,8385543;19,1147881;Slovensko;Banskobystrický kraj;okres Banská Bystrica
Staré Hradiště;;10;D;CZ;1899;#N/A;#N/A;#N/A;#N/A;#N/A
Staré Hrady;;9;B;CZ;1899;#N/A;#N/A;#N/A;#N/A;#N/A
Staré Křečany;;2;B;CZ;1899;#N/A;#N/A;#N/A;#N/A;#N/A
Staré Město (Bruntál);2022-04-15;13;C;CZ;2022;#N/A;#N/A;#N/A;#N/A;#N/A
Staré Město (Frýdek-Místek);;24;B;CZ;1899;#N/A;#N/A;#N/A;#N/A;#N/A
Staré Město (Svitavy);;22;A;CZ;1899;#N/A;#N/A;#N/A;#N/A;#N/A
Staré Město (Šumperk);;12;C;CZ;1899;#N/A;#N/A;#N/A;#N/A;#N/A
Staré Město pod Landštejnem;;33;B;CZ;1899;#N/A;#N/A;#N/A;#N/A;#N/A
Staré Město u Uherského Hradiště;1998-08-01;37;A;CZ;1998;#N/A;#N/A;#N/A;#N/A;#N/A
Staré Ransko;;20;B;CZ;1899;#N/A;#N/A;#N/A;#N/A;#N/A
Staré Sedliště;;16;A;CZ;1899;#N/A;#N/A;#N/A;#N/A;#N/A
Staré Sedlo (Písek);;18;A;CZ;1899;#N/A;#N/A;#N/A;#N/A;#N/A
Staré Sedlo (Tachov);;16;A;CZ;1899;#N/A;#N/A;#N/A;#N/A;#N/A
Staré Smrkovice;;10;A;CZ;1899;#N/A;#N/A;#N/A;#N/A;#N/A
Staré Splavy;;9;A;CZ;1899;#N/A;#N/A;#N/A;#N/A;#N/A
Staré Těchanovice;;23;B;CZ;1899;#N/A;#N/A;#N/A;#N/A;#N/A
Staré Ždánice;;10;D;CZ;1899;#N/A;#N/A;#N/A;#N/A;#N/A
Starina;;30;C;SK;1899;49,06667;22,26667;Slovakia;Prešovský kraj;okres Snina
Stárkov;;11;A;CZ;1899;#N/A;#N/A;#N/A;#N/A;#N/A
Starovičky;2001-06-16;36;A;CZ;2001;#N/A;#N/A;#N/A;#N/A;#N/A
Starý Bohumín;;24;A;CZ;1899;#N/A;#N/A;#N/A;#N/A;#N/A
Starý Bydžov;;10;C;CZ;1899;#N/A;#N/A;#N/A;#N/A;#N/A
Starý Dvůr;;20;A;CZ;1899;#N/A;#N/A;#N/A;#N/A;#N/A
Starý Hrádok;1994-01-01;48;B;SK;1994;48,1512068;18,6384184;Slovensko;Nitriansky kraj;okres Levice
Starý Hrozenkov;1998-08-01;37;B;CZ;1998;#N/A;#N/A;#N/A;#N/A;#N/A
Starý Jičín;;23;B;CZ;1899;#N/A;#N/A;#N/A;#N/A;#N/A
Starý Kolín;1994-01-01;10;C;CZ;1994;#N/A;#N/A;#N/A;#N/A;#N/A
Starý Plzenec;1995-08-09;17;A;CZ;1995;#N/A;#N/A;#N/A;#N/A;#N/A
Starý Poddvorov;;36;A;CZ;1899;#N/A;#N/A;#N/A;#N/A;#N/A
Starý Smokovec;1994-01-01;27;C;SK;1994;49,1414836;20,2221042;Slovensko;Prešovský kraj;okres Poprad
Starý Svojanov;;21;B;CZ;1899;#N/A;#N/A;#N/A;#N/A;#N/A
Starý Tekov;1994-01-01;48;B;SK;1994;48,2457673;18,5318476;Slovensko;Nitriansky kraj;okres Levice
Stařec;;20;D;CZ;1899;#N/A;#N/A;#N/A;#N/A;#N/A
Stařechovice;;22;D;CZ;1899;#N/A;#N/A;#N/A;#N/A;#N/A
Staříč;;24;A;CZ;1899;#N/A;#N/A;#N/A;#N/A;#N/A
Staškov;1995-07-26;25;C;SK;1995;49,4235748;18,6951166;Slovensko;Žilinský kraj;okres Čadca
Staškovce;2020-06-19;29;D;SK;2020;49,2795384;21,753625;Slovensko;Prešovský kraj;okres Stropkov
Stebnícka Huta;2020-06-20;28;D;SK;2020;49,4095518;21,2497497;Slovensko;Prešovský kraj;okres Bardejov
Stěbořice;;13;D;CZ;1899;#N/A;#N/A;#N/A;#N/A;#N/A
Stehelčeves;;8;C;CZ;1899;#N/A;#N/A;#N/A;#N/A;#N/A
Stěžery;;10;D;CZ;1899;#N/A;#N/A;#N/A;#N/A;#N/A
Stod;;16;B;CZ;1899;#N/A;#N/A;#N/A;#N/A;#N/A
Stodůlky;;8;D;CZ;1899;#N/A;#N/A;#N/A;#N/A;#N/A
Stonařov;;20;C;CZ;1899;#N/A;#N/A;#N/A;#N/A;#N/A
Stonavo;;24;B;CZ;1899;#N/A;#N/A;#N/A;#N/A;#N/A
Stožec;1995-08-06;31;B;CZ;1995;#N/A;#N/A;#N/A;#N/A;#N/A
Stožok;2018-07-01;40;C;SK;2018;48,5290788;19,3589426;Slovensko;Banskobystrický kraj;okres Detva
Stradouň;;11;C;CZ;1899;#N/A;#N/A;#N/A;#N/A;#N/A
Strachotice;;35;A;CZ;1899;#N/A;#N/A;#N/A;#N/A;#N/A
Strachotín;;35;B;CZ;1899;#N/A;#N/A;#N/A;#N/A;#N/A
Strakonice;1995-08-09;17;D;CZ;1995;#N/A;#N/A;#N/A;#N/A;#N/A
Straky;;9;D;CZ;1899;#N/A;#N/A;#N/A;#N/A;#N/A
Stráňany;1994-01-01;27;D;SK;1994;49,3677411;20,5407803;Slovensko;Prešovský kraj;okres Stará Ľubovňa
Stráňavy;;25;C;SK;1899;49,1712139;18,8193883;Slovensko;Žilinský kraj;okres Žilina
Strančice;2003-08-10;9;C;CZ;2003;#N/A;#N/A;#N/A;#N/A;#N/A
Strání;;37;B;CZ;1899;#N/A;#N/A;#N/A;#N/A;#N/A
Stránka;;9;A;CZ;1899;#N/A;#N/A;#N/A;#N/A;#N/A
Stránov;;9;A;CZ;1899;#N/A;#N/A;#N/A;#N/A;#N/A
Stránska;2002-09-28;41;C;SK;2002;48,4035359;20,2807336;Slovensko;Banskobystrický kraj;okres Rimavská Sobota
Stránske;2021-07-26;39;A;SK;2021;49,1189806;18,7052818;Slovensko;Žilinský kraj;okres Žilina
Stránské;;22;B;CZ;1899;#N/A;#N/A;#N/A;#N/A;#N/A
Strašice;;17;B;CZ;1899;#N/A;#N/A;#N/A;#N/A;#N/A
Strašín;;17;C;CZ;1899;#N/A;#N/A;#N/A;#N/A;#N/A
Straškov - Vodochody;1994-01-01;8;A;CZ;1994;#N/A;#N/A;#N/A;#N/A;#N/A
Strašov;;10;C;CZ;1899;#N/A;#N/A;#N/A;#N/A;#N/A
Stratená;1994-01-01;41;B;SK;1994;48,8710618;20,3417792;Slovensko;Košický kraj;okres Rožňava
Stratov;;9;C;CZ;1899;#N/A;#N/A;#N/A;#N/A;#N/A
Stráž;;16;A;CZ;1899;#N/A;#N/A;#N/A;#N/A;#N/A
Stráž nad Nežárkou;1994-01-01;33;A;CZ;1994;#N/A;#N/A;#N/A;#N/A;#N/A
Stráž nad Nisou;;3;B;CZ;1899;#N/A;#N/A;#N/A;#N/A;#N/A
Stráž nad Ohří;;6;B;CZ;1899;#N/A;#N/A;#N/A;#N/A;#N/A
Stráž pod Ralskem;;3;A;CZ;1899;#N/A;#N/A;#N/A;#N/A;#N/A
Strážek;;21;C;CZ;1899;#N/A;#N/A;#N/A;#N/A;#N/A
Streženice;1994-01-01;38;A;SK;1994;49,1078;18,30581;Slovakia;Trenčiansky kraj;okres Púchov
Stražisko;;22;A;CZ;1899;#N/A;#N/A;#N/A;#N/A;#N/A
Stražiště;;9;B;CZ;1899;#N/A;#N/A;#N/A;#N/A;#N/A
Strážkovice;;32;B;CZ;1899;#N/A;#N/A;#N/A;#N/A;#N/A
Strážky;1994-01-01;27;D;SK;1994;49,1740626;20,4567126;Slovensko;Prešovský kraj;okres Kežmarok
Strážné;;10;B;CZ;1899;#N/A;#N/A;#N/A;#N/A;#N/A
Strážnice;;36;B;CZ;1899;#N/A;#N/A;#N/A;#N/A;#N/A
Strážný;;31;B;CZ;1899;#N/A;#N/A;#N/A;#N/A;#N/A
Strážov;;16;D;CZ;1899;#N/A;#N/A;#N/A;#N/A;#N/A
Strážovice;;36;B;CZ;1899;#N/A;#N/A;#N/A;#N/A;#N/A
Strážske;2002-09-28;43;B;SK;2002;48,8746597;21,8337692;Slovensko;Košický kraj;okres Michalovce
Strečno;1994-01-01;25;C;SK;1994;49,1880017;18,8643093;Slovensko;Žilinský kraj;okres Žilina
Streda nad Bodrogom;;43;D;SK;1899;48,3752217;21,7548821;Slovensko;Košický kraj;okres Trebišov
Stredná Revúca;1994-01-01;39;B;SK;1994;48,9217436;19,1798668;Slovensko;Žilinský kraj;okres Ružomberok
Stredné Plachtince;2018-07-01;49;B;SK;2018;48,224054;19,2936379;Slovensko;Banskobystrický kraj;okres Veľký Krtíš
Stredné Turovce;1994-01-01;49;A;SK;1994;48,1084747;18,9461993;Slovensko;Nitriansky kraj;okres Levice
Stredný Sliač;1994-01-01;40;A;SK;1994;49,0546046;19,3888092;Slovensko;Žilinský kraj;okres Ružomberok
Strekov;1994-01-01;48;D;SK;1994;47,903913;18,4183144;Slovensko;Nitriansky kraj;okres Nové Zámky
Strelnice;2018-07-01;41;C;SK;2018;48,5134187;20,2547024;Slovensko;Banskobystrický kraj;okres Revúca
Strelníky;1994-01-01;40;C;SK;1994;48,7217604;19,3938069;Slovensko;Banskobystrický kraj;okres Banská Bystrica
Štretava;;44;C;SK;1899;48,6433901;22,0021974;Slovensko;Košický kraj;okres Michalovce
Striežovce;;41;C;SK;1899;48,5282492;20,0282585;Slovensko;Banskobystrický kraj;okres Rimavská Sobota
Strihovce;2026-06-01;44;A;SK;2026;48,8968059;22,2790016;Slovensko;Prešovský kraj;okres Snina
Strmilov;;19;D;CZ;1899;#N/A;#N/A;#N/A;#N/A;#N/A
Stročín;1996-07-10;29;C;SK;1996;49,2664878;21,5980323;Slovensko;Prešovský kraj;okres Svidník
Stropkov;2020-07-24;29;C;SK;2020;49,2020091;21,6521343;Slovensko;Prešovský kraj;okres Stropkov
Struhaře;;17;A;CZ;1899;#N/A;#N/A;#N/A;#N/A;#N/A
Struhařov (Benešov);;19;A;CZ;1899;#N/A;#N/A;#N/A;#N/A;#N/A
Struhařov (Praha-východ);;9;C;CZ;1899;#N/A;#N/A;#N/A;#N/A;#N/A
Strunkovice nad Blanicí;;32;A;CZ;1899;#N/A;#N/A;#N/A;#N/A;#N/A
Strupčice;;7;A;CZ;1899;#N/A;#N/A;#N/A;#N/A;#N/A
Stružinec;;10;A;CZ;1899;#N/A;#N/A;#N/A;#N/A;#N/A
Stružná;;6;D;CZ;1899;#N/A;#N/A;#N/A;#N/A;#N/A
Stružnice;;2;B;CZ;1899;#N/A;#N/A;#N/A;#N/A;#N/A
Středokluky;;8;C;CZ;1899;#N/A;#N/A;#N/A;#N/A;#N/A
Střelice (Brno-venkov);;21;D;CZ;1899;#N/A;#N/A;#N/A;#N/A;#N/A
Střelice (Olomouc);2026-05-24;22;B;CZ;2026;#N/A;#N/A;#N/A;#N/A;#N/A
Střelná;1994-01-01;24;C;CZ;1994;#N/A;#N/A;#N/A;#N/A;#N/A
Střelské Hoštice;1995-08-09;17;D;CZ;1995;#N/A;#N/A;#N/A;#N/A;#N/A
Střevač;;9;B;CZ;1899;#N/A;#N/A;#N/A;#N/A;#N/A
Střezimíř;;18;B;CZ;1899;#N/A;#N/A;#N/A;#N/A;#N/A
Stříbrná;;5;B;CZ;1899;#N/A;#N/A;#N/A;#N/A;#N/A
Stříbrná Skalice;;9;C;CZ;1899;#N/A;#N/A;#N/A;#N/A;#N/A
Stříbrnice (Šumperk);;12;C;CZ;1899;#N/A;#N/A;#N/A;#N/A;#N/A
Stříbrnice (Uherské Hradiště);;36;B;CZ;1899;#N/A;#N/A;#N/A;#N/A;#N/A
Stříbro;1994-01-01;16;B;CZ;1994;#N/A;#N/A;#N/A;#N/A;#N/A
Stříbřec;;33;A;CZ;1899;#N/A;#N/A;#N/A;#N/A;#N/A
Střílky;;36;B;CZ;1899;#N/A;#N/A;#N/A;#N/A;#N/A
Střítež (Jihlava);;20;C;CZ;1899;#N/A;#N/A;#N/A;#N/A;#N/A
Střítež (Třebíč);;20;D;CZ;1899;#N/A;#N/A;#N/A;#N/A;#N/A
Střítež (Vsetín);;24;C;CZ;1899;#N/A;#N/A;#N/A;#N/A;#N/A
Střítež (Žďár nad Sázavou);;21;C;CZ;1899;#N/A;#N/A;#N/A;#N/A;#N/A
Střítež nad Ludinou;;23;B;CZ;1899;#N/A;#N/A;#N/A;#N/A;#N/A
Studánka (Cheb);;5;A;CZ;1899;#N/A;#N/A;#N/A;#N/A;#N/A
Studánka (Tachov);;16;A;CZ;1899;#N/A;#N/A;#N/A;#N/A;#N/A
Studená;2021-09-10;19;D;CZ;2021;#N/A;#N/A;#N/A;#N/A;#N/A
Studená Loučka;;22;A;CZ;1899;#N/A;#N/A;#N/A;#N/A;#N/A
Studenec (Semily);;10;A;CZ;1899;#N/A;#N/A;#N/A;#N/A;#N/A
Studenec (Třebíč);;21;C;CZ;1899;#N/A;#N/A;#N/A;#N/A;#N/A
Studénka;1994-01-01;24;A;CZ;1994;#N/A;#N/A;#N/A;#N/A;#N/A
Studienka;1998-06-01;36;D;SK;1998;48,5266791;17,1367028;Slovensko;Bratislavský kraj;okres Malacky
Studnice (Chrudim);;20;B;CZ;1899;#N/A;#N/A;#N/A;#N/A;#N/A
Studnice (Vyškov);;22;C;CZ;1899;#N/A;#N/A;#N/A;#N/A;#N/A
Stuľany;2025-06-10;29;C;SK;2025;49,1420566;21,4058627;Slovensko;Prešovský kraj;okres Bardejov
Stupava;1994-01-01;46;B;SK;1994;48,273044;17,0329528;Slovensko;Bratislavský kraj;okres Malacky
Stupné;2023-05-06;24;D;SK;2023;49,1943532;18,4398735;Slovensko;Trenčiansky kraj;okres Považská Bystrica
Stupno;;17;A;CZ;1899;#N/A;#N/A;#N/A;#N/A;#N/A
Stvolínky;;8;B;CZ;1899;#N/A;#N/A;#N/A;#N/A;#N/A
Stvolny;;7;C;CZ;1899;#N/A;#N/A;#N/A;#N/A;#N/A
Sučany;1994-01-01;39;A;SK;1994;49,0990866;18,9937678;Slovensko;Žilinský kraj;okres Martin
Sudice (Blansko);;22;C;CZ;1899;#N/A;#N/A;#N/A;#N/A;#N/A
Sudice (Opava);;14;C;CZ;1899;#N/A;#N/A;#N/A;#N/A;#N/A
Sudkov;;22;A;CZ;1899;#N/A;#N/A;#N/A;#N/A;#N/A
Sudoměřice;;36;B;CZ;1899;#N/A;#N/A;#N/A;#N/A;#N/A
Sudoměřice u Bechyně;;18;D;CZ;1899;#N/A;#N/A;#N/A;#N/A;#N/A
Sudoměřice u Tábora;1994-01-01;19;A;CZ;1994;#N/A;#N/A;#N/A;#N/A;#N/A
Súdovce;1994-01-01;49;A;SK;1994;48,2091925;18,8360406;Slovensko;Banskobystrický kraj;okres Krupina
Sudovo Hlavno;;9;C;CZ;1899;#N/A;#N/A;#N/A;#N/A;#N/A
Suchá;;10;D;CZ;1899;#N/A;#N/A;#N/A;#N/A;#N/A
Suchá Hora;1994-01-01;26;D;SK;1994;49,3660791;19,7897018;Slovensko;Žilinský kraj;okres Tvrdošín
Suchá Loz;;37;B;CZ;1899;#N/A;#N/A;#N/A;#N/A;#N/A
Suchá nad Parnou;2022-01-22;37;C;SK;2022;48,4123658;17,48995;Slovensko;Trnavský kraj;okres Trnava
Sucháň;;49;B;SK;1899;48,3134759;19,2223424;Slovensko;Banskobystrický kraj;okres Veľký Krtíš
Suchdol (Kutná Hora);;9;D;CZ;1899;#N/A;#N/A;#N/A;#N/A;#N/A
Suchdol (Praha-západ);;8;D;CZ;1899;#N/A;#N/A;#N/A;#N/A;#N/A
Suchdol (Prostějov);;22;A;CZ;1899;#N/A;#N/A;#N/A;#N/A;#N/A
Suchdol nad Lužnicí;1994-01-01;33;A;CZ;1994;#N/A;#N/A;#N/A;#N/A;#N/A
Suchdol nad Odrou;1994-01-01;23;B;CZ;1994;#N/A;#N/A;#N/A;#N/A;#N/A
Suché;;43;B;SK;1899;48,7659706;21,8369819;Slovensko;Košický kraj;okres Michalovce
Suché Brezovo;;50;A;SK;1899;48,3083864;19,3593352;Slovensko;Banskobystrický kraj;okres Veľký Krtíš
Suché Lazce;;23;B;CZ;1899;#N/A;#N/A;#N/A;#N/A;#N/A
Suchohrad;1995-04-29;36;C;SK;1995;48,4070841;16,856987;Slovensko;Bratislavský kraj;okres Malacky
Suchohrdly u Miroslavi;;35;B;CZ;1899;#N/A;#N/A;#N/A;#N/A;#N/A
Suchomasty;;8;C;CZ;1899;#N/A;#N/A;#N/A;#N/A;#N/A
Suchov;;37;A;CZ;1899;#N/A;#N/A;#N/A;#N/A;#N/A
Suchý Důl;;11;A;CZ;1899;#N/A;#N/A;#N/A;#N/A;#N/A
Sukorady (Jičín);;10;A;CZ;1899;#N/A;#N/A;#N/A;#N/A;#N/A
Sukorady (Litoměřice);;8;B;CZ;1899;#N/A;#N/A;#N/A;#N/A;#N/A
Sulice;1994-01-01;8;D;CZ;1994;#N/A;#N/A;#N/A;#N/A;#N/A
Sulimov;;23;C;CZ;1899;#N/A;#N/A;#N/A;#N/A;#N/A
Sulín;2022-07-10;28;C;SK;2022;49,3632659;20,7541513;Slovensko;Prešovský kraj;okres Stará Ľubovňa
Sulkovec;;21;A;CZ;1899;#N/A;#N/A;#N/A;#N/A;#N/A
Súľov - Hradná;2021-05-29;24;D;SK;2021;49,1649183;18,5878333;Slovensko;Žilinský kraj;okres Bytča
Súlovce;2018-07-01;38;C;SK;2018;48,4645652;18,1691573;Slovensko;Nitriansky kraj;okres Topoľčany
Supíkovice;;12;D;CZ;1899;#N/A;#N/A;#N/A;#N/A;#N/A
Sušany;2019-06-22;40;D;SK;2019;48,4101272;19,8898276;Slovensko;Banskobystrický kraj;okres Poltár
Sušice;;17;C;CZ;1899;#N/A;#N/A;#N/A;#N/A;#N/A
Sútor;;51;A;SK;1899;48,350631;20,1230022;Slovensko;Banskobystrický kraj;okres Rimavská Sobota
Svádov;;2;A;CZ;1899;#N/A;#N/A;#N/A;#N/A;#N/A
Svarín;1998-06-29;40;B;SK;1998;49,0113287;19,853737;Slovensko;Žilinský kraj;okres Liptovský Mikuláš
Svárov;;3;B;CZ;1899;#N/A;#N/A;#N/A;#N/A;#N/A
Svatá;;8;C;CZ;1899;#N/A;#N/A;#N/A;#N/A;#N/A
Svatá Maří;;31;B;CZ;1899;#N/A;#N/A;#N/A;#N/A;#N/A
Svatava;;6;C;CZ;1899;#N/A;#N/A;#N/A;#N/A;#N/A
Svatobořice;;36;B;CZ;1899;#N/A;#N/A;#N/A;#N/A;#N/A
Svätoplukovo;2019-09-16;48;A;SK;2019;48,2275708;18,0543483;Slovensko;Nitriansky kraj;okres Nitra
Svatoslav (Brno-venkov);;21;C;CZ;1899;#N/A;#N/A;#N/A;#N/A;#N/A
Svatoslav (Jihlava);;20;D;CZ;1899;#N/A;#N/A;#N/A;#N/A;#N/A
Svatý Jan;;18;B;CZ;1899;#N/A;#N/A;#N/A;#N/A;#N/A
Svatý Jan nad Matší;;32;B;CZ;1899;#N/A;#N/A;#N/A;#N/A;#N/A
Svaty Jan pod Skalou;2018-07-01;8;C;CZ;2018;#N/A;#N/A;#N/A;#N/A;#N/A
Svätý Kríž;1994-01-01;40;A;SK;1994;49,0507373;19,5348217;Slovensko;Žilinský kraj;okres Liptovský Mikuláš
Svébohov;;22;A;CZ;1899;#N/A;#N/A;#N/A;#N/A;#N/A
Svederník;1994-01-01;24;D;SK;1994;49,2636153;18,6457761;Slovensko;Žilinský kraj;okres Žilina
Svéradice;;17;D;CZ;1899;#N/A;#N/A;#N/A;#N/A;#N/A
Sverepec;1994-01-01;38;B;SK;1994;49,0828792;18,406933;Slovensko;Trenčiansky kraj;okres Považská Bystrica
Světec;;7;B;CZ;1899;#N/A;#N/A;#N/A;#N/A;#N/A
Světlá;2022-04-15;13;C;CZ;2022;#N/A;#N/A;#N/A;#N/A;#N/A
Světlá nad Sázavou;;20;A;CZ;1899;#N/A;#N/A;#N/A;#N/A;#N/A
Světlá pod Ještědem;;3;B;CZ;1899;#N/A;#N/A;#N/A;#N/A;#N/A
Svetlice;;30;C;SK;1899;49,1649768;22,0376539;Slovensko;Prešovský kraj;okres Medzilaborce
Světlík;;32;A;CZ;1899;#N/A;#N/A;#N/A;#N/A;#N/A
Světnov;;20;B;CZ;1899;#N/A;#N/A;#N/A;#N/A;#N/A
Svidnička;2020-06-19;29;C;SK;2020;49,3826938;21,5698281;Slovensko;Prešovský kraj;okres Svidník
Svidník;1996-07-10;29;C;SK;1996;49,3085082;21,5733508;Slovensko;Prešovský kraj;okres Svidník
Svinaře;;8;C;CZ;1899;#N/A;#N/A;#N/A;#N/A;#N/A
Svinica;2002-09-28;43;A;SK;2002;48,7336635;21,4639034;Slovensko;Košický kraj;okres Košice - okolie
Svinná;2003-12-30;38;A;SK;2003;48,7851546;18,161449;Slovensko;Trenčiansky kraj;okres Trenčín
Svinov;;24;A;CZ;1899;#N/A;#N/A;#N/A;#N/A;#N/A
Svit;1994-01-01;41;A;SK;1994;49,0582357;20,1965291;Slovensko;Prešovský kraj;okres Poprad
Svitávka;;21;D;CZ;1899;#N/A;#N/A;#N/A;#N/A;#N/A
Svitavy;2005-08-28;21;B;CZ;2005;#N/A;#N/A;#N/A;#N/A;#N/A
Svítkov;1994-01-01;10;D;CZ;1994;#N/A;#N/A;#N/A;#N/A;#N/A
Svoboda nad Úpou;;10;B;CZ;1899;#N/A;#N/A;#N/A;#N/A;#N/A
Svobodné Dvory;;10;D;CZ;1899;#N/A;#N/A;#N/A;#N/A;#N/A
Svobodné Heřmanice;;13;D;CZ;1899;#N/A;#N/A;#N/A;#N/A;#N/A
Svodín;1994-01-01;48;D;SK;1994;47,9119926;18,4980838;Slovensko;Nitriansky kraj;okres Nové Zámky
Svodov;1994-01-01;49;A;SK;1994;48,079961;18,6539295;Slovensko;Nitriansky kraj;okres Levice
Svojanov;;21;B;CZ;1899;#N/A;#N/A;#N/A;#N/A;#N/A
Svojetín;;7;D;CZ;1899;#N/A;#N/A;#N/A;#N/A;#N/A
Svojšice (Kolín);;9;D;CZ;1899;#N/A;#N/A;#N/A;#N/A;#N/A
Svojšice (Příbram);;18;A;CZ;1899;#N/A;#N/A;#N/A;#N/A;#N/A
Svojšín;;16;A;CZ;1899;#N/A;#N/A;#N/A;#N/A;#N/A
Svor;1997-05-30;3;A;CZ;1997;#N/A;#N/A;#N/A;#N/A;#N/A
Svratka;;21;A;CZ;1899;#N/A;#N/A;#N/A;#N/A;#N/A
Svratouch;;21;A;CZ;1899;#N/A;#N/A;#N/A;#N/A;#N/A
Svrčinovec;1994-01-01;25;C;SK;1994;49,4807599;18,7929897;Slovensko;Žilinský kraj;okres Čadca
Sychrov;;9;B;CZ;1899;#N/A;#N/A;#N/A;#N/A;#N/A
Syrovice;;35;B;CZ;1899;#N/A;#N/A;#N/A;#N/A;#N/A
Syrovín;;36;B;CZ;1899;#N/A;#N/A;#N/A;#N/A;#N/A
Šaca;1994-01-01;42;D;SK;1994;48,6318242;21,1712124;Slovensko;Košický kraj;
Šafárikovo;2002-09-28;41;D;SK;2002;48,4221599;20,3232507;Slovensko;Banskobystrický kraj;okres Revúca
Šafov;;34;B;CZ;1899;#N/A;#N/A;#N/A;#N/A;#N/A
Šahy;1994-01-01;49;A;SK;1994;48,0693466;18,9482971;Slovensko;Nitriansky kraj;okres Levice
Šakvice;1994-01-01;36;A;CZ;1994;#N/A;#N/A;#N/A;#N/A;#N/A
Šaľa;1994-01-01;47;B;SK;1994;48,151379;17,8748587;Slovensko;Nitriansky kraj;okres Šaľa
Šalgovce;;37;D;SK;1899;48,5251767;17,8968092;Slovensko;Nitriansky kraj;okres Topoľčany
Šalková;1994-01-01;39;D;SK;1994;48,7400818;19,2246597;Slovensko;Banskobystrický kraj;okres Banská Bystrica
Šambron;2002-07-24;28;C;SK;2002;49,2254403;20,7497415;Slovensko;Prešovský kraj;okres Stará Ľubovňa
Šamorín;1994-01-01;46;B;SK;1994;48,0275832;17,3115709;Slovensko;Trnavský kraj;okres Dunajská Streda
Šamša;2021-05-22;42;D;SK;2021;48,141566;17,1058335;Slovensko;Bratislavský kraj;
Šanov (Gottwaldov);;37;B;CZ;1899;#N/A;#N/A;#N/A;#N/A;#N/A
Šanov (Rakovník);;7;D;CZ;1899;#N/A;#N/A;#N/A;#N/A;#N/A
Šanov (Znojmo);;35;B;CZ;1899;#N/A;#N/A;#N/A;#N/A;#N/A
Šaplava;;10;A;CZ;1899;#N/A;#N/A;#N/A;#N/A;#N/A
Šaratice;;36;A;CZ;1899;#N/A;#N/A;#N/A;#N/A;#N/A
Šarbov;2020-06-19;29;C;SK;2020;49,4275325;21,630318;Slovensko;Prešovský kraj;okres Svidník
Šardice;;36;B;CZ;1899;#N/A;#N/A;#N/A;#N/A;#N/A
Šarišské Bohdanovce;2025-06-10;42;B;SK;2025;48,8459998;21,3171687;Slovensko;Prešovský kraj;okres Prešov
Šarišské Čierne;2020-06-20;29;C;SK;2020;49,3450406;21,382666;Slovensko;Prešovský kraj;okres Bardejov
Šarišské Jastrabie;2020-08-09;28;C;SK;2020;49,2435397;20,9101676;Slovensko;Prešovský kraj;okres Stará Ľubovňa
Šarišské Lúky;2025-06-10;42;B;SK;2025;49,0148991;21,2624685;Slovensko;Prešovský kraj;okres Prešov
Šarišské Michaľany;1994-01-01;42;B;SK;1994;49,070008;21,1355871;Slovensko;Prešovský kraj;okres Sabinov
Šariššké Sokolovce;2020-08-09;28;D;SK;2020;49,1066091;21,1658029;Slovensko;Prešovský kraj;okres Sabinov
Šarovce;1994-01-01;48;B;SK;1994;48,1031748;18,6363118;Slovensko;Nitriansky kraj;okres Levice
Šášovské Podhradie;1994-01-01;39;C;SK;1994;48,5755647;18,8987561;Slovensko;Banskobystrický kraj;okres Žiar nad Hronom
Šaštín- Stráže;2018-07-01;36;D;SK;2018;48,6380414;17,1439377;Slovensko;Trnavský kraj;okres Senica
Šatov;;35;A;CZ;1899;#N/A;#N/A;#N/A;#N/A;#N/A
Šávoľ;1994-01-01;50;B;SK;1994;48,304494;19,8256097;Slovensko;Banskobystrický kraj;okres Lučenec
Šebestěnice;;20;A;CZ;1899;#N/A;#N/A;#N/A;#N/A;#N/A
Šebešťanová;1994-01-01;24;D;SK;1994;49,1605071;18,4605131;Slovensko;Trenčiansky kraj;okres Považská Bystrica
Šebetov;;22;A;CZ;1899;#N/A;#N/A;#N/A;#N/A;#N/A
Šebkovice;;34;B;CZ;1899;#N/A;#N/A;#N/A;#N/A;#N/A
Šebrov;;21;D;CZ;1899;#N/A;#N/A;#N/A;#N/A;#N/A
Šemetkovce;2020-06-19;29;C;SK;2020;49,3097055;21,660905;Slovensko;Prešovský kraj;okres Svidník
Šemša;;42;D;SK;1899;48,6750943;21,1139033;Slovensko;Košický kraj;okres Košice - okolie
Šenkvice;1994-01-01;47;A;SK;1994;48,3000477;17,3475365;Slovensko;Bratislavský kraj;okres Pezinok
Šenov;1994-01-01;24;B;CZ;1994;#N/A;#N/A;#N/A;#N/A;#N/A
Šerlich;;11;B;CZ;1899;#N/A;#N/A;#N/A;#N/A;#N/A
Ševětín;;32;B;CZ;1899;#N/A;#N/A;#N/A;#N/A;#N/A
Šilheřovice;;14;C;CZ;1899;#N/A;#N/A;#N/A;#N/A;#N/A
Šimonovce;;51;A;SK;1899;48,2727599;20,1124972;Slovensko;Banskobystrický kraj;okres Rimavská Sobota
Šindelová;;6;A;CZ;1899;#N/A;#N/A;#N/A;#N/A;#N/A
Šintava;1994-01-01;47;B;SK;1994;48,2844464;17,7555257;Slovensko;Trnavský kraj;okres Galanta
Šipice;1994-01-01;49;A;SK;1994;48,2235871;18,9271018;Slovensko;Banskobystrický kraj;okres Krupina
Šipkov;2018-07-01;38;A;SK;2018;48,8522737;18,2956218;Slovensko;Trenčiansky kraj;okres Bánovce nad Bebravou
Širkovce;;51;A;SK;1899;48,2912691;20,0849297;Slovensko;Banskobystrický kraj;okres Rimavská Sobota
Široká Niva;;13;C;CZ;1899;#N/A;#N/A;#N/A;#N/A;#N/A
Široké;1994-01-01;42;A;SK;1994;48,9989982;20,9429896;Slovensko;Prešovský kraj;okres Prešov
Šišov;2018-07-01;38;C;SK;2018;48,6569743;18,1795334;Slovensko;Trenčiansky kraj;okres Bánovce nad Bebravou
Šitbořice;;36;A;CZ;1899;#N/A;#N/A;#N/A;#N/A;#N/A
Škrdlovice;;20;B;CZ;1899;#N/A;#N/A;#N/A;#N/A;#N/A
Škvorec;2003-08-08;9;C;CZ;2003;#N/A;#N/A;#N/A;#N/A;#N/A
Škvořetice;;17;D;CZ;1899;#N/A;#N/A;#N/A;#N/A;#N/A
Šlapanice;;22;C;CZ;1899;#N/A;#N/A;#N/A;#N/A;#N/A
Šlapanov;;20;B;CZ;1899;#N/A;#N/A;#N/A;#N/A;#N/A
Šluknov;;2;B;CZ;1899;#N/A;#N/A;#N/A;#N/A;#N/A
Šonov;;11;B;CZ;1899;#N/A;#N/A;#N/A;#N/A;#N/A
Šonov u Nového Města nad Metují;;11;A;CZ;1899;#N/A;#N/A;#N/A;#N/A;#N/A
Šoporňa;2019-11-05;47;B;SK;2019;48,2537301;17,8174915;Slovensko;Trnavský kraj;okres Galanta
Šošůvka;;22;C;CZ;1899;#N/A;#N/A;#N/A;#N/A;#N/A
Špačince;2018-07-01;37;C;SK;2018;48,4393731;17,6091021;Slovensko;Trnavský kraj;okres Trnava
Špania Dolina;1994-01-01;39;B;SK;1994;48,8074695;19,134012;Slovensko;Banskobystrický kraj;okres Banská Bystrica
Španie Pole;2019-06-23;41;C;SK;2019;48,5203073;20,1261043;Slovensko;Banskobystrický kraj;okres Rimavská Sobota
Špičák;1995-07-31;16;D;CZ;1995;#N/A;#N/A;#N/A;#N/A;#N/A
Špindlerův Mlýn;;4;A;CZ;1899;#N/A;#N/A;#N/A;#N/A;#N/A
Šrobárová;1994-01-01;48;D;SK;1994;47,8042358;18,3227554;Slovensko;Nitriansky kraj;okres Komárno
Šťáhlavy;1995-08-09;17;A;CZ;1995;#N/A;#N/A;#N/A;#N/A;#N/A
Štarnov;;22;B;CZ;1899;#N/A;#N/A;#N/A;#N/A;#N/A
Štědrá;;6;D;CZ;1899;#N/A;#N/A;#N/A;#N/A;#N/A
Štefanov;2020-08-22;36;D;SK;2020;48,6775328;17,1998548;Slovensko;Trnavský kraj;okres Senica
Štefanovce;;43;B;SK;1899;49,041447;20,9722558;Slovensko;Prešovský kraj;okres Prešov
Štefanov nad Oravou;1994-01-01;26;C;SK;1994;49,3618506;19,5428433;Slovensko;Žilinský kraj;okres Tvrdošín
Štěchovice;;18;B;CZ;1899;#N/A;#N/A;#N/A;#N/A;#N/A
Štěkeň;;18;C;CZ;1899;#N/A;#N/A;#N/A;#N/A;#N/A
Štěnec;;11;C;CZ;1899;#N/A;#N/A;#N/A;#N/A;#N/A
Štěnovice;;17;A;CZ;1899;#N/A;#N/A;#N/A;#N/A;#N/A
Štěpánkovice;;14;C;CZ;1899;#N/A;#N/A;#N/A;#N/A;#N/A
Štěpánov;1994-01-01;22;B;CZ;1994;#N/A;#N/A;#N/A;#N/A;#N/A
Štěpánov nad Svratkou;;21;D;CZ;1899;#N/A;#N/A;#N/A;#N/A;#N/A
Štěpánovice (České Budějovice);;32;B;CZ;1899;#N/A;#N/A;#N/A;#N/A;#N/A
Štěpánovice (Klatovy);;16;D;CZ;1899;#N/A;#N/A;#N/A;#N/A;#N/A
Štěrboholy;;8;D;CZ;1899;#N/A;#N/A;#N/A;#N/A;#N/A
Šternberk;;22;B;CZ;1899;#N/A;#N/A;#N/A;#N/A;#N/A
Štětí;;8;B;CZ;1899;#N/A;#N/A;#N/A;#N/A;#N/A
Štiavnické Bane;1994-01-01;39;C;SK;1994;48,4391925;18,8668508;Slovensko;Banskobystrický kraj;okres Banská Štiavnica
Štiavnik;2023-05-06;24;D;SK;2023;49,2426836;18,4655093;Slovensko;Žilinský kraj;okres Bytča
Štípa;;23;D;CZ;1899;#N/A;#N/A;#N/A;#N/A;#N/A
Štipoklasy (České Budějovice);;18;D;CZ;1899;#N/A;#N/A;#N/A;#N/A;#N/A
Štipoklasy (Plzeň-sever);;6;D;CZ;1899;#N/A;#N/A;#N/A;#N/A;#N/A
Štiřin;1994-01-01;8;D;CZ;1994;#N/A;#N/A;#N/A;#N/A;#N/A
Štítary (Domažlice);;16;A;CZ;1899;#N/A;#N/A;#N/A;#N/A;#N/A
Štítary (Znojmo);;34;B;CZ;1899;#N/A;#N/A;#N/A;#N/A;#N/A
Štítina;;23;B;CZ;1899;#N/A;#N/A;#N/A;#N/A;#N/A
Štítná nad Vláří;2017-09-01;37;B;CZ;2017;#N/A;#N/A;#N/A;#N/A;#N/A
Štítné;2021-09-10;19;D;CZ;2021;#N/A;#N/A;#N/A;#N/A;#N/A
Štítnik;1994-01-01;41;D;SK;1994;48,6589529;20,3641195;Slovensko;Košický kraj;okres Rožňava
Štítov;;17;A;CZ;1899;#N/A;#N/A;#N/A;#N/A;#N/A
Štíty;;12;C;CZ;1899;#N/A;#N/A;#N/A;#N/A;#N/A
Štoky;;20;C;CZ;1899;#N/A;#N/A;#N/A;#N/A;#N/A
Štós;2021-05-22;42;C;SK;2021;48,7092719;20,7868713;Slovensko;Košický kraj;okres Košice - okolie
Štós-kúpele;2021-05-22;42;A;SK;2021;48,7211716;20,7912236;Slovensko;Košický kraj;okres Košice - okolie
Štramberk;2003-10-04;24;A;CZ;2003;#N/A;#N/A;#N/A;#N/A;#N/A
Štrba;1994-01-01;41;A;SK;1994;49,0535636;20,0787196;Slovensko;Prešovský kraj;okres Poprad
Štrbské Pleso;1994-01-01;41;A;SK;1994;49,1191897;20,063955;Slovensko;Prešovský kraj;okres Poprad
Štrkovec;;41;D;SK;1899;48,3604264;20,3242139;Slovensko;Banskobystrický kraj;okres Rimavská Sobota
Študlov;;24;C;CZ;1899;#N/A;#N/A;#N/A;#N/A;#N/A
Štúrovo;1994-01-01;49;C;SK;1994;47,7978002;18,7158785;Slovensko;Nitriansky kraj;okres Nové Zámky
Štvrtok na Ostrove;1995-05-03;47;A;SK;1995;48,098497;17,3545856;Slovensko;Trnavský kraj;okres Dunajská Streda
Šubířov;;22;A;CZ;1899;#N/A;#N/A;#N/A;#N/A;#N/A
Šuľa;1994-01-01;50;A;SK;1994;48,3548809;19,4068579;Slovensko;Banskobystrický kraj;okres Veľký Krtíš
Šulekovo;2018-07-01;37;D;SK;2018;48,4274975;17,7686725;Slovensko;Trnavský kraj;okres Hlohovec
Šumavské Hoštice;;31;B;CZ;1899;#N/A;#N/A;#N/A;#N/A;#N/A
Šumbark;;24;B;CZ;1899;#N/A;#N/A;#N/A;#N/A;#N/A
Šumburk nad Desnou;;4;A;CZ;1899;#N/A;#N/A;#N/A;#N/A;#N/A
Šumiac;1994-01-01;41;A;SK;1994;48,8401624;20,1298621;Slovensko;Banskobystrický kraj;okres Brezno
Šumice;;37;B;CZ;1899;#N/A;#N/A;#N/A;#N/A;#N/A
Šumná;;34;B;CZ;1899;#N/A;#N/A;#N/A;#N/A;#N/A
Šumperk;2018-07-01;12;C;CZ;2018;#N/A;#N/A;#N/A;#N/A;#N/A
Šumvald;;22;B;CZ;1899;#N/A;#N/A;#N/A;#N/A;#N/A
Šurany;1994-01-01;48;A;SK;1994;48,0861055;18,1868344;Slovensko;Nitriansky kraj;okres Nové Zámky
Šurianky;2018-07-01;38;C;SK;2018;48,4214918;18,0218577;Slovensko;Nitriansky kraj;okres Nitra
Šurice;2020-05-02;50;B;SK;2020;48,2303886;19,9146485;Slovensko;Banskobystrický kraj;okres Lučenec
Šúrovce;2018-07-01;47;B;SK;2018;48,3326588;17,7170924;Slovensko;Trnavský kraj;okres Trnava
Šutovce;1994-01-01;38;B;SK;1994;48,8008613;18,5370198;Slovensko;Trenčiansky kraj;okres Prievidza
Šútovo;1994-01-01;25;D;SK;1994;49,15;19,0833333;Slovensko;Žilinský kraj;okres Martin
Švábenice;;22;D;CZ;1899;#N/A;#N/A;#N/A;#N/A;#N/A
Švábovce;1994-01-01;41;B;SK;1994;49,0263575;20,3589232;Slovensko;Prešovský kraj;okres Poprad
Švedlár;1994-01-01;42;A;SK;1994;48,8129487;20,7120678;Slovensko;Košický kraj;okres Gelnica
Švermov;;8;C;CZ;1899;#N/A;#N/A;#N/A;#N/A;#N/A
Švermovo;1994-01-01;41;A;SK;1994;48,8515647;20,1877014;Slovensko;Banskobystrický kraj;okres Brezno
Švihov (Chrudim);;20;B;CZ;1899;#N/A;#N/A;#N/A;#N/A;#N/A
Švihov (Klatovy);1995-07-31;16;B;CZ;1995;#N/A;#N/A;#N/A;#N/A;#N/A
Tábor;1994-01-01;19;C;CZ;1994;#N/A;#N/A;#N/A;#N/A;#N/A
Tahanovce;;42;B;SK;1899;48,7545152;21,2584875;Slovensko;Košický kraj;
Tachov;;16;A;CZ;1899;#N/A;#N/A;#N/A;#N/A;#N/A
Tachty;;50;B;SK;1899;48,1541791;19,9413113;Slovensko;Banskobystrický kraj;okres Rimavská Sobota
Tajná;1994-01-01;48;B;SK;1994;48,2666174;18,3621839;Slovensko;Nitriansky kraj;okres Nitra
Tájov;1994-01-01;39;D;SK;1994;48,7463826;19,0702379;Slovensko;Banskobystrický kraj;okres Banská Bystrica
Talín;;18;C;CZ;1899;#N/A;#N/A;#N/A;#N/A;#N/A
Tanvald;;4;A;CZ;1899;#N/A;#N/A;#N/A;#N/A;#N/A
Tarnov;1994-01-01;28;D;SK;1994;49,3209214;21,1664648;Slovensko;Prešovský kraj;okres Bardejov
Tasov;;21;C;CZ;1899;#N/A;#N/A;#N/A;#N/A;#N/A
Tasovice;2004-05-23;35;A;CZ;2004;#N/A;#N/A;#N/A;#N/A;#N/A
Tašuľa;;44;C;SK;1899;48,6585973;22,1722513;Slovensko;Košický kraj;okres Sobrance
Tatce;1994-01-01;9;D;CZ;1994;#N/A;#N/A;#N/A;#N/A;#N/A
Tatenice;1994-01-01;22;A;CZ;1994;#N/A;#N/A;#N/A;#N/A;#N/A
Tatobity;;10;A;CZ;1899;#N/A;#N/A;#N/A;#N/A;#N/A
Tatranská Kotlina;1994-01-01;27;C;SK;1994;49,2295003;20,3176371;Slovensko;Prešovský kraj;okres Poprad
Tatranská Lesná;1994-01-01;27;C;SK;1994;49,1504761;20,2569922;Slovensko;Prešovský kraj;okres Poprad
Tatranská Lomnica;1994-01-01;27;C;SK;1994;49,1645786;20,280602;Slovensko;Prešovský kraj;okres Poprad
Tatranská Polianka;1994-01-01;27;C;SK;1994;49,1233184;20,1864306;Slovensko;Prešovský kraj;okres Poprad
Tatranská Štrba;1994-01-01;41;A;SK;1994;49,0853881;20,0691919;Slovensko;Prešovský kraj;okres Poprad
Tatranské Matliare;1994-01-01;27;C;SK;1994;49,1764994;20,2928277;Slovensko;Prešovský kraj;okres Poprad
Tavíkovice;;35;A;CZ;1899;#N/A;#N/A;#N/A;#N/A;#N/A
Tažovice;;17;D;CZ;1899;#N/A;#N/A;#N/A;#N/A;#N/A
Tečovice;;23;C;CZ;1899;#N/A;#N/A;#N/A;#N/A;#N/A
Tehla;1994-01-01;48;B;SK;1994;48,1833333;18,3833333;Slovensko;Nitriansky kraj;okres Levice
Těchlovice (Děčín);;2;A;CZ;1899;#N/A;#N/A;#N/A;#N/A;#N/A
Těchlovice (Tachov);1994-01-01;16;B;CZ;1994;#N/A;#N/A;#N/A;#N/A;#N/A
Těchobuz;;19;A;CZ;1899;#N/A;#N/A;#N/A;#N/A;#N/A
Těchotín;;11;D;CZ;1899;#N/A;#N/A;#N/A;#N/A;#N/A
Tekovská Breznica;1994-01-01;38;D;SK;1994;48,3852575;18,6170859;Slovensko;Banskobystrický kraj;okres Žarnovica
Tekovské Lužany;1994-01-01;48;B;SK;1994;48,0974451;18,5442405;Slovensko;Nitriansky kraj;okres Levice
Tekovské Lužianky;1994-01-01;48;B;SK;1994;48,0978267;18,5084212;Slovensko;Nitriansky kraj;okres Levice
Tekovské Nemce;1994-01-01;48;B;SK;1994;48,3554125;18,5305099;Slovensko;Nitriansky kraj;okres Zlaté Moravce
Tekovské Trsťany;;49;A;SK;1899;48,20816;18,80441;Slovakia;Nitriansky kraj;okres Levice
Tekovský Hrádok;1994-01-01;48;B;SK;1994;48,1668646;18,5519501;Slovensko;Nitriansky kraj;okres Levice
Telce;;8;A;CZ;1899;#N/A;#N/A;#N/A;#N/A;#N/A
Telč;2021-09-10;20;C;CZ;2021;#N/A;#N/A;#N/A;#N/A;#N/A
Telecí;;21;A;CZ;1899;#N/A;#N/A;#N/A;#N/A;#N/A
Telince;1994-01-01;48;B;SK;1994;48,2309377;18,3692353;Slovensko;Nitriansky kraj;okres Nitra
Telnice (Brno-venkov);;36;A;CZ;1899;#N/A;#N/A;#N/A;#N/A;#N/A
Telnice (Ústí nad Labem);;2;A;CZ;1899;#N/A;#N/A;#N/A;#N/A;#N/A
Temelín;;18;D;CZ;1899;#N/A;#N/A;#N/A;#N/A;#N/A
Těmice;;36;B;CZ;1899;#N/A;#N/A;#N/A;#N/A;#N/A
Teplá (Karlovy Vary);;6;C;CZ;1899;#N/A;#N/A;#N/A;#N/A;#N/A
Teplá (Žiar nad Hronom);1994-01-01;39;C;SK;1994;48,5209518;18,8620958;Slovensko;Banskobystrický kraj;okres Žiar nad Hronom
Teplice;1994-01-01;1;B;CZ;1994;#N/A;#N/A;#N/A;#N/A;#N/A
Teplice nad Bečvou;1994-01-01;23;D;CZ;1994;#N/A;#N/A;#N/A;#N/A;#N/A
Teplice nad Metují;2022-04-14;11;A;CZ;2022;#N/A;#N/A;#N/A;#N/A;#N/A
Teplička nad Váhom;1994-01-01;25;C;SK;1994;49,2251922;18,7943585;Slovensko;Žilinský kraj;okres Žilina
Teplýšovice;;19;A;CZ;1899;#N/A;#N/A;#N/A;#N/A;#N/A
Teplý Vrch;2019-06-23;41;C;SK;2019;48,4698932;20,0975226;Slovensko;Banskobystrický kraj;okres Rimavská Sobota
Těptín;;8;D;CZ;1899;#N/A;#N/A;#N/A;#N/A;#N/A
Terany;1994-01-01;49;A;SK;1994;48,1837929;18,8985447;Slovensko;Banskobystrický kraj;okres Krupina
Terešov;;7;D;CZ;1899;#N/A;#N/A;#N/A;#N/A;#N/A
Terezín;1994-01-01;8;A;CZ;1994;#N/A;#N/A;#N/A;#N/A;#N/A
Terchová;1994-01-01;25;D;SK;1994;49,2580251;19,0304784;Slovensko;Žilinský kraj;okres Žilina
Tesáre;2018-07-01;38;C;SK;2018;48,60046;18,0876052;Slovensko;Nitriansky kraj;okres Topoľčany
Tesárske Mlyňany;2023-08-19;48;B;SK;2023;48,3356382;18,3564362;Slovensko;Nitriansky kraj;okres Zlaté Moravce
Těšany;;36;A;CZ;1899;#N/A;#N/A;#N/A;#N/A;#N/A
Tešedíkovo;2025-08-16;47;B;SK;2025;48,101436;17,8512447;Slovensko;Nitriansky kraj;okres Šaľa
Těšetice;;22;B;CZ;1899;#N/A;#N/A;#N/A;#N/A;#N/A
Těšíkov;;23;A;CZ;1899;#N/A;#N/A;#N/A;#N/A;#N/A
Těšínov;;33;A;CZ;1899;#N/A;#N/A;#N/A;#N/A;#N/A
Těškov;;17;B;CZ;1899;#N/A;#N/A;#N/A;#N/A;#N/A
Tešmák;;49;B;SK;1899;48,0645879;18,9846441;Slovensko;Nitriansky kraj;okres Levice
Tetčice;;21;D;CZ;1899;#N/A;#N/A;#N/A;#N/A;#N/A
Tetín;;8;C;CZ;1899;#N/A;#N/A;#N/A;#N/A;#N/A
Tibava;;44;A;SK;1899;48,740855;22,2082464;Slovensko;Košický kraj;okres Sobrance
Tichá (Český Krumlov);;32;D;CZ;1899;#N/A;#N/A;#N/A;#N/A;#N/A
Tichá (Nový Jičín);;24;A;CZ;1899;#N/A;#N/A;#N/A;#N/A;#N/A
Tichov;;23;D;CZ;1899;#N/A;#N/A;#N/A;#N/A;#N/A
Tichý Potok;2002-07-25;28;C;SK;2002;49,1473175;20,7885601;Slovensko;Prešovský kraj;okres Sabinov
Tikovice;;35;B;CZ;1899;#N/A;#N/A;#N/A;#N/A;#N/A
Tis;;20;A;CZ;1899;#N/A;#N/A;#N/A;#N/A;#N/A
Tisá;;2;A;CZ;1899;#N/A;#N/A;#N/A;#N/A;#N/A
Tísek;;23;B;CZ;1899;#N/A;#N/A;#N/A;#N/A;#N/A
Tisová (Karlovy Vary);;6;C;CZ;1899;#N/A;#N/A;#N/A;#N/A;#N/A
Tisová (Ústí nad Orlicí);;11;C;CZ;1899;#N/A;#N/A;#N/A;#N/A;#N/A
Tisovec;1994-01-01;40;D;SK;1994;48,6812756;19,9420632;Slovensko;Banskobystrický kraj;okres Rimavská Sobota
Tišice;;8;D;CZ;1899;#N/A;#N/A;#N/A;#N/A;#N/A
Tišnov;;21;D;CZ;1899;#N/A;#N/A;#N/A;#N/A;#N/A
Tíštín;;22;D;CZ;1899;#N/A;#N/A;#N/A;#N/A;#N/A
Tlmače;1994-01-01;48;B;SK;1994;48,2897126;18,5311304;Slovensko;Nitriansky kraj;okres Levice
Tlučná;;16;B;CZ;1899;#N/A;#N/A;#N/A;#N/A;#N/A
Tlumačov (Domažlice);;16;C;CZ;1899;#N/A;#N/A;#N/A;#N/A;#N/A
Tlumačov (Gottwaldov);2017-09-01;23;C;CZ;2017;#N/A;#N/A;#N/A;#N/A;#N/A
Tlustice;;17;B;CZ;1899;#N/A;#N/A;#N/A;#N/A;#N/A
Tmaň;;8;C;CZ;1899;#N/A;#N/A;#N/A;#N/A;#N/A
Točnica;2019-06-22;40;C;SK;2019;48,4129683;19,6411264;Slovensko;Banskobystrický kraj;okres Lučenec
Tochovice;;18;A;CZ;1899;#N/A;#N/A;#N/A;#N/A;#N/A
Tokajík;;29;D;SK;1899;49,1065344;21,7089918;Slovensko;Prešovský kraj;okres Stropkov
Tomášikovo;2003-05-03;47;B;SK;2003;48,0825031;17,6938719;Slovensko;Trnavský kraj;okres Galanta
Tomášov;1994-01-01;46;B;SK;1994;48,142097;17,3341269;Slovensko;Bratislavský kraj;okres Senec
Tomášovce;2020-08-04;40;C;SK;2020;48,392741;20,152593;Slovensko;Banskobystrický kraj;okres Rimavská Sobota
Tôň;1994-01-01;47;D;SK;1994;47,8047007;17,8380937;Slovensko;Nitriansky kraj;okres Komárno
Topoľa;;44;B;SK;1899;49,043183;22,3552084;Slovensko;Prešovský kraj;okres Snina
Topoľčany;2000-07-19;38;C;SK;2000;48,5594345;18,1754394;Slovensko;Nitriansky kraj;okres Topoľčany
Topoľčianky;2018-07-01;38;D;SK;2018;48,4202711;18,4101132;Slovensko;Nitriansky kraj;okres Zlaté Moravce
Topolecká;2003-12-13;37;A;SK;2003;48,8052045;17,6563511;Slovensko;Trenčiansky kraj;okres Nové Mesto nad Váhom
Topolná;;37;A;CZ;1899;#N/A;#N/A;#N/A;#N/A;#N/A
Topoľníky;2000-06-10;47;D;SK;2000;47,9677622;17,7857453;Slovensko;Trnavský kraj;okres Dunajská Streda
Topoľovec;2018-07-01;47;C;SK;2018;47,834741;17,6130145;Slovensko;Trnavský kraj;okres Dunajská Streda
Topoľovka;2020-07-23;43;B;SK;2020;48,9238403;21,8093623;Slovensko;Prešovský kraj;okres Humenné
Torysa;2002-07-25;28;C;SK;2002;49,0674308;21,1176918;Slovensko;Prešovský kraj;
Torysky;2002-07-25;42;A;SK;2002;49,0955903;20,6777241;Slovensko;Prešovský kraj;okres Levoča
Toušeň;;9;C;CZ;1899;#N/A;#N/A;#N/A;#N/A;#N/A
Toužim;;6;D;CZ;1899;#N/A;#N/A;#N/A;#N/A;#N/A
Tovačov;;22;D;CZ;1899;#N/A;#N/A;#N/A;#N/A;#N/A
Tovarníky;2000-07-19;38;C;SK;2000;48,5716723;18,145645;Slovensko;Nitriansky kraj;okres Topoľčany
Trakovice;2018-09-01;37;D;SK;2018;48,4389767;17,7110337;Slovensko;Trnavský kraj;okres Hlohovec
Traplice;;37;A;CZ;1899;#N/A;#N/A;#N/A;#N/A;#N/A
Travná;;12;A;CZ;1899;#N/A;#N/A;#N/A;#N/A;#N/A
Trávnica;2023-08-19;48;B;SK;2023;48,1344307;18,3332336;Slovensko;Nitriansky kraj;okres Nové Zámky
Trávnik;2025-08-02;47;D;SK;2025;47,7738171;17,7885433;Slovensko;Nitriansky kraj;okres Komárno
Trebatice;2018-09-01;37;D;SK;2018;48,5963473;17,7497006;Slovensko;Trnavský kraj;okres Piešťany
Trebeľovce;1994-01-01;50;B;SK;1994;48,2844438;19,7150256;Slovensko;Banskobystrický kraj;okres Lučenec
Trebichava;2018-07-01;38;A;SK;2018;48,8219355;18,3013058;Slovensko;Trenčiansky kraj;okres Bánovce nad Bebravou
Trebišov;2026-06-01;43;D;SK;2026;48,6286222;21,7201711;Slovensko;Košický kraj;okres Trebišov
Trebušovce;2018-07-01;49;B;SK;2018;48,1165689;19,1979774;Slovensko;Banskobystrický kraj;okres Veľký Krtíš
Trenčianska Teplá;1994-01-01;38;A;SK;1994;48,9344602;18,1200726;Slovensko;Trenčiansky kraj;okres Trenčín
Trenčianska Turná;2004-01-01;38;A;SK;2004;48,85;18,0166667;Slovensko;Trenčiansky kraj;okres Trenčín
Trenčianske Biskupice;2024-08-11;38;A;SK;2024;48,8694864;18,0085733;Slovensko;Trenčiansky kraj;okres Trenčín
Trenčianske Bohuslavice;1994-01-01;37;B;SK;1994;48,7987083;17,8603998;Slovensko;Trenčiansky kraj;okres Nové Mesto nad Váhom
Trenčianske Jastrabie;2003-12-30;38;A;SK;2003;48,800097;18,1154517;Slovensko;Trenčiansky kraj;okres Trenčín
Trenčianske Mitice;2018-07-01;38;A;SK;2018;48,8157414;18,113382;Slovensko;Trenčiansky kraj;okres Trenčín
Trenčianske Teplice;2018-07-01;38;A;SK;2018;48,9094451;18,1702976;Slovensko;Trenčiansky kraj;okres Trenčín
Trenčín;1994-01-01;38;A;SK;1994;48,8922719;18,0387465;Slovensko;Trenčiansky kraj;okres Trenčín
Trhanov;;16;C;CZ;1899;#N/A;#N/A;#N/A;#N/A;#N/A
Trhová Kamenice;;20;B;CZ;1899;#N/A;#N/A;#N/A;#N/A;#N/A
Horné Mýto;2000-06-10;47;D;SK;2000;48,0110295;17,7511796;Slovensko;Trnavský kraj;okres Dunajská Streda
Trhová Hradská;2000-06-10;47;D;SK;2000;47,9905376;17,747302;Slovensko;Trnavský kraj;okres Dunajská Streda
Trhové Sviny;;32;B;CZ;1899;#N/A;#N/A;#N/A;#N/A;#N/A
Trhovište;2002-09-28;43;B;SK;2002;48,6982767;21,8061331;Slovensko;Košický kraj;okres Michalovce
Trhový Štěpánov;;19;B;CZ;1899;#N/A;#N/A;#N/A;#N/A;#N/A
Trnava (Gottwaldov);;23;D;CZ;1899;#N/A;#N/A;#N/A;#N/A;#N/A
Trnava (Trnava);1994-01-01;47;A;SK;1994;48,3767652;17,5858175;Slovensko;Trnavský kraj;okres Trnava
Trnava (Třebíč);;20;D;CZ;1899;#N/A;#N/A;#N/A;#N/A;#N/A
Trnavá Hora;1994-01-01;39;C;SK;1994;48,58979;18,95434;Slovakia;Banskobystrický kraj;okres Žiar nad Hronom
Trnava pri Laborci;2020-07-28;43;B;SK;2020;48,8166508;21,9335076;Slovensko;Košický kraj;okres Michalovce
Trnávka;;46;B;SK;1899;48,7062509;21,6170866;Slovensko;Košický kraj;okres Trebišov
Trnie;1994-01-01;39;D;SK;1994;48,6056081;19,031497;Slovensko;Banskobystrický kraj;okres Zvolen
Trnov;;11;C;CZ;1899;#N/A;#N/A;#N/A;#N/A;#N/A
Trnová;;7;C;CZ;1899;#N/A;#N/A;#N/A;#N/A;#N/A
Trnové;;25;C;SK;1899;49,1904342;18,7902451;Slovensko;Žilinský kraj;okres Žilina
Trnovec nad Váhom;1994-01-01;47;B;SK;1994;48,150099;17,9274387;Slovensko;Nitriansky kraj;okres Šaľa
Trocnov;;32;B;CZ;1899;#N/A;#N/A;#N/A;#N/A;#N/A
Trojanovice;;24;C;CZ;1899;#N/A;#N/A;#N/A;#N/A;#N/A
Troskotovice;2023-05-01;35;B;CZ;2023;#N/A;#N/A;#N/A;#N/A;#N/A
Troskovice;;9;B;CZ;1899;#N/A;#N/A;#N/A;#N/A;#N/A
Troubelice;;22;B;CZ;1899;#N/A;#N/A;#N/A;#N/A;#N/A
Troubky (Kroměříž);;22;D;CZ;1899;#N/A;#N/A;#N/A;#N/A;#N/A
Troubky (Přerov);;23;C;CZ;1899;#N/A;#N/A;#N/A;#N/A;#N/A
Troubsko;;21;D;CZ;1899;#N/A;#N/A;#N/A;#N/A;#N/A
Trpín;2018-07-01;49;B;SK;2018;48,2953962;19,1390052;Slovensko;Banskobystrický kraj;okres Krupina
Trpísty;;16;B;CZ;1899;#N/A;#N/A;#N/A;#N/A;#N/A
Trstená;1994-01-01;26;C;SK;1994;49,3592089;19,6086088;Slovensko;Žilinský kraj;okres Tvrdošín
Trstená na Ostrove;1996-05-19;47;C;SK;1996;47,9191642;17,5002996;Slovensko;Trnavský kraj;okres Dunajská Streda
Trstené pri Hornáde;;43;C;SK;1899;48,57552;21,33429;Slovakia;Košický kraj;okres košice – okolie
Trstěnice (Cheb);;6;C;CZ;1899;#N/A;#N/A;#N/A;#N/A;#N/A
Trstěnice (Svitavy);;21;B;CZ;1899;#N/A;#N/A;#N/A;#N/A;#N/A
Trstěnice (Znojmo);;35;A;CZ;1899;#N/A;#N/A;#N/A;#N/A;#N/A
Trstice;2019-06-08;47;B;SK;2019;48,0158466;17,8045595;Slovensko;Trnavský kraj;okres Galanta
Trstín;1997-06-03;37;C;SK;1997;48,5269603;17,4646045;Slovensko;Trnavský kraj;okres Trnava
Tršice;;23;A;CZ;1899;#N/A;#N/A;#N/A;#N/A;#N/A
Trubín;1994-01-01;39;C;SK;1994;48,6157556;18,7830269;Slovensko;Banskobystrický kraj;okres Žiar nad Hronom
Trutnov;;10;B;CZ;1899;#N/A;#N/A;#N/A;#N/A;#N/A
Třebařov;;22;A;CZ;1899;#N/A;#N/A;#N/A;#N/A;#N/A
Třebechovice pod Orebem;;11;C;CZ;1899;#N/A;#N/A;#N/A;#N/A;#N/A
Třebelovice;;34;A;CZ;1899;#N/A;#N/A;#N/A;#N/A;#N/A
Třebeň;;5;D;CZ;1899;#N/A;#N/A;#N/A;#N/A;#N/A
Třebenice (Lovosice);;8;A;CZ;1899;#N/A;#N/A;#N/A;#N/A;#N/A
Třebenice (Třebíč);;21;C;CZ;1899;#N/A;#N/A;#N/A;#N/A;#N/A
Třebětín;;19;B;CZ;1899;#N/A;#N/A;#N/A;#N/A;#N/A
Třebíč;2021-09-10;20;D;CZ;2021;#N/A;#N/A;#N/A;#N/A;#N/A
Třebívlice;;7;B;CZ;1899;#N/A;#N/A;#N/A;#N/A;#N/A
Třebíz;;8;A;CZ;1899;#N/A;#N/A;#N/A;#N/A;#N/A
Třebkov;;18;C;CZ;1899;#N/A;#N/A;#N/A;#N/A;#N/A
Třebnice (Domažlice);;16;A;CZ;1899;#N/A;#N/A;#N/A;#N/A;#N/A
Třebnice (Příbram);;18;B;CZ;1899;#N/A;#N/A;#N/A;#N/A;#N/A
Třebohostice;;17;D;CZ;1899;#N/A;#N/A;#N/A;#N/A;#N/A
Třeboň;1994-01-01;33;A;CZ;1994;#N/A;#N/A;#N/A;#N/A;#N/A
Třebonín;;20;A;CZ;1899;#N/A;#N/A;#N/A;#N/A;#N/A
Třebotov;;8;D;CZ;1899;#N/A;#N/A;#N/A;#N/A;#N/A
Třebovice;1994-01-01;21;B;CZ;1994;#N/A;#N/A;#N/A;#N/A;#N/A
Třebovle;;9;D;CZ;1899;#N/A;#N/A;#N/A;#N/A;#N/A
Třebusice;;8;C;CZ;1899;#N/A;#N/A;#N/A;#N/A;#N/A
Třebušín;;8;A;CZ;1899;#N/A;#N/A;#N/A;#N/A;#N/A
Třemešná;;13;C;CZ;1899;#N/A;#N/A;#N/A;#N/A;#N/A
Třemošná;;17;A;CZ;1899;#N/A;#N/A;#N/A;#N/A;#N/A
Třemošnice;;20;A;CZ;1899;#N/A;#N/A;#N/A;#N/A;#N/A
Třesovice;;10;D;CZ;1899;#N/A;#N/A;#N/A;#N/A;#N/A
Třešť;;20;C;CZ;1899;#N/A;#N/A;#N/A;#N/A;#N/A
Třeštice;;20;C;CZ;1899;#N/A;#N/A;#N/A;#N/A;#N/A
Tři Dvory;;9;D;CZ;1899;#N/A;#N/A;#N/A;#N/A;#N/A
Tři Sekery;;6;C;CZ;1899;#N/A;#N/A;#N/A;#N/A;#N/A
Třinec;1994-01-01;24;B;CZ;1994;#N/A;#N/A;#N/A;#N/A;#N/A
Třtěno;;7;B;CZ;1899;#N/A;#N/A;#N/A;#N/A;#N/A
Tučapy;2018-11-01;19;C;CZ;2018;#N/A;#N/A;#N/A;#N/A;#N/A
Tuhaň;;8;B;CZ;1899;#N/A;#N/A;#N/A;#N/A;#N/A
Tuhár;2019-10-08;40;C;SK;2019;48,4286631;19,5063747;Slovensko;Banskobystrický kraj;okres Lučenec
Tuchlovice;;8;C;CZ;1899;#N/A;#N/A;#N/A;#N/A;#N/A
Tuchoměřice;;8;D;CZ;1899;#N/A;#N/A;#N/A;#N/A;#N/A
Tuchomyšl;;2;A;CZ;1899;#N/A;#N/A;#N/A;#N/A;#N/A
Tuchořice;;7;B;CZ;1899;#N/A;#N/A;#N/A;#N/A;#N/A
Tuchyňa;2023-07-09;38;A;SK;2023;49,0407148;18,2195163;Slovensko;Trenčiansky kraj;okres Ilava
Tulčík;1994-01-01;28;D;SK;1994;49,0886607;21,3103738;Slovensko;Prešovský kraj;okres Prešov
Tulešice;;35;A;CZ;1899;#N/A;#N/A;#N/A;#N/A;#N/A
Tuněchody;;10;D;CZ;1899;#N/A;#N/A;#N/A;#N/A;#N/A
Tunežice;2023-07-09;38;A;SK;2023;49,026515;18,2783782;Slovensko;Trenčiansky kraj;okres Ilava
Tunochody;;20;A;CZ;1899;#N/A;#N/A;#N/A;#N/A;#N/A
Tupá;1994-01-01;49;A;SK;1994;48,1089076;18,8914594;Slovensko;Nitriansky kraj;okres Levice
Tupadly;;20;A;CZ;1899;#N/A;#N/A;#N/A;#N/A;#N/A
Tupesy - Břestek;;37;A;CZ;1899;#N/A;#N/A;#N/A;#N/A;#N/A
Turá Lúka;2020-09-13;37;C;SK;2020;48,75451;17,5128584;Slovensko;Trenčiansky kraj;okres Myjava
Turany;1994-01-01;39;B;SK;1994;49,1163981;19,0391539;Slovensko;Žilinský kraj;okres Martin
Turany nad Ondavou;2020-07-21;29;C;SK;2020;49,099289;21,6560021;Slovensko;Prešovský kraj;okres Stropkov
Turčianska Štiavnička;1994-01-01;39;B;SK;1994;49,0863462;19,023593;Slovensko;Žilinský kraj;okres Martin
Turčianske Kľačany;1994-01-01;39;A;SK;1994;49,1156281;18,9489559;Slovensko;Žilinský kraj;okres Martin
Turčianske Teplice;1994-01-01;39;A;SK;1994;48,8614083;18,8608115;Slovensko;Žilinský kraj;okres Turčianske Teplice
Turčok;;41;C;SK;1899;48,6405738;20,1491283;Slovensko;Banskobystrický kraj;okres Revúca
Turie;2021-07-26;25;C;SK;2021;49,1491194;18,7526706;Slovensko;Žilinský kraj;okres Žilina
Turna nad Bodvou;2021-05-22;42;C;SK;2021;48,6004521;20,8818769;Slovensko;Košický kraj;okres Košice - okolie
Turnianska Nová Ves;2021-05-22;42;C;SK;2021;48,5777118;20,8862053;Slovensko;Košický kraj;okres Košice - okolie
Turnianske Podhradie > Turňa nad Bodvou;2021-05-22;42;C;SK;2021;48,59999;20,88093;Slovakia;Košický kraj;okres košice – okolie
Turnov;;9;B;CZ;1899;#N/A;#N/A;#N/A;#N/A;#N/A
Tursko;;8;D;CZ;1899;#N/A;#N/A;#N/A;#N/A;#N/A
Turzovka;1995-07-26;24;D;SK;1995;49,4051478;18,6262948;Slovensko;Žilinský kraj;okres Čadca
Tuř;;10;A;CZ;1899;#N/A;#N/A;#N/A;#N/A;#N/A
Tušice;;43;B;SK;1899;48,7249577;21,7483557;Slovensko;Košický kraj;okres Michalovce
Tušimice;;7;A;CZ;1899;#N/A;#N/A;#N/A;#N/A;#N/A
Tužina;;38;B;SK;1899;48,8937161;18,6163844;Slovensko;Trenčiansky kraj;okres Prievidza
Tvarožná (Brno-venkov);;22;C;CZ;1899;#N/A;#N/A;#N/A;#N/A;#N/A
Tvarožná (Poprad);2022-07-09;41;B;SK;2022;49,0856854;20,4766018;Slovensko;Prešovský kraj;okres Kežmarok
Tvarožná Lhota;;37;A;CZ;1899;#N/A;#N/A;#N/A;#N/A;#N/A
Tvořihráz;;35;A;CZ;1899;#N/A;#N/A;#N/A;#N/A;#N/A
Tvrdomestice;2018-07-01;38;C;SK;2018;48,6374508;18,1322777;Slovensko;Nitriansky kraj;okres Topoľčany
Tvrdonice;2020-06-27;36;C;CZ;2020;#N/A;#N/A;#N/A;#N/A;#N/A
Tvrdošín;1994-01-01;26;C;SK;1994;49,3341474;19,5554346;Slovensko;Žilinský kraj;okres Tvrdošín
Tvrdošovce;1994-01-01;48;A;SK;1994;48,0952012;18,0619537;Slovensko;Nitriansky kraj;okres Nové Zámky
Tymákov;;17;A;CZ;1899;#N/A;#N/A;#N/A;#N/A;#N/A
Týn nad Bečvou;;23;C;CZ;1899;#N/A;#N/A;#N/A;#N/A;#N/A
Týn nad Vltavou;;18;D;CZ;1899;#N/A;#N/A;#N/A;#N/A;#N/A
Týnec (Břeclav);2020-06-27;36;B;CZ;2020;#N/A;#N/A;#N/A;#N/A;#N/A
Týnec (Klatovy);;16;D;CZ;1899;#N/A;#N/A;#N/A;#N/A;#N/A
Týnec nad Labem;1994-01-01;10;C;CZ;1994;#N/A;#N/A;#N/A;#N/A;#N/A
Týnec nad Sázavou;1994-01-01;18;B;CZ;1994;#N/A;#N/A;#N/A;#N/A;#N/A
Týniště nad Orlicí;;11;C;CZ;1899;#N/A;#N/A;#N/A;#N/A;#N/A
Tyra;;24;B;CZ;1899;#N/A;#N/A;#N/A;#N/A;#N/A
Ubľa;2026-06-01;44;B;SK;2026;48,8990852;22,3915903;Slovensko;Prešovský kraj;okres Snina
Úbrež;;44;A;SK;1899;48,78628;22,13247;Slovakia;Košický kraj;okres Sobrance
Udavské;;43;B;SK;1899;48,9744439;21,9637892;Slovensko;Prešovský kraj;okres Humenné
Údavy;;20;B;CZ;1899;#N/A;#N/A;#N/A;#N/A;#N/A
Udiča;1994-01-01;24;D;SK;1994;49,1675484;18,4011358;Slovensko;Trenčiansky kraj;okres Považská Bystrica
Údlice;;7;A;CZ;1899;#N/A;#N/A;#N/A;#N/A;#N/A
Údol;2022-07-10;28;C;SK;2022;49,2926492;20,8105548;Slovensko;Prešovský kraj;okres Stará Ľubovňa
Údolí;;13;C;CZ;1899;#N/A;#N/A;#N/A;#N/A;#N/A
Údrnice;;9;B;CZ;1899;#N/A;#N/A;#N/A;#N/A;#N/A
Uhelná;2022-04-15;12;B;CZ;2022;#N/A;#N/A;#N/A;#N/A;#N/A
Uhelná Příbram;;20;A;CZ;1899;#N/A;#N/A;#N/A;#N/A;#N/A
Uherčice (Břeclav);2023-05-01;35;B;CZ;2023;#N/A;#N/A;#N/A;#N/A;#N/A
Uherčice (Znojmo);;34;A;CZ;1899;#N/A;#N/A;#N/A;#N/A;#N/A
Uherské Hradiště;1998-08-01;37;A;CZ;1998;#N/A;#N/A;#N/A;#N/A;#N/A
Uhersko;1994-01-01;11;C;CZ;1994;#N/A;#N/A;#N/A;#N/A;#N/A
Uherský Brod;1998-08-01;37;A;CZ;1998;#N/A;#N/A;#N/A;#N/A;#N/A
Uhlířské Janovice;;19;B;CZ;1899;#N/A;#N/A;#N/A;#N/A;#N/A
Uhliská;2018-07-01;39;C;SK;2018;48,4022172;18,7527077;Slovensko;Nitriansky kraj;okres Levice
Úhonice;;8;C;CZ;1899;#N/A;#N/A;#N/A;#N/A;#N/A
Úhorná;2021-05-22;42;C;SK;2021;48,7051835;20,6751936;Slovensko;Košický kraj;okres Gelnica
Uhorské;2019-06-22;40;D;SK;2019;48,4705963;19,7508995;Slovensko;Banskobystrický kraj;okres Poltár
Uhrovec;1994-01-01;38;D;SK;1994;48,7434585;18,3375919;Slovensko;Trenčiansky kraj;okres Bánovce nad Bebravou
Úhřetice;;10;D;CZ;1899;#N/A;#N/A;#N/A;#N/A;#N/A
Uhřičice;;22;D;CZ;1899;#N/A;#N/A;#N/A;#N/A;#N/A
Uhříněves;;8;D;CZ;1899;#N/A;#N/A;#N/A;#N/A;#N/A
Uhřínov;;20;D;CZ;1899;#N/A;#N/A;#N/A;#N/A;#N/A
Uhřínov pod Deštnou;;11;D;CZ;1899;#N/A;#N/A;#N/A;#N/A;#N/A
Uhy;;8;B;CZ;1899;#N/A;#N/A;#N/A;#N/A;#N/A
Ujčov;;21;D;CZ;1899;#N/A;#N/A;#N/A;#N/A;#N/A
Újezd (Beroun);;17;B;CZ;1899;#N/A;#N/A;#N/A;#N/A;#N/A
Újezd (Gottwaldov);;23;D;CZ;1899;#N/A;#N/A;#N/A;#N/A;#N/A
Újezd (Olomouc);;22;B;CZ;1899;#N/A;#N/A;#N/A;#N/A;#N/A
Újezd nad Lesy;;9;C;CZ;1899;#N/A;#N/A;#N/A;#N/A;#N/A
Újezd nade Mží;;16;B;CZ;1899;#N/A;#N/A;#N/A;#N/A;#N/A
Újezd pod Troskami;;9;B;CZ;1899;#N/A;#N/A;#N/A;#N/A;#N/A
Újezd Svatého Kříže;;16;A;CZ;1899;#N/A;#N/A;#N/A;#N/A;#N/A
Újezd u Boskovic;;21;D;CZ;1899;#N/A;#N/A;#N/A;#N/A;#N/A
Újezd u Brna;;36;A;CZ;1899;#N/A;#N/A;#N/A;#N/A;#N/A
Újezd u Plánice;;17;C;CZ;1899;#N/A;#N/A;#N/A;#N/A;#N/A
Újezd u Průhonic;;8;D;CZ;1899;#N/A;#N/A;#N/A;#N/A;#N/A
Újezd u Rosic;;21;C;CZ;1899;#N/A;#N/A;#N/A;#N/A;#N/A
Újezdec u Luhačovic;;37;B;CZ;1899;#N/A;#N/A;#N/A;#N/A;#N/A
Uľanka;1994-01-01;39;B;SK;1994;48,8015827;19,0995754;Slovensko;Banskobystrický kraj;okres Banská Bystrica
Uľany nad Žitavou;1994-01-01;48;A;SK;1994;48,1069877;18,2383626;Slovensko;Nitriansky kraj;okres Nové Zámky
Úlibice;;10;A;CZ;1899;#N/A;#N/A;#N/A;#N/A;#N/A
Úlice;;16;B;CZ;1899;#N/A;#N/A;#N/A;#N/A;#N/A
Ulič;;44;B;SK;1899;48,9620263;22,4244636;Slovensko;Prešovský kraj;okres Snina
Uličské Krivé;;44;B;SK;1899;48,9922803;22,4374492;Slovensko;Prešovský kraj;okres Snina
Úmyslovice;;9;D;CZ;1899;#N/A;#N/A;#N/A;#N/A;#N/A
Únanov;;35;A;CZ;1899;#N/A;#N/A;#N/A;#N/A;#N/A
Unčín;;2;A;CZ;1899;#N/A;#N/A;#N/A;#N/A;#N/A
Unčovice;;22;B;CZ;1899;#N/A;#N/A;#N/A;#N/A;#N/A
Úněšov;;6;D;CZ;1899;#N/A;#N/A;#N/A;#N/A;#N/A
Unhošť;;8;C;CZ;1899;#N/A;#N/A;#N/A;#N/A;#N/A
Uničov;2026-05-24;22;B;CZ;2026;#N/A;#N/A;#N/A;#N/A;#N/A
Unín;2020-08-22;36;D;SK;2020;48,7258313;17,2149482;Slovensko;Trnavský kraj;okres Skalica
Úpice;;11;A;CZ;1899;#N/A;#N/A;#N/A;#N/A;#N/A
Úpohlavy;;8;A;CZ;1899;#N/A;#N/A;#N/A;#N/A;#N/A
Urbanov;;20;C;CZ;1899;#N/A;#N/A;#N/A;#N/A;#N/A
Určice;;22;D;CZ;1899;#N/A;#N/A;#N/A;#N/A;#N/A
Urmince;2000-07-19;38;C;SK;2000;48,5335663;18,0983369;Slovensko;Nitriansky kraj;okres Topoľčany
Úsobí;;20;C;CZ;1899;#N/A;#N/A;#N/A;#N/A;#N/A
Úsobrno;;22;A;CZ;1899;#N/A;#N/A;#N/A;#N/A;#N/A
Úsov;2026-05-24;22;B;CZ;2026;#N/A;#N/A;#N/A;#N/A;#N/A
Ústí (Jihlava);;20;C;CZ;1899;#N/A;#N/A;#N/A;#N/A;#N/A
Ústí (Vsetín);1994-01-01;23;D;CZ;1994;#N/A;#N/A;#N/A;#N/A;#N/A
Ústí nad Labem;;2;C;CZ;1899;#N/A;#N/A;#N/A;#N/A;#N/A
Ústí nad Orlicí;1994-01-01;11;D;CZ;1994;#N/A;#N/A;#N/A;#N/A;#N/A
Ústie nad Priehradou;1994-01-01;26;C;SK;1994;49,3804781;19,5854358;Slovensko;Žilinský kraj;okres Tvrdošín
Úštěk;;8;B;CZ;1899;#N/A;#N/A;#N/A;#N/A;#N/A
Utekáč;2019-06-22;40;D;SK;2019;48,6059766;19,8020254;Slovensko;Banskobystrický kraj;okres Poltár
Úterý;;6;D;CZ;1899;#N/A;#N/A;#N/A;#N/A;#N/A
Útušice;;17;A;CZ;1899;#N/A;#N/A;#N/A;#N/A;#N/A
Útvina;;6;D;CZ;1899;#N/A;#N/A;#N/A;#N/A;#N/A
Úvalno;;13;D;CZ;1899;#N/A;#N/A;#N/A;#N/A;#N/A
Uzeničky;;17;B;CZ;1899;#N/A;#N/A;#N/A;#N/A;#N/A
Uzovská Panica;2019-06-23;41;C;SK;2019;48,4183213;20,1416943;Slovensko;Banskobystrický kraj;okres Rimavská Sobota
Uzovské Pekľany;2020-08-10;42;A;SK;2020;49,086233;21,0243242;Slovensko;Prešovský kraj;okres Sabinov
Úžice (Kutná Hora);;19;B;CZ;1899;#N/A;#N/A;#N/A;#N/A;#N/A
Úžice (Mělník);;8;D;CZ;1899;#N/A;#N/A;#N/A;#N/A;#N/A
Vacenovice;2020-06-28;36;B;CZ;2020;#N/A;#N/A;#N/A;#N/A;#N/A
Václavice;;3;A;CZ;1899;#N/A;#N/A;#N/A;#N/A;#N/A
Václavov u Bruntálu;;13;C;CZ;1899;#N/A;#N/A;#N/A;#N/A;#N/A
Václavovice u Frýdku;;24;B;CZ;1899;#N/A;#N/A;#N/A;#N/A;#N/A
Vacov;;17;D;CZ;1899;#N/A;#N/A;#N/A;#N/A;#N/A
Vaďovce;2005-01-01;37;D;SK;2005;48,7371605;17,7229103;Slovensko;Trenčiansky kraj;okres Nové Mesto nad Váhom
Váhovce;2025-08-16;47;B;SK;2025;48,2499551;17,7851641;Slovensko;Trnavský kraj;okres Galanta
Vajkovce;1994-01-01;42;B;SK;1994;48,7830276;21,3223831;Slovensko;Košický kraj;okres Košice - okolie
Vajnory;1994-01-01;46;B;SK;1994;48,2049103;17,2065787;Slovensko;Bratislavský kraj;
Valaská;1994-01-01;40;A;SK;1994;48,8138722;19,5739647;Slovensko;Banskobystrický kraj;okres Brezno
Valaská Belá;1994-01-01;38;B;SK;1994;48,8871811;18,3962915;Slovensko;Trenčiansky kraj;okres Prievidza
Valaská Dubová;1994-01-01;25;D;SK;1994;49,140817;19,2945281;Slovensko;Žilinský kraj;okres Ružomberok
Valašská Bystřice;;24;C;CZ;1899;#N/A;#N/A;#N/A;#N/A;#N/A
Valašská Polanka;1994-01-01;23;D;CZ;1994;#N/A;#N/A;#N/A;#N/A;#N/A
Valašská Senice;;24;C;CZ;1899;#N/A;#N/A;#N/A;#N/A;#N/A
Valašské Klobouky;2003-10-03;38;A;CZ;2003;#N/A;#N/A;#N/A;#N/A;#N/A
Valašské Meziříčí;1994-01-01;23;D;CZ;1994;#N/A;#N/A;#N/A;#N/A;#N/A
Valča;1994-01-01;39;A;SK;1994;49;18,85;Slovensko;Žilinský kraj;okres Martin
Valdice;;10;A;CZ;1899;#N/A;#N/A;#N/A;#N/A;#N/A
Valdov;;10;A;CZ;1899;#N/A;#N/A;#N/A;#N/A;#N/A
Valeč (Karlovy Vary);;7;C;CZ;1899;#N/A;#N/A;#N/A;#N/A;#N/A
Voleč (Třebíč);;35;A;CZ;1899;#N/A;#N/A;#N/A;#N/A;#N/A
Valentovce;;29;D;SK;1899;49,1770829;21,9510967;Slovensko;Prešovský kraj;okres Medzilaborce
Valkeřice;;2;B;CZ;1899;#N/A;#N/A;#N/A;#N/A;#N/A
Vaľkovňa;1994-01-01;41;A;SK;1994;48,8342809;20,0689964;Slovensko;Banskobystrický kraj;okres Brezno
Valšov;;13;C;CZ;1899;#N/A;#N/A;#N/A;#N/A;#N/A
Valteřice (Česká Lípa);;2;B;CZ;1899;#N/A;#N/A;#N/A;#N/A;#N/A
Valteřice (Semily);;10;A;CZ;1899;#N/A;#N/A;#N/A;#N/A;#N/A
Valtice;2002-11-23;36;C;CZ;2002;#N/A;#N/A;#N/A;#N/A;#N/A
Valy;1994-01-01;10;C;CZ;1994;#N/A;#N/A;#N/A;#N/A;#N/A
Vamberk;2022-04-14;11;C;CZ;2022;#N/A;#N/A;#N/A;#N/A;#N/A
Vaňov;;8;A;CZ;1899;#N/A;#N/A;#N/A;#N/A;#N/A
Vanovice;;22;A;CZ;1899;#N/A;#N/A;#N/A;#N/A;#N/A
Vápenná;2022-04-15;12;D;CZ;2022;#N/A;#N/A;#N/A;#N/A;#N/A
Vápenný Podol;;20;B;CZ;1899;#N/A;#N/A;#N/A;#N/A;#N/A
Varín;1994-01-01;25;C;SK;1994;49,2013688;18,8698898;Slovensko;Žilinský kraj;okres Žilina
Varnsdorf;1997-05-30;3;A;CZ;1997;#N/A;#N/A;#N/A;#N/A;#N/A
Varvařov;;2;A;CZ;1899;#N/A;#N/A;#N/A;#N/A;#N/A
Vatín;;20;D;CZ;1899;#N/A;#N/A;#N/A;#N/A;#N/A
Vavrečka;1994-01-01;26;C;SK;1994;49,3855959;19,4674903;Slovensko;Žilinský kraj;okres Námestovo
Vavrišovo;1994-01-01;40;B;SK;1994;49,0690595;19,7604521;Slovensko;Žilinský kraj;okres Liptovský Mikuláš
Vávrovice;;13;D;CZ;1899;#N/A;#N/A;#N/A;#N/A;#N/A
Vavřinec;;9;D;CZ;1899;#N/A;#N/A;#N/A;#N/A;#N/A
Važec;1994-01-01;40;B;SK;1994;49,059109;19,9814759;Slovensko;Žilinský kraj;okres Liptovský Mikuláš
Včelákov;;20;B;CZ;1899;#N/A;#N/A;#N/A;#N/A;#N/A
Včelínce;;41;C;SK;1899;48,3859103;20,3043354;Slovensko;Banskobystrický kraj;okres Rimavská Sobota
Včelná;;32;B;CZ;1899;#N/A;#N/A;#N/A;#N/A;#N/A
Věcov;;21;A;CZ;1899;#N/A;#N/A;#N/A;#N/A;#N/A
Vědlice;;8;B;CZ;1899;#N/A;#N/A;#N/A;#N/A;#N/A
Vedrovice;;35;B;CZ;1899;#N/A;#N/A;#N/A;#N/A;#N/A
Vejprnice;;17;A;CZ;1899;#N/A;#N/A;#N/A;#N/A;#N/A
Vejprty;;6;B;CZ;1899;#N/A;#N/A;#N/A;#N/A;#N/A
Vejvanov;;7;D;CZ;1899;#N/A;#N/A;#N/A;#N/A;#N/A
Veľaty;1994-01-01;43;D;SK;1994;48,5238683;21,6580022;Slovensko;Košický kraj;okres Trebišov
Velčice;2018-07-01;38;C;SK;2018;48,4135893;18,3039167;Slovensko;Nitriansky kraj;okres Zlaté Moravce
Velehrad;;37;A;CZ;1899;#N/A;#N/A;#N/A;#N/A;#N/A
Velemín;1994-01-01;8;A;CZ;1994;#N/A;#N/A;#N/A;#N/A;#N/A
Velemyšleves;;7;B;CZ;1899;#N/A;#N/A;#N/A;#N/A;#N/A
Veleň;;8;D;CZ;1899;#N/A;#N/A;#N/A;#N/A;#N/A
Velenka;;9;C;CZ;1899;#N/A;#N/A;#N/A;#N/A;#N/A
Velenovy;;17;C;CZ;1899;#N/A;#N/A;#N/A;#N/A;#N/A
Velešín;;32;B;CZ;1899;#N/A;#N/A;#N/A;#N/A;#N/A
Velešovice;;22;C;CZ;1899;#N/A;#N/A;#N/A;#N/A;#N/A
Veletiny;;37;A;CZ;1899;#N/A;#N/A;#N/A;#N/A;#N/A
Velhartice;;17;C;CZ;1899;#N/A;#N/A;#N/A;#N/A;#N/A
Veličná;1994-01-01;25;D;SK;1994;49,2050484;19,2451077;Slovensko;Žilinský kraj;okres Dolný Kubín
Velichov;;6;B;CZ;1899;#N/A;#N/A;#N/A;#N/A;#N/A
Velichovky;;10;B;CZ;1899;#N/A;#N/A;#N/A;#N/A;#N/A
Veliká nad Ipľom;;50;A;SK;1899;48,268146;19,6366678;Slovensko;Banskobystrický kraj;okres Lučenec
Velim;1994-01-01;9;D;CZ;1994;#N/A;#N/A;#N/A;#N/A;#N/A
Veliny;;11;C;CZ;1899;#N/A;#N/A;#N/A;#N/A;#N/A
Veliš;;19;A;CZ;1899;#N/A;#N/A;#N/A;#N/A;#N/A
Velká;;23;B;CZ;1899;#N/A;#N/A;#N/A;#N/A;#N/A
Velká Bíteš;;21;C;CZ;1899;#N/A;#N/A;#N/A;#N/A;#N/A
Velká Bukovina;;2;B;CZ;1899;#N/A;#N/A;#N/A;#N/A;#N/A
Velká Bystřice;;23;A;CZ;1899;#N/A;#N/A;#N/A;#N/A;#N/A
Veľká Čalomija;2018-07-01;49;B;SK;2018;48,070834;19,2014602;Slovensko;Banskobystrický kraj;okres Veľký Krtíš
Veľká Čausa;1994-01-01;39;A;SK;1994;48,7772663;18,6977033;Slovensko;Trenčiansky kraj;okres Prievidza
Velká Černoc;;7;D;CZ;1899;#N/A;#N/A;#N/A;#N/A;#N/A
Veľká Čierna;1994-01-01;38;B;SK;1994;49,0916531;18,5902572;Slovensko;Žilinský kraj;okres Žilina
Velká Dobrá;;8;C;CZ;1899;#N/A;#N/A;#N/A;#N/A;#N/A
Veľká Dolina;2019-09-16;48;A;SK;2019;48,1848825;18,0319757;Slovensko;Nitriansky kraj;okres Nitra
Veľká Franková;2022-07-10;27;C;SK;2022;49,3380439;20,2934499;Slovensko;Prešovský kraj;okres Kežmarok
Velká Hleďsebe;;6;C;CZ;1899;#N/A;#N/A;#N/A;#N/A;#N/A
Veľká Hradná;2003-12-30;38;A;SK;2003;48,7689035;18,1421733;Slovensko;Trenčiansky kraj;okres Trenčín
Velká Chuchle;1995-07-29;8;D;CZ;1995;#N/A;#N/A;#N/A;#N/A;#N/A
Velká Chyška;;19;D;CZ;1899;#N/A;#N/A;#N/A;#N/A;#N/A
Veľká Ida;2021-05-22;42;D;SK;2021;48,5932892;21,1663361;Slovensko;Košický kraj;okres Košice - okolie
Velká Jesenice;;11;A;CZ;1899;#N/A;#N/A;#N/A;#N/A;#N/A
Velká Kraš;;12;B;CZ;1899;#N/A;#N/A;#N/A;#N/A;#N/A
Velká Lečice;;18;B;CZ;1899;#N/A;#N/A;#N/A;#N/A;#N/A
Veľká Lehota;2018-07-01;38;D;SK;2018;48,4546626;18,5600384;Slovensko;Banskobystrický kraj;okres Žarnovica
Veľká Lehôtka;;39;C;SK;1899;48,7547164;18,6688305;Slovensko;Trenčiansky kraj;okres Prievidza
Velká Lhota;;24;C;CZ;1899;#N/A;#N/A;#N/A;#N/A;#N/A
Veľká Lomnica;1994-01-01;27;D;SK;1994;49,1163282;20,3586547;Slovensko;Prešovský kraj;okres Kežmarok
Velká Losenice;;20;B;CZ;1899;#N/A;#N/A;#N/A;#N/A;#N/A
Veľká Lúka;1994-01-01;39;D;SK;1994;48,6297894;19,1679797;Slovensko;Banskobystrický kraj;okres Zvolen
Veľká Mača;2018-07-01;47;B;SK;2018;48,2439419;17,6931831;Slovensko;Trnavský kraj;okres Galanta
Veľká Maňa;2023-08-19;48;A;SK;2023;48,1539279;18,2869761;Slovensko;Nitriansky kraj;okres Nové Zámky
Velká nad Veličkou;;37;A;CZ;1899;#N/A;#N/A;#N/A;#N/A;#N/A
Veľká Paka;2025-08-02;47;A;SK;2025;48,0394412;17,4079553;Slovensko;Trnavský kraj;okres Dunajská Streda
Veľká Poľana;;30;C;SK;1899;49,0919964;22,3163641;Slovensko;Prešovský kraj;okres Snina
Velká Polom;2018-07-01;24;A;CZ;2018;#N/A;#N/A;#N/A;#N/A;#N/A
Veľká Trňa;;43;D;SK;1899;48,4666667;21,6833333;Slovensko;Košický kraj;okres Trebišov
Velká Úpa;;4;A;CZ;1899;#N/A;#N/A;#N/A;#N/A;#N/A
Veľká Ves;2019-06-22;40;D;SK;2019;48,3814615;19,6746601;Slovensko;Banskobystrický kraj;okres Poltár
Velké Bedzany;2018-07-01;38;C;SK;2018;48,6070407;18,1526343;Slovensko;Nitriansky kraj;okres Topoľčany
Veľké Bielice;1994-01-01;38;D;SK;1994;48,6246861;18,349706;Slovensko;Trenčiansky kraj;okres Partizánske
Veľké Bierovce;2018-07-01;37;B;SK;2018;48,8529373;17,9835086;Slovensko;Trenčiansky kraj;okres Trenčín
Velké Bílovice;2019-09-06;36;A;CZ;2019;#N/A;#N/A;#N/A;#N/A;#N/A
Veľké Blahovo;2025-08-02;47;A;SK;2025;48,01158;17,5784956;Slovensko;Trnavský kraj;okres Dunajská Streda
Velké Březno;;2;A;CZ;1899;#N/A;#N/A;#N/A;#N/A;#N/A
Veľké Dravce;1994-01-01;50;B;SK;1994;48,34648;19,8370655;Slovensko;Banskobystrický kraj;okres Lučenec
Veľké Dvorany;2018-07-01;38;C;SK;2018;48,5574865;18,0727057;Slovensko;Nitriansky kraj;okres Topoľčany
Velké Hamry;;4;A;CZ;1899;#N/A;#N/A;#N/A;#N/A;#N/A
Velké Heraltice;;13;D;CZ;1899;#N/A;#N/A;#N/A;#N/A;#N/A
Veľké Hoste;2018-07-01;38;C;SK;2018;48,6800415;18,1573767;Slovensko;Trenčiansky kraj;okres Bánovce nad Bebravou
Velké Hoštice;2022-04-16;13;D;CZ;2022;#N/A;#N/A;#N/A;#N/A;#N/A
Veľké Chlievany;2018-07-01;38;C;SK;2018;48,7037841;18,2245087;Slovensko;Trenčiansky kraj;okres Bánovce nad Bebravou
Veľké Chraštany;2023-08-19;48;A;SK;2023;48,3380241;18,3008584;Slovensko;Nitriansky kraj;okres Zlaté Moravce
Velké Chvojno;;2;A;CZ;1899;#N/A;#N/A;#N/A;#N/A;#N/A
Veľké Chyndice;2023-08-19;48;A;SK;2023;48,2912401;18,286306;Slovensko;Nitriansky kraj;okres Nitra
Veľké Janíkovce;;48;A;SK;1899;48,2755116;18,1448453;Slovensko;Nitriansky kraj;okres Nitra
Veľké Kapušany;;44;C;SK;1899;48,5538814;22,0773719;Slovensko;Košický kraj;okres Michalovce
Velké Karlovice;2018-07-01;24;C;CZ;2018;#N/A;#N/A;#N/A;#N/A;#N/A
Veľké Kosihy;2025-08-02;47;D;SK;2025;47,7644167;17,8842774;Slovensko;Nitriansky kraj;okres Komárno
Veľké Kostoľany;1994-01-01;37;D;SK;1994;48,5083021;17,7238721;Slovensko;Trnavský kraj;okres Piešťany
Veľké Košecké Podhradie;;38;A;SK;1899;48,9780341;18,3150673;Slovensko;Trenčiansky kraj;okres Ilava
Veľké Kozmálovce;1994-01-01;48;B;SK;1994;48,2712551;18,5403399;Slovensko;Nitriansky kraj;okres Levice
Veľké Kršteňany;2018-07-01;38;D;SK;2018;48,6454787;18,4133711;Slovensko;Trenčiansky kraj;okres Partizánske
Velké Kunětice;;12;B;CZ;1899;#N/A;#N/A;#N/A;#N/A;#N/A
Veľké Leváre;1994-01-01;36;C;SK;1994;48,5032707;17,0022088;Slovensko;Bratislavský kraj;okres Malacky
Veľké Losiny;2018-07-01;12;D;CZ;2018;#N/A;#N/A;#N/A;#N/A;#N/A
Veľké Lovce;2024-08-04;48;B;SK;2024;48,0609341;18,3354166;Slovensko;Nitriansky kraj;okres Nové Zámky
Veľké Ludince;1994-01-01;48;D;SK;1994;47,9637003;18,5099166;Slovensko;Nitriansky kraj;okres Levice
Velké Meziřičí;;21;C;CZ;1899;#N/A;#N/A;#N/A;#N/A;#N/A
Velké Němčice;2001-06-16;36;A;CZ;2001;#N/A;#N/A;#N/A;#N/A;#N/A
Velké Opatovice;;22;A;CZ;1899;#N/A;#N/A;#N/A;#N/A;#N/A
Veľké Ozorovce;;43;C;SK;1899;48,6641396;21,6088072;Slovensko;Košický kraj;okres Trebišov
Velké Pavlovice;;36;A;CZ;1899;#N/A;#N/A;#N/A;#N/A;#N/A
Velké Petrovice;2022-04-14;11;A;CZ;2022;#N/A;#N/A;#N/A;#N/A;#N/A
Veľké Pole;2000-07-19;38;D;SK;2000;48,5409246;18,5654024;Slovensko;Banskobystrický kraj;okres Žarnovica
Velké Popovice;1994-01-01;9;C;CZ;1994;#N/A;#N/A;#N/A;#N/A;#N/A
Velké Přílepy;;8;D;CZ;1899;#N/A;#N/A;#N/A;#N/A;#N/A
Velké Přítočno;;8;C;CZ;1899;#N/A;#N/A;#N/A;#N/A;#N/A
Veľké Ripňany;2018-07-01;37;D;SK;2018;48,5052465;17,9619921;Slovensko;Nitriansky kraj;okres Topoľčany
Veľké Rovné;2004-02-14;24;D;SK;2004;49,2921394;18,5828788;Slovensko;Žilinský kraj;okres Bytča
Veľké Slemence;;44;C;SK;1899;48,5088367;22,1424092;Slovensko;Košický kraj;okres Michalovce
Veľké Stankovce;2004-01-01;37;B;SK;2004;48,8293815;17,9898576;Slovensko;Trenčiansky kraj;okres Trenčín
Veľké Straciny;2018-07-01;50;A;SK;2018;48,1965543;19,3955224;Slovensko;Banskobystrický kraj;okres Veľký Krtíš
Velké Svatoňovice;;11;A;CZ;1899;#N/A;#N/A;#N/A;#N/A;#N/A
Veľké Teriakovce;2019-06-22;40;D;SK;2019;48,4333108;19,9663666;Slovensko;Banskobystrický kraj;okres Rimavská Sobota
Veľké Trakany;;44;C;SK;1899;48,3909885;22,0947784;Slovensko;Košický kraj;okres Trebišov
Veľké Uherce;2025-05-02;38;D;SK;2025;48,6078149;18,4360036;Slovensko;Trenčiansky kraj;okres Partizánske
Veľké Úľany;2019-06-08;47;A;SK;2019;48,1638745;17,5764673;Slovensko;Trnavský kraj;okres Galanta
Veľké Vozokany;1994-01-01;48;B;SK;1994;48,3228054;18,4105152;Slovensko;Nitriansky kraj;okres Zlaté Moravce
Velké Vrbno;;12;D;CZ;1899;#N/A;#N/A;#N/A;#N/A;#N/A
Velké Všelisy;;9;A;CZ;1899;#N/A;#N/A;#N/A;#N/A;#N/A
Veľké Zalužice;;43;B;SK;1899;48,7531172;21,9847235;Slovensko;Košický kraj;okres Michalovce
Veľké Zálužie;2000-01-01;47;B;SK;2000;48,3075902;17,9381428;Slovensko;Nitriansky kraj;okres Nitra
Veľké Zlievce;2018-07-01;50;A;SK;2018;48,1997132;19,4550975;Slovensko;Banskobystrický kraj;okres Veľký Krtíš
Velké Žernoseky;;8;A;CZ;1899;#N/A;#N/A;#N/A;#N/A;#N/A
Velký Beranov;;20;D;CZ;1899;#N/A;#N/A;#N/A;#N/A;#N/A
Veľký Biel;1994-01-01;47;A;SK;1994;48,2134001;17,3598861;Slovensko;Bratislavský kraj;okres Senec
Veľky Blh;2019-06-23;41;C;SK;2019;48,4450256;20,1169588;Slovensko;Banskobystrický kraj;okres Rimavská Sobota
Velký Bor;1995-08-09;17;D;CZ;1995;#N/A;#N/A;#N/A;#N/A;#N/A
Velký Borek;;8;B;CZ;1899;#N/A;#N/A;#N/A;#N/A;#N/A
Veľký Cetín;2023-08-19;48;A;SK;2023;48,218995;18,1970001;Slovensko;Nitriansky kraj;okres Nitra
Velký Dřevíč;;11;A;CZ;1899;#N/A;#N/A;#N/A;#N/A;#N/A
Veľký Ďur;1994-01-01;48;B;SK;1994;48,2115758;18,4443494;Slovensko;Nitriansky kraj;okres Levice
Veľký Folkmar;2001-07-06;42;B;SK;2001;48,8574161;21,0146752;Slovensko;Košický kraj;okres Gelnica
Veľký Grob;2018-07-01;47;A;SK;2018;48,2513676;17,4941888;Slovensko;Trnavský kraj;okres Galanta
Veľký Horeš;;43;D;SK;1899;48,38349;21,9102042;Slovensko;Košický kraj;okres Trebišov
Veľký Kamenec;;43;D;SK;1899;48,3610283;21,8078227;Slovensko;Košický kraj;okres Trebišov
Veľký Krtíš;2002-09-28;50;A;SK;2002;48,2093428;19,3490365;Slovensko;Banskobystrický kraj;okres Veľký Krtíš
Veľký Lipník;1994-01-01;27;D;SK;1994;49,3747591;20,497036;Slovensko;Prešovský kraj;okres Stará Ľubovňa
Veľký Lom;;50;A;SK;1899;48,3384459;19,3706229;Slovensko;Banskobystrický kraj;okres Veľký Krtíš
Velký Malahov;;16;B;CZ;1899;#N/A;#N/A;#N/A;#N/A;#N/A
Velký Ořechov;;37;A;CZ;1899;#N/A;#N/A;#N/A;#N/A;#N/A
Velký Osek;;9;D;CZ;1899;#N/A;#N/A;#N/A;#N/A;#N/A
Veľký Ruskov;;43;D;SK;1899;48,6498597;21,6786503;Slovensko;Košický kraj;okres Trebišov
Veľký Slavkov;1994-01-01;41;A;SK;1994;49,0934861;20,2821845;Slovensko;Prešovský kraj;okres Poprad
Veľký Šariš;1994-01-01;42;B;SK;1994;49,0406385;21,1972706;Slovensko;Prešovský kraj;okres Prešov
Veľký Šenov;;2;B;CZ;1899;#N/A;#N/A;#N/A;#N/A;#N/A
Velký Újezd (Mělník);;9;A;CZ;1899;#N/A;#N/A;#N/A;#N/A;#N/A
Velky Újezd (Olomouc);;23;A;CZ;1899;#N/A;#N/A;#N/A;#N/A;#N/A
Velký Valtínov;;3;A;CZ;1899;#N/A;#N/A;#N/A;#N/A;#N/A
Velký Vřešťov;;10;B;CZ;1899;#N/A;#N/A;#N/A;#N/A;#N/A
Veltruby;;9;D;CZ;1899;#N/A;#N/A;#N/A;#N/A;#N/A
Veltrusy;1994-01-01;8;B;CZ;1994;#N/A;#N/A;#N/A;#N/A;#N/A
Velušovce;2018-07-01;38;C;SK;2018;48,6302305;18,097934;Slovensko;Nitriansky kraj;okres Topoľčany
Velvary;;8;A;CZ;1899;#N/A;#N/A;#N/A;#N/A;#N/A
Věmyslice;;35;A;CZ;1899;#N/A;#N/A;#N/A;#N/A;#N/A
Vendolí;;21;B;CZ;1899;#N/A;#N/A;#N/A;#N/A;#N/A
Vendryně;1994-01-01;25;A;CZ;1994;#N/A;#N/A;#N/A;#N/A;#N/A
Verměřovice;;11;D;CZ;1899;#N/A;#N/A;#N/A;#N/A;#N/A
Vernár;1994-01-01;41;A;SK;1994;48,9178674;20,2703686;Slovensko;Prešovský kraj;okres Poprad
Verneřice;;2;B;CZ;1899;#N/A;#N/A;#N/A;#N/A;#N/A
Vernéřov;;7;A;CZ;1899;#N/A;#N/A;#N/A;#N/A;#N/A
Vernířovice;;12;D;CZ;1899;#N/A;#N/A;#N/A;#N/A;#N/A
Věrovony;;22;D;CZ;1899;#N/A;#N/A;#N/A;#N/A;#N/A
Věřňovice;;14;D;CZ;1899;#N/A;#N/A;#N/A;#N/A;#N/A
Veřovice;2003-10-04;24;A;CZ;2003;#N/A;#N/A;#N/A;#N/A;#N/A
Ves Touškov;;16;B;CZ;1899;#N/A;#N/A;#N/A;#N/A;#N/A
Veselá (Mladá Boleslav);;9;B;CZ;1899;#N/A;#N/A;#N/A;#N/A;#N/A
Veselá (Pelhřimov);;19;D;CZ;1899;#N/A;#N/A;#N/A;#N/A;#N/A
Veselá (Rokycany);;17;A;CZ;1899;#N/A;#N/A;#N/A;#N/A;#N/A
Veselé;2018-09-01;37;D;SK;2018;48,54973;17,73434;Slovakia;Trnavský kraj;okres Piešťany
Veselíčko (Písek);;18;D;CZ;1899;#N/A;#N/A;#N/A;#N/A;#N/A
Veselíčko (Přerov);;23;C;CZ;1899;#N/A;#N/A;#N/A;#N/A;#N/A
Veselí nad Lužnicí;1994-01-01;19;C;CZ;1994;#N/A;#N/A;#N/A;#N/A;#N/A
Veselí nad Moravou;;37;A;CZ;1899;#N/A;#N/A;#N/A;#N/A;#N/A
Veselý Žďár;;20;A;CZ;1899;#N/A;#N/A;#N/A;#N/A;#N/A
Věšín;;17;B;CZ;1899;#N/A;#N/A;#N/A;#N/A;#N/A
Věteřov;;36;B;CZ;1899;#N/A;#N/A;#N/A;#N/A;#N/A
Větrný Jeníkov;;20;C;CZ;1899;#N/A;#N/A;#N/A;#N/A;#N/A
Větřkovice;;23;B;CZ;1899;#N/A;#N/A;#N/A;#N/A;#N/A
Větřní;;32;A;CZ;1899;#N/A;#N/A;#N/A;#N/A;#N/A
Veverská Bítýška;;21;D;CZ;1899;#N/A;#N/A;#N/A;#N/A;#N/A
Veverské Knínice;;21;D;CZ;1899;#N/A;#N/A;#N/A;#N/A;#N/A
Věž;;20;A;CZ;1899;#N/A;#N/A;#N/A;#N/A;#N/A
Věžky;;22;D;CZ;1899;#N/A;#N/A;#N/A;#N/A;#N/A
Věžnice;;20;D;CZ;1899;#N/A;#N/A;#N/A;#N/A;#N/A
Vícov;;22;C;CZ;1899;#N/A;#N/A;#N/A;#N/A;#N/A
Vidče;;24;C;CZ;1899;#N/A;#N/A;#N/A;#N/A;#N/A
Vídeň;;21;C;CZ;1899;#N/A;#N/A;#N/A;#N/A;#N/A
Vidim;;8;B;CZ;1899;#N/A;#N/A;#N/A;#N/A;#N/A
Vidnava;;12;B;CZ;1899;#N/A;#N/A;#N/A;#N/A;#N/A
Vigantice;;24;C;CZ;1899;#N/A;#N/A;#N/A;#N/A;#N/A
Vígľaš;1994-01-01;39;D;SK;1994;48,5552934;19,2938251;Slovensko;Banskobystrický kraj;okres Detva
Vígľašská Huta;2018-07-01;39;D;SK;2018;48,4865014;19,2736116;Slovensko;Banskobystrický kraj;okres Detva
Víchová nad Jizerou;;10;A;CZ;1899;#N/A;#N/A;#N/A;#N/A;#N/A
Vikantice;;12;C;CZ;1899;#N/A;#N/A;#N/A;#N/A;#N/A
Vikartovce;1994-01-01;41;A;SK;1994;48,9936393;20,151827;Slovensko;Prešovský kraj;okres Poprad
Vikýřovice;;12;D;CZ;1899;#N/A;#N/A;#N/A;#N/A;#N/A
Vilémov (Děčín);;2;B;CZ;1899;#N/A;#N/A;#N/A;#N/A;#N/A
Vilémov (Havlíčkův Brod);;20;A;CZ;1899;#N/A;#N/A;#N/A;#N/A;#N/A
Vilémov (Chomutov);;7;A;CZ;1899;#N/A;#N/A;#N/A;#N/A;#N/A
Vilémovice;2001-06-16;22;C;CZ;2001;#N/A;#N/A;#N/A;#N/A;#N/A
Vilice;;19;A;CZ;1899;#N/A;#N/A;#N/A;#N/A;#N/A
Vilsnice;;2;A;CZ;1899;#N/A;#N/A;#N/A;#N/A;#N/A
Vimperk;;31;B;CZ;1899;#N/A;#N/A;#N/A;#N/A;#N/A
Vinaře;;10;C;CZ;1899;#N/A;#N/A;#N/A;#N/A;#N/A
Vinařice (Kladno);;8;C;CZ;1899;#N/A;#N/A;#N/A;#N/A;#N/A
Vinařice (Louny);;7;B;CZ;1899;#N/A;#N/A;#N/A;#N/A;#N/A
Vinica;;49;B;SK;1899;48,1160786;19,1236839;Slovensko;Banskobystrický kraj;okres Veľký Krtíš
Viničné;1994-01-01;46;B;SK;1994;48,2714954;17,3017308;Slovensko;Bratislavský kraj;okres Pezinok
Viničné Šumice;;22;C;CZ;1899;#N/A;#N/A;#N/A;#N/A;#N/A
Vinné;2020-07-26;43;B;SK;2020;48,8086055;21,9661877;Slovensko;Košický kraj;okres Michalovce
Vinodol;2023-08-19;48;A;SK;2023;48,1860691;18,2062895;Slovensko;Nitriansky kraj;okres Nitra
Vinoř;;8;D;CZ;1899;#N/A;#N/A;#N/A;#N/A;#N/A
Vintířov;;6;A;CZ;1899;#N/A;#N/A;#N/A;#N/A;#N/A
Vír;;21;B;CZ;1899;#N/A;#N/A;#N/A;#N/A;#N/A
Vislava;2020-06-19;29;C;SK;2020;49,2784805;21,6630597;Slovensko;Prešovský kraj;okres Stropkov
Visolaje;2018-07-01;38;B;SK;2018;49,0685677;18,3619468;Slovensko;Trenčiansky kraj;okres Púchov
Višňová (Liberec);;3;B;CZ;1899;#N/A;#N/A;#N/A;#N/A;#N/A
Višňová (Příbram);;18;A;CZ;1899;#N/A;#N/A;#N/A;#N/A;#N/A
Višňové (Znojmo);;35;A;CZ;1899;#N/A;#N/A;#N/A;#N/A;#N/A
Višňové (Žilina);2021-07-26;25;C;SK;2021;49,1632839;18,7789823;Slovensko;Žilinský kraj;okres Žilina
Vištuk;2025-09-15;47;A;SK;2025;48,3346952;17,3953103;Slovensko;Bratislavský kraj;okres Pezinok
Vitanová;1994-01-01;26;D;SK;1994;49,3552595;19,7273421;Slovensko;Žilinský kraj;okres Tvrdošín
Víťaz;;42;A;SK;1899;48,971919;20,9532312;Slovensko;Prešovský kraj;okres Prešov
Vítějeves;;21;B;CZ;1899;#N/A;#N/A;#N/A;#N/A;#N/A
Vítějovice;;32;A;CZ;1899;#N/A;#N/A;#N/A;#N/A;#N/A
Vítězná;;10;B;CZ;1899;#N/A;#N/A;#N/A;#N/A;#N/A
Vitín;;32;B;CZ;1899;#N/A;#N/A;#N/A;#N/A;#N/A
Vítkov (Liberec);;3;B;CZ;1899;#N/A;#N/A;#N/A;#N/A;#N/A
Vítkov (Opava);;23;B;CZ;1899;#N/A;#N/A;#N/A;#N/A;#N/A
Vítkovice;;4;A;CZ;1899;#N/A;#N/A;#N/A;#N/A;#N/A
Vítonice (Kroměříž);;23;D;CZ;1899;#N/A;#N/A;#N/A;#N/A;#N/A
Vítonice (Znojmo);2023-05-01;35;A;CZ;2023;#N/A;#N/A;#N/A;#N/A;#N/A
Vizovice;;23;D;CZ;1899;#N/A;#N/A;#N/A;#N/A;#N/A
Vladislav;2021-09-10;20;D;CZ;2021;#N/A;#N/A;#N/A;#N/A;#N/A
Vlachovice;;37;B;CZ;1899;#N/A;#N/A;#N/A;#N/A;#N/A
Vlachovo;1994-01-01;41;B;SK;1994;48,7722515;20,4127581;Slovensko;Košický kraj;okres Rožňava
Vlachovo Březí;;31;B;CZ;1899;#N/A;#N/A;#N/A;#N/A;#N/A
Vlasatice;2023-05-01;35;B;CZ;2023;#N/A;#N/A;#N/A;#N/A;#N/A
Vlastiboř;;18;D;CZ;1899;#N/A;#N/A;#N/A;#N/A;#N/A
Vlastibořice;;9;B;CZ;1899;#N/A;#N/A;#N/A;#N/A;#N/A
Vlašim;;19;A;CZ;1899;#N/A;#N/A;#N/A;#N/A;#N/A
Vlaštovičky;;13;D;CZ;1899;#N/A;#N/A;#N/A;#N/A;#N/A
Vlčany;2025-08-16;47;B;SK;2025;48,0377641;17,9526505;Slovensko;Nitriansky kraj;okres Šaľa
Vlčatín;;20;D;CZ;1899;#N/A;#N/A;#N/A;#N/A;#N/A
Vlčice (Šumperk);2022-04-15;12;B;CZ;2022;#N/A;#N/A;#N/A;#N/A;#N/A
Vlčice (Trutnov);;10;B;CZ;1899;#N/A;#N/A;#N/A;#N/A;#N/A
Vlčkovce;2018-07-01;47;A;SK;2018;48,3131448;17,6495373;Slovensko;Trnavský kraj;okres Trnava
Vlčkovice v Podkrkonoší;;10;B;CZ;1899;#N/A;#N/A;#N/A;#N/A;#N/A
Vlčnov;;37;A;CZ;1899;#N/A;#N/A;#N/A;#N/A;#N/A
Vlkaneč;;20;A;CZ;1899;#N/A;#N/A;#N/A;#N/A;#N/A
Vlkanová;1994-01-01;39;D;SK;1994;48,6682365;19,1465694;Slovensko;Banskobystrický kraj;okres Banská Bystrica
Vlkas;2023-08-19;48;A;SK;2023;48,1269152;18,2769265;Slovensko;Nitriansky kraj;okres Nové Zámky
Vlkava;;9;D;CZ;1899;#N/A;#N/A;#N/A;#N/A;#N/A
Vlkoš (Hoodonín);2020-06-27;36;B;CZ;2020;#N/A;#N/A;#N/A;#N/A;#N/A
Vlkoš (Přerov);;23;C;CZ;1899;#N/A;#N/A;#N/A;#N/A;#N/A
Vlkyňa;;51;B;SK;1899;48,2828841;20,3000989;Slovensko;Banskobystrický kraj;okres Rimavská Sobota
Vnorovy;;37;A;CZ;1899;#N/A;#N/A;#N/A;#N/A;#N/A
Voderady;2018-07-01;47;A;SK;2018;48,2765255;17,559025;Slovensko;Trnavský kraj;okres Trnava
Voděrady (Blansko);;21;D;CZ;1899;#N/A;#N/A;#N/A;#N/A;#N/A
Voděrady (Rychnov nad Kněžnou);;11;C;CZ;1899;#N/A;#N/A;#N/A;#N/A;#N/A
Vodice;;19;C;CZ;1899;#N/A;#N/A;#N/A;#N/A;#N/A
Vodňany;;18;C;CZ;1899;#N/A;#N/A;#N/A;#N/A;#N/A
Vodokrty;;17;A;CZ;1899;#N/A;#N/A;#N/A;#N/A;#N/A
Vojany;;44;C;SK;1899;48,5696123;21,9899835;Slovensko;Košický kraj;okres Michalovce
Vojčice;2026-06-01;43;D;SK;2026;48,6770472;21,7162882;Slovensko;Košický kraj;okres Trebišov
Vojka nad Dunajom;1994-01-01;47;C;SK;1994;47,9748546;17,384027;Slovensko;Trnavský kraj;okres Dunajská Streda
Vojkov;;18;B;CZ;1899;#N/A;#N/A;#N/A;#N/A;#N/A
Vojkovice (Karlovy Vary);;6;B;CZ;1899;#N/A;#N/A;#N/A;#N/A;#N/A
Vojkovice (Mělník);;8;B;CZ;1899;#N/A;#N/A;#N/A;#N/A;#N/A
Vojnice;1994-01-01;48;D;SK;1994;47,8293849;18,4090901;Slovensko;Nitriansky kraj;okres Komárno
Vojnův Městec;;20;B;CZ;1899;#N/A;#N/A;#N/A;#N/A;#N/A
Vojtanov;;5;D;CZ;1899;#N/A;#N/A;#N/A;#N/A;#N/A
Volary;;31;B;CZ;1899;#N/A;#N/A;#N/A;#N/A;#N/A
Volduchy;;17;B;CZ;1899;#N/A;#N/A;#N/A;#N/A;#N/A
Volenice (Příbram);;17;B;CZ;1899;#N/A;#N/A;#N/A;#N/A;#N/A
Volenice (Strakonice);;17;D;CZ;1899;#N/A;#N/A;#N/A;#N/A;#N/A
Voletiny;;10;B;CZ;1899;#N/A;#N/A;#N/A;#N/A;#N/A
Volfartice;;2;B;CZ;1899;#N/A;#N/A;#N/A;#N/A;#N/A
Volfířov;;34;A;CZ;1899;#N/A;#N/A;#N/A;#N/A;#N/A
Volkovce;1994-01-01;48;B;SK;1994;48,3377913;18,4555916;Slovensko;Nitriansky kraj;okres Zlaté Moravce
Volyně;;17;D;CZ;1899;#N/A;#N/A;#N/A;#N/A;#N/A
Votice;1994-01-01;19;A;CZ;1994;#N/A;#N/A;#N/A;#N/A;#N/A
Voznica;1994-01-01;39;C;SK;1994;48,4610751;18,6972528;Slovensko;Banskobystrický kraj;okres Žarnovica
Voznice;;18;A;CZ;1899;#N/A;#N/A;#N/A;#N/A;#N/A
Vozokany;2019-06-02;47;B;SK;2019;48,5648252;17,9944395;Slovensko;Nitriansky kraj;okres Topoľčany
Vrábče;1995-08-09;32;B;CZ;1995;#N/A;#N/A;#N/A;#N/A;#N/A
Vráble;1994-01-01;48;A;SK;1994;48,2442845;18,3061153;Slovensko;Nitriansky kraj;okres Nitra
Vraclav;;11;C;CZ;1899;#N/A;#N/A;#N/A;#N/A;#N/A
Vracov;2020-06-27;36;B;CZ;2020;#N/A;#N/A;#N/A;#N/A;#N/A
Vrádište;;36;B;SK;1899;48,824013;17,1921551;Slovensko;Trnavský kraj;okres Skalica
Vrahovice;;22;D;CZ;1899;#N/A;#N/A;#N/A;#N/A;#N/A
Vrakúň;2025-08-02;47;C;SK;2025;47,9386556;17,6040223;Slovensko;Trnavský kraj;okres Dunajská Streda
Vrakuňa;1994-01-01;46;B;SK;1994;48,145195;17,2004942;Slovensko;Bratislavský kraj;
Vraňany;;8;B;CZ;1899;#N/A;#N/A;#N/A;#N/A;#N/A
Vrané nad Vltavou;;8;D;CZ;1899;#N/A;#N/A;#N/A;#N/A;#N/A
Vranov (Benešov);;19;A;CZ;1899;#N/A;#N/A;#N/A;#N/A;#N/A
Vranov (Brno-venkov);;21;D;CZ;1899;#N/A;#N/A;#N/A;#N/A;#N/A
Vranov (Znojmo);2004-05-22;34;B;CZ;2004;#N/A;#N/A;#N/A;#N/A;#N/A
Vranová Lhota;;22;A;CZ;1899;#N/A;#N/A;#N/A;#N/A;#N/A
Vranovice (Břeclav);1994-01-01;35;B;CZ;1994;#N/A;#N/A;#N/A;#N/A;#N/A
Vranovice (Rokycany);;17;B;CZ;1899;#N/A;#N/A;#N/A;#N/A;#N/A
Vranov nad Topľou;2020-07-26;43;B;SK;2020;48,8891513;21,6822318;Slovensko;Prešovský kraj;okres Vranov nad Topľou
Vranovská Ves;;34;B;CZ;1899;#N/A;#N/A;#N/A;#N/A;#N/A
Vraný;;8;A;CZ;1899;#N/A;#N/A;#N/A;#N/A;#N/A
Vratěnín;;34;A;CZ;1899;#N/A;#N/A;#N/A;#N/A;#N/A
Vratimov;2018-07-01;24;A;CZ;2018;#N/A;#N/A;#N/A;#N/A;#N/A
Vratislavice nad Nisou;;3;B;CZ;1899;#N/A;#N/A;#N/A;#N/A;#N/A
Vrátno;;9;A;CZ;1899;#N/A;#N/A;#N/A;#N/A;#N/A
Vráž (Beroun);;8;C;CZ;1899;#N/A;#N/A;#N/A;#N/A;#N/A
Vráž (Písek);;18;C;CZ;1899;#N/A;#N/A;#N/A;#N/A;#N/A
Vražné;;23;B;CZ;1899;#N/A;#N/A;#N/A;#N/A;#N/A
Vrbátky;;22;D;CZ;1899;#N/A;#N/A;#N/A;#N/A;#N/A
Vrbatův Kostelec;;20;B;CZ;1899;#N/A;#N/A;#N/A;#N/A;#N/A
Vrbčany;;9;D;CZ;1899;#N/A;#N/A;#N/A;#N/A;#N/A
Vrbice (Břeclav);;36;A;CZ;1899;#N/A;#N/A;#N/A;#N/A;#N/A
Vrbice (Karviná);;24;A;CZ;1899;#N/A;#N/A;#N/A;#N/A;#N/A
Vrbno nad Lesy;;7;B;CZ;1899;#N/A;#N/A;#N/A;#N/A;#N/A
Vrbno pod Pradědem;2022-04-15;13;C;CZ;2022;#N/A;#N/A;#N/A;#N/A;#N/A
Vrbov;1994-01-01;41;B;SK;1994;49,0878588;20,425362;Slovensko;Prešovský kraj;okres Kežmarok
Vrbovce;2018-09-01;37;A;SK;2018;48,7994375;17,4688863;Slovensko;Trenčiansky kraj;okres Myjava
Vrbové;2018-07-01;37;D;SK;2018;48,6195312;17,7238763;Slovensko;Trnavský kraj;okres Piešťany
Vrbovec;;35;A;CZ;1899;#N/A;#N/A;#N/A;#N/A;#N/A
Vrbovka;2018-07-01;50;A;SK;2018;48,089635;19,4071489;Slovensko;Banskobystrický kraj;okres Veľký Krtíš
Vrcovice;;18;C;CZ;1899;#N/A;#N/A;#N/A;#N/A;#N/A
Vrčeň;;17;A;CZ;1899;#N/A;#N/A;#N/A;#N/A;#N/A
Vrdy;;10;C;CZ;1899;#N/A;#N/A;#N/A;#N/A;#N/A
Vrchlabí;;10;B;CZ;1899;#N/A;#N/A;#N/A;#N/A;#N/A
Vrchotovy Janovice;;18;B;CZ;1899;#N/A;#N/A;#N/A;#N/A;#N/A
Vrchoviny;2022-04-14;11;A;CZ;2022;#N/A;#N/A;#N/A;#N/A;#N/A
Vrchteplá;1998-04-12;38;B;SK;1998;49,1304533;18,5629409;Slovensko;Trenčiansky kraj;okres Považská Bystrica
Vrch Predmier;;24;D;SK;1899;49,4189359;18,6238075;Slovensko;Žilinský kraj;okres Čadca
Vrchy;;23;B;CZ;1899;#N/A;#N/A;#N/A;#N/A;#N/A
Vrícko;;39;A;SK;1899;48,9695766;18,7057567;Slovensko;Žilinský kraj;okres Martin
Vrkoslavice;;3;B;CZ;1899;#N/A;#N/A;#N/A;#N/A;#N/A
Vroutek;;7;C;CZ;1899;#N/A;#N/A;#N/A;#N/A;#N/A
Vrskmaň;;7;A;CZ;1899;#N/A;#N/A;#N/A;#N/A;#N/A
Vrútky;1994-01-01;39;A;SK;1994;49,1088603;18,9250702;Slovensko;Žilinský kraj;okres Martin
Vřesina;;24;A;CZ;1899;#N/A;#N/A;#N/A;#N/A;#N/A
Vřeskovice;;16;B;CZ;1899;#N/A;#N/A;#N/A;#N/A;#N/A
Vřesovice;;36;B;CZ;1899;#N/A;#N/A;#N/A;#N/A;#N/A
Vsetín;1994-01-01;23;D;CZ;1994;#N/A;#N/A;#N/A;#N/A;#N/A
Všebořice;;2;A;CZ;1899;#N/A;#N/A;#N/A;#N/A;#N/A
Všechlapy;;9;D;CZ;1899;#N/A;#N/A;#N/A;#N/A;#N/A
Všechovice;;23;D;CZ;1899;#N/A;#N/A;#N/A;#N/A;#N/A
Všejany;;9;D;CZ;1899;#N/A;#N/A;#N/A;#N/A;#N/A
Všelibice;;9;B;CZ;1899;#N/A;#N/A;#N/A;#N/A;#N/A
Všemina;;23;D;CZ;1899;#N/A;#N/A;#N/A;#N/A;#N/A
Všeň;;9;B;CZ;1899;#N/A;#N/A;#N/A;#N/A;#N/A
Všenory;1995-07-29;8;D;CZ;1995;#N/A;#N/A;#N/A;#N/A;#N/A
Všeradice;;18;A;CZ;1899;#N/A;#N/A;#N/A;#N/A;#N/A
Všeradov;;20;B;CZ;1899;#N/A;#N/A;#N/A;#N/A;#N/A
Všeruby (Domažlice);;16;D;CZ;1899;#N/A;#N/A;#N/A;#N/A;#N/A
Všeruby (Plzeň-sever);;16;B;CZ;1899;#N/A;#N/A;#N/A;#N/A;#N/A
Všestary;;10;D;CZ;1899;#N/A;#N/A;#N/A;#N/A;#N/A
Všetaty;;8;B;CZ;1899;#N/A;#N/A;#N/A;#N/A;#N/A
Výčapy;;34;B;CZ;1899;#N/A;#N/A;#N/A;#N/A;#N/A
Výčapy-Opatovce;;38;C;SK;1899;48,408736;18,080771;Slovensko;Nitriansky kraj;okres Nitra
Vydraň;2020-06-19;29;D;SK;2020;49,2917983;21,9340446;Slovensko;Prešovský kraj;okres Medzilaborce
Vydrany;2000-06-11;47;A;SK;2000;48,0170341;17,5856348;Slovensko;Trnavský kraj;okres Dunajská Streda
Vydrník;1994-01-01;41;B;SK;1994;49,0015856;20,406153;Slovensko;Prešovský kraj;okres Poprad
Vyhne;2018-07-01;39;C;SK;2018;48,504491;18,8029589;Slovensko;Banskobystrický kraj;okres Žiar nad Hronom
Východná;1994-01-01;40;B;SK;1994;49,0612289;19,8946117;Slovensko;Žilinský kraj;okres Liptovský Mikuláš
Vychylovka;1994-01-01;25;D;SK;1994;49,3752559;19,0659068;Slovensko;Žilinský kraj;okres Čadca
Vyklantice;;19;B;CZ;1899;#N/A;#N/A;#N/A;#N/A;#N/A
Vyklice;;2;A;CZ;1899;#N/A;#N/A;#N/A;#N/A;#N/A
Výprachtice;;12;C;CZ;1899;#N/A;#N/A;#N/A;#N/A;#N/A
Výrov;;7;C;CZ;1899;#N/A;#N/A;#N/A;#N/A;#N/A
Výsada;;6;B;CZ;1899;#N/A;#N/A;#N/A;#N/A;#N/A
Vyskeř;;9;B;CZ;1899;#N/A;#N/A;#N/A;#N/A;#N/A
Vyskytná;;20;C;CZ;1899;#N/A;#N/A;#N/A;#N/A;#N/A
Vyskytná nad Jihlavou;;20;B;CZ;1899;#N/A;#N/A;#N/A;#N/A;#N/A
Výsluní;;7;A;CZ;1899;#N/A;#N/A;#N/A;#N/A;#N/A
Vysočany;;34;B;CZ;1899;#N/A;#N/A;#N/A;#N/A;#N/A
Vysoká (Bruntál);;13;C;CZ;1899;#N/A;#N/A;#N/A;#N/A;#N/A
Vysoká (Mělník);;8;B;CZ;1899;#N/A;#N/A;#N/A;#N/A;#N/A
Vysoká (Žiar nad Hronom);1997-08-20;39;C;SK;1997;48,412;18,78946;Slovensko;Banskobystrický kraj;okres Banská Štiavnica
Vysoká Libeň;;9;A;CZ;1899;#N/A;#N/A;#N/A;#N/A;#N/A
Vysoká Libyně;;7;C;CZ;1899;#N/A;#N/A;#N/A;#N/A;#N/A
Vysoká nad Kysucou;1995-07-26;24;D;SK;1995;49,3804047;18,5511963;Slovensko;Žilinský kraj;okres Čadca
Vysoká nad Labem;;10;D;CZ;1899;#N/A;#N/A;#N/A;#N/A;#N/A
Vysoká nad Uhom;;44;C;SK;1899;48,6259789;22,0921952;Slovensko;Košický kraj;okres Michalovce
Vysoká pri Morave;1994-01-01;46;A;SK;1994;48,329538;16,9130472;Slovensko;Bratislavský kraj;okres Malacky
Vysoké Chvojno;;11;C;CZ;1899;#N/A;#N/A;#N/A;#N/A;#N/A
Vysoké Mýto;1994-01-01;11;C;CZ;1994;#N/A;#N/A;#N/A;#N/A;#N/A
Vysoké nad Jizerou;;4;A;CZ;1899;#N/A;#N/A;#N/A;#N/A;#N/A
Vysoké Pole;;23;D;CZ;1899;#N/A;#N/A;#N/A;#N/A;#N/A
Vysoké Popovice;2023-04-29;21;C;CZ;2023;#N/A;#N/A;#N/A;#N/A;#N/A
Vysoké Veselí;;10;A;CZ;1899;#N/A;#N/A;#N/A;#N/A;#N/A
Vysoký Chlumec;;18;B;CZ;1899;#N/A;#N/A;#N/A;#N/A;#N/A
Vysoký Újezd;1994-01-01;18;B;CZ;1994;#N/A;#N/A;#N/A;#N/A;#N/A
Vyšetice;;19;A;CZ;1899;#N/A;#N/A;#N/A;#N/A;#N/A
Vyškov;2019-09-05;22;D;CZ;2019;#N/A;#N/A;#N/A;#N/A;#N/A
Vyškovce nad Ipľom;1994-01-01;49;A;SK;1994;48,0560397;18,8679618;Slovensko;Nitriansky kraj;okres Levice
Vyškovec;;37;B;CZ;1899;#N/A;#N/A;#N/A;#N/A;#N/A
Vyšná Boca;1994-01-01;40;B;SK;1994;48,9261529;19,752681;Slovensko;Žilinský kraj;okres Liptovský Mikuláš
Vyšná Olšava;;29;C;SK;1899;49,1582955;21,6047795;Slovensko;Prešovský kraj;okres Stropkov
Vyšná Pokoradz;1994-01-01;41;C;SK;1994;48,4190254;20,0186353;Slovensko;Banskobystrický kraj;okres Rimavská Sobota
Vyšná Revúca;1994-01-01;39;B;SK;1994;48,9090417;19,1658414;Slovensko;Žilinský kraj;okres Ružomberok
Vyšná Rybnica;2020-07-28;44;A;SK;2020;48,8210084;22,1759768;Slovensko;Košický kraj;okres Sobrance
Vyšná Slaná;;41;A;SK;1899;48,7858809;20,3193364;Slovensko;Košický kraj;okres Rožňava
Vyšná Šuňava;1994-01-01;41;A;SK;1994;49,0311154;20,0801968;Slovensko;Prešovský kraj;okres Poprad
Vyšné Hágy;1994-01-01;27;C;SK;1994;49,1186786;20,12556;Slovensko;Prešovský kraj;okres Poprad
Vyšné Ladičkovce;;43;B;SK;1899;49,0361568;21,8907356;Slovensko;Prešovský kraj;okres Humenné
Vyšné Nemecké;;44;A;SK;1899;48,6593683;22,2632096;Slovensko;Košický kraj;okres Sobrance
Vyšné Raslavice;1994-01-01;28;D;SK;1994;49,1493627;21,3175535;Slovensko;Prešovský kraj;okres Bardejov
Vyšné Repaše;2002-07-25;42;A;SK;2002;49,0666715;20,6846058;Slovensko;Prešovský kraj;okres Levoča
Vyšné Revištia;;44;A;SK;1899;48,7450155;22,0926851;Slovensko;Košický kraj;okres Sobrance
Vyšné Ružbachy;1994-01-01;27;D;SK;1994;49,3042641;20,5648591;Slovensko;Prešovský kraj;okres Stará Ľubovňa
Vyšné Valice;2019-06-23;41;C;SK;2019;48,4570989;20,1876574;Slovensko;Banskobystrický kraj;okres Rimavská Sobota
Vyšní Lhoty;;24;B;CZ;1899;#N/A;#N/A;#N/A;#N/A;#N/A
Vyšný Hrušov;;44;A;SK;1899;48,992946;22,010477;Slovensko;Prešovský kraj;okres Humenné
Vyšný Klátov;2021-05-22;42;B;SK;2021;48,7444795;21,1244396;Slovensko;Košický kraj;okres Košice - okolie
Vyšný Komárnik;1996-07-10;29;C;SK;1996;49,4029525;21,7045723;Slovensko;Prešovský kraj;okres Svidník
Vyšný Kubín;1994-01-01;25;D;SK;1994;49,1825953;19,315957;Slovensko;Žilinský kraj;okres Dolný Kubín
Vyšný Mirošov;1996-07-27;29;C;SK;1996;49,3870807;21,4457485;Slovensko;Prešovský kraj;okres Svidník
Vyšný Orlík;1996-07-27;29;C;SK;1996;49,3436167;21,5024549;Slovensko;Prešovský kraj;okres Svidník
Vyšný Slavkov;;42;A;SK;1899;49,0732082;20,8527382;Slovensko;Prešovský kraj;okres Levoča
Vyšný Tvarožec;2020-08-08;28;D;SK;2020;49,3808214;21,1974629;Slovensko;Prešovský kraj;okres Bardejov
Výšovice;;22;D;CZ;1899;#N/A;#N/A;#N/A;#N/A;#N/A
Vyšší Brod;2024-03-30;32;C;CZ;2024;#N/A;#N/A;#N/A;#N/A;#N/A
Vyžlovka;;9;C;CZ;1899;#N/A;#N/A;#N/A;#N/A;#N/A
Zábiedovo;1994-01-01;26;C;SK;1994;49,320123;19,6069033;Slovensko;Žilinský kraj;okres Tvrdošín
Záblatí (Karviná);;24;B;CZ;1899;#N/A;#N/A;#N/A;#N/A;#N/A
Záblatí (Prachatice);;31;B;CZ;1899;#N/A;#N/A;#N/A;#N/A;#N/A
Záblatie;2024-08-11;37;B;SK;2024;48,8951972;17,9949948;Slovensko;Trenčiansky kraj;okres Trenčín
Záborná;;20;D;CZ;1899;#N/A;#N/A;#N/A;#N/A;#N/A
Záborské;;42;B;SK;1899;48,9444452;21,2895645;Slovensko;Prešovský kraj;okres Prešov
Záboří (České Budějovice);;32;A;CZ;1899;#N/A;#N/A;#N/A;#N/A;#N/A
Záboří (Strakonice);;17;D;CZ;1899;#N/A;#N/A;#N/A;#N/A;#N/A
Záboří nad Labem;1994-01-01;10;C;CZ;1994;#N/A;#N/A;#N/A;#N/A;#N/A
Zabrušany;;7;B;CZ;1899;#N/A;#N/A;#N/A;#N/A;#N/A
Zábřeh (Opava);2022-04-16;14;C;CZ;2022;#N/A;#N/A;#N/A;#N/A;#N/A
Zábřeh (Šumperk);1994-01-01;22;A;CZ;1994;#N/A;#N/A;#N/A;#N/A;#N/A
Zádiel;1994-01-01;42;C;SK;1994;48,6138492;20,8327188;Slovensko;Košický kraj;okres Košice - okolie
Zádielske Dvorníky;1994-01-01;42;C;SK;1994;48,6014906;20,8381012;Slovensko;Košický kraj;okres Košice - okolie
Zadní Chodov;;6;C;CZ;1899;#N/A;#N/A;#N/A;#N/A;#N/A
Zadní Jetřichovice;;2;B;CZ;1899;#N/A;#N/A;#N/A;#N/A;#N/A
Zadní Třebáň;1995-07-29;8;C;CZ;1995;#N/A;#N/A;#N/A;#N/A;#N/A
Zádubnie;;25;C;SK;1899;49,239751;18,7736783;Slovensko;Žilinský kraj;okres Žilina
Zádub-Závišín;;6;C;CZ;1899;#N/A;#N/A;#N/A;#N/A;#N/A
Zádveřice;;23;D;CZ;1899;#N/A;#N/A;#N/A;#N/A;#N/A
Záhlinice;2017-09-01;23;C;CZ;2017;#N/A;#N/A;#N/A;#N/A;#N/A
Záhor;;44;C;SK;1899;48,6246742;22,2015963;Slovensko;Košický kraj;okres Sobrance
Záhornice;;10;C;CZ;1899;#N/A;#N/A;#N/A;#N/A;#N/A
Záhorovice;;37;B;CZ;1899;#N/A;#N/A;#N/A;#N/A;#N/A
Záhorská Bystrica;1994-01-01;46;B;SK;1994;48,2392876;17,0383357;Slovensko;Bratislavský kraj;
Záhorská Ves;1995-04-29;46;A;SK;1995;48,3807707;16,8470479;Slovensko;Bratislavský kraj;okres Malacky
Záhořany (Domažlice);;16;D;CZ;1899;#N/A;#N/A;#N/A;#N/A;#N/A
Zahořany (Písek);;18;A;CZ;1899;#N/A;#N/A;#N/A;#N/A;#N/A
Záhoří (Písek);;18;C;CZ;1899;#N/A;#N/A;#N/A;#N/A;#N/A
Záhoří (Semily);;10;A;CZ;1899;#N/A;#N/A;#N/A;#N/A;#N/A
Zahrádka (Havlíčkův Brod);;19;B;CZ;1899;#N/A;#N/A;#N/A;#N/A;#N/A
Zahrádka (Karlovy Vary);;6;D;CZ;1899;#N/A;#N/A;#N/A;#N/A;#N/A
Zahrádky;;8;B;CZ;1899;#N/A;#N/A;#N/A;#N/A;#N/A
Záhradné;2020-06-17;28;D;SK;2020;49,089516;21,2683874;Slovensko;Prešovský kraj;okres Prešov
Zachrašťany;;10;C;CZ;1899;#N/A;#N/A;#N/A;#N/A;#N/A
Zaječí;1994-01-01;36;A;CZ;1994;#N/A;#N/A;#N/A;#N/A;#N/A
Zaječice (Chomutov);;7;B;CZ;1899;#N/A;#N/A;#N/A;#N/A;#N/A
Zaječice (Chrudim);;10;D;CZ;1899;#N/A;#N/A;#N/A;#N/A;#N/A
Zaječov;;17;B;CZ;1899;#N/A;#N/A;#N/A;#N/A;#N/A
Zákamenné;1994-01-01;25;D;SK;1994;49,3880358;19,2946054;Slovensko;Žilinský kraj;okres Námestovo
Zákolany;;8;C;CZ;1899;#N/A;#N/A;#N/A;#N/A;#N/A
Zákopčie;1995-07-26;25;C;SK;1995;49,4064256;18,7306004;Slovensko;Žilinský kraj;okres Čadca
Zakřany;;21;C;CZ;1899;#N/A;#N/A;#N/A;#N/A;#N/A
Zákupy;;3;A;CZ;1899;#N/A;#N/A;#N/A;#N/A;#N/A
Zalaba;1994-01-01;49;C;SK;1994;47,964175;18,7009906;Slovensko;Nitriansky kraj;okres Levice
Zálesní Lhota;;10;A;CZ;1899;#N/A;#N/A;#N/A;#N/A;#N/A
Zálší;;11;C;CZ;1899;#N/A;#N/A;#N/A;#N/A;#N/A
Zalužany;;18;A;CZ;1899;#N/A;#N/A;#N/A;#N/A;#N/A
Záluží;;7;B;CZ;1899;#N/A;#N/A;#N/A;#N/A;#N/A
Záměl;;11;C;CZ;1899;#N/A;#N/A;#N/A;#N/A;#N/A
Zámrsk;1994-01-01;11;C;CZ;1994;#N/A;#N/A;#N/A;#N/A;#N/A
Zámutov;;43;A;SK;1899;48,9016824;21,5576575;Slovensko;Prešovský kraj;okres Vranov nad Topľou
Zápy;;9;C;CZ;1899;#N/A;#N/A;#N/A;#N/A;#N/A
Zariečie;1994-01-01;24;C;SK;1994;49,1797399;18,2511454;Slovensko;Trenčiansky kraj;okres Púchov
Záryby;;9;C;CZ;1899;#N/A;#N/A;#N/A;#N/A;#N/A
Záříčí;;23;C;CZ;1899;#N/A;#N/A;#N/A;#N/A;#N/A
Zásada;;4;A;CZ;1899;#N/A;#N/A;#N/A;#N/A;#N/A
Zásmuky;;9;D;CZ;1899;#N/A;#N/A;#N/A;#N/A;#N/A
Zastávka;2023-04-29;21;D;CZ;2023;#N/A;#N/A;#N/A;#N/A;#N/A
Zástranie;;25;C;SK;1899;49,2423632;18,8181198;Slovensko;Žilinský kraj;okres Žilina
Zašová;1994-01-01;24;C;CZ;1994;#N/A;#N/A;#N/A;#N/A;#N/A
Zátor;;13;C;CZ;1899;#N/A;#N/A;#N/A;#N/A;#N/A
Záturčie;;39;A;SK;1899;49,0955531;18,9173776;Slovensko;Žilinský kraj;okres Martin
Závada (Lučenec);2002-09-28;50;A;SK;2002;48,29121;19,48787;Slovakia;Banskobystrický kraj;okres Veľký Krtíš
Závada (Topoľčany);2018-07-01;38;C;SK;2018;48,6404339;18,0827357;Slovensko;Nitriansky kraj;okres Topoľčany
Závada pod Čiernym Vrchom;2018-07-01;38;B;SK;2018;48,8247054;18,3586138;Slovensko;Trenčiansky kraj;okres Bánovce nad Bebravou
Závadka (Michalovce);;44;A;SK;1899;48,7669947;22,0645044;Slovensko;Košický kraj;okres Michalovce
Závadka (Prešov);2020-08-09;28;D;SK;2020;48,92722;21,8405349;Slovensko;Prešovský kraj;okres Humenné
Závadka (Spišská Nová Ves);;41;B;SK;1899;48,86583;20,61842;Slovakia;Košický kraj;okres Gelnica
Závadka nad Hronom;1994-01-01;40;B;SK;1994;48,8501934;19,9167455;Slovensko;Banskobystrický kraj;okres Brezno
Zavar;2018-07-01;47;B;SK;2018;48,3515531;17,6736821;Slovensko;Trnavský kraj;okres Trnava
Závažná Poruba;1994-01-01;40;A;SK;1994;49,0551889;19,6489264;Slovensko;Žilinský kraj;okres Liptovský Mikuláš
Zavidov;;7;D;CZ;1899;#N/A;#N/A;#N/A;#N/A;#N/A
Zavlekov;;17;C;CZ;1899;#N/A;#N/A;#N/A;#N/A;#N/A
Závod;1994-01-01;36;D;SK;1994;48,543988;17,0336123;Slovensko;Bratislavský kraj;okres Malacky
Závratec;;20;A;CZ;1899;#N/A;#N/A;#N/A;#N/A;#N/A
Zázrivá;1994-01-01;25;D;SK;1994;49,2762228;19,1548037;Slovensko;Žilinský kraj;okres Dolný Kubín
Zbečno;2018-07-01;7;D;CZ;2018;#N/A;#N/A;#N/A;#N/A;#N/A
Zbehy;2018-07-01;48;A;SK;2018;48,3649975;18,0172465;Slovensko;Nitriansky kraj;okres Nitra
Zbiroh;1995-07-29;17;B;CZ;1995;#N/A;#N/A;#N/A;#N/A;#N/A
Zbizuby;;19;B;CZ;1899;#N/A;#N/A;#N/A;#N/A;#N/A
Zboj;;44;B;SK;1899;49,0285523;22,4826549;Slovensko;Prešovský kraj;okres Snina
Zbojné;;29;D;SK;1899;49,1384192;21,9949879;Slovensko;Prešovský kraj;okres Medzilaborce
Zbonín;;18;C;CZ;1899;#N/A;#N/A;#N/A;#N/A;#N/A
Zborov;1994-01-01;28;D;SK;1994;49,3679102;21,3080014;Slovensko;Prešovský kraj;okres Bardejov
Zborov nad Bystricou;2025-10-18;25;C;SK;2025;49,3841368;18,8795895;Slovensko;Žilinský kraj;okres Čadca
Zborovice;;22;D;CZ;1899;#N/A;#N/A;#N/A;#N/A;#N/A
Zborovy;;17;C;CZ;1899;#N/A;#N/A;#N/A;#N/A;#N/A
Zbraslav (Brno-venkov);;21;C;CZ;1899;#N/A;#N/A;#N/A;#N/A;#N/A
Zbraslav (Praha-západ);;8;D;CZ;1899;#N/A;#N/A;#N/A;#N/A;#N/A
Zbraslavice;;19;B;CZ;1899;#N/A;#N/A;#N/A;#N/A;#N/A
Zbrojníky;1994-01-01;49;A;SK;1994;48,1151359;18,7036345;Slovensko;Nitriansky kraj;okres Levice
Zbůch;;16;B;CZ;1899;#N/A;#N/A;#N/A;#N/A;#N/A
Zbyňov;2021-07-27;38;B;SK;2021;49,1195198;18,6486601;Slovensko;Žilinský kraj;okres Žilina
Zbyslavice;2003-10-03;24;A;CZ;2003;#N/A;#N/A;#N/A;#N/A;#N/A
Zbýšov (Brno-venkov);;21;D;CZ;1899;#N/A;#N/A;#N/A;#N/A;#N/A
Zbýšov (Kutná Hora);;20;A;CZ;1899;#N/A;#N/A;#N/A;#N/A;#N/A
Zbytiny;;31;B;CZ;1899;#N/A;#N/A;#N/A;#N/A;#N/A
Zdaboř;;18;A;CZ;1899;#N/A;#N/A;#N/A;#N/A;#N/A
Zdebuzeves;;19;A;CZ;1899;#N/A;#N/A;#N/A;#N/A;#N/A
Zděchov;;24;C;CZ;1899;#N/A;#N/A;#N/A;#N/A;#N/A
Zdechovice;;10;C;CZ;1899;#N/A;#N/A;#N/A;#N/A;#N/A
Zdemyslice;1995-08-09;17;A;CZ;1995;#N/A;#N/A;#N/A;#N/A;#N/A
Zdětín;;9;A;CZ;1899;#N/A;#N/A;#N/A;#N/A;#N/A
Zdiby;;8;D;CZ;1899;#N/A;#N/A;#N/A;#N/A;#N/A
Zdice;1995-07-29;8;C;CZ;1995;#N/A;#N/A;#N/A;#N/A;#N/A
Zdíkov;;31;B;CZ;1899;#N/A;#N/A;#N/A;#N/A;#N/A
Zdíkovec;;17;D;CZ;1899;#N/A;#N/A;#N/A;#N/A;#N/A
Zdislava;;3;A;CZ;1899;#N/A;#N/A;#N/A;#N/A;#N/A
Zdislavice;;19;B;CZ;1899;#N/A;#N/A;#N/A;#N/A;#N/A
Zdobnice;;11;D;CZ;1899;#N/A;#N/A;#N/A;#N/A;#N/A
Zdoňov;;11;A;CZ;1899;#N/A;#N/A;#N/A;#N/A;#N/A
Zdounky;;22;D;CZ;1899;#N/A;#N/A;#N/A;#N/A;#N/A
Zelená Lhota;1995-07-31;16;D;CZ;1995;#N/A;#N/A;#N/A;#N/A;#N/A
Zelené;2019-06-22;40;D;SK;2019;48,43225;19,77692;Slovakia;Banskobystrický kraj;okres Poltár
Zelenecká Lhota;;9;B;CZ;1899;#N/A;#N/A;#N/A;#N/A;#N/A
Zeleneč (Praha-východ);;9;C;CZ;1899;#N/A;#N/A;#N/A;#N/A;#N/A
Zeleneč (Trnava);2018-07-01;47;A;SK;2018;48,3306585;17,5914223;Slovensko;Trnavský kraj;okres Trnava
Zemětice;;16;B;CZ;1899;#N/A;#N/A;#N/A;#N/A;#N/A
Zemianska Olča;2025-08-02;47;D;SK;2025;47,8058453;17,8726467;Slovensko;Nitriansky kraj;okres Komárno
Zemianske Kostoľany;1994-01-01;38;D;SK;1994;48,6843471;18,5245602;Slovensko;Trenčiansky kraj;okres Prievidza
Zemianske Lieskové;2018-07-01;37;B;SK;2018;48,8468336;17,9157271;Slovensko;Trenčiansky kraj;okres Trenčín
Zemianske Podhradie;2026-08-23;37;B;SK;2026;48,8420709;17,8313696;Slovensko;Trenčiansky kraj;okres Nové Mesto nad Váhom
Zemiansky Vrbovok;;49;B;SK;1899;48,3335154;19,14326;Slovensko;Banskobystrický kraj;okres Krupina
Zemné;2025-08-16;47;D;SK;2025;47,9850015;17,9953617;Slovensko;Nitriansky kraj;okres Nové Zámky
Zemplín;;43;D;SK;1899;48,4394;21,8123559;Slovensko;Košický kraj;okres Trebišov
Zemplínska Široká;;43;B;SK;1899;48,693162;21,9774397;Slovensko;Košický kraj;okres Michalovce
Zemplínska Teplica;2026-05-31;43;C;SK;2026;48,646045;21,5739889;Slovensko;Košický kraj;okres Trebišov
Zemplínske Hámre;2026-06-02;44;A;SK;2026;48,9495058;22,1557086;Slovensko;Prešovský kraj;okres Snina
Zemplínske Hradište;2026-06-01;43;D;SK;2026;48,5829205;21,7368733;Slovensko;Košický kraj;okres Trebišov
Zhoř (Jihlava);;20;D;CZ;1899;#N/A;#N/A;#N/A;#N/A;#N/A
Zhoř (Tachov);;16;B;CZ;1899;#N/A;#N/A;#N/A;#N/A;#N/A
Zlatá Baňa;;43;A;SK;1899;48,9494832;21,4204059;Slovensko;Prešovský kraj;okres Prešov
Zlatá Idka;2021-05-22;42;B;SK;2021;48,7522811;21,0060729;Slovensko;Košický kraj;okres Košice - okolie
Zlatá Koruna;1995-08-09;32;B;CZ;1995;#N/A;#N/A;#N/A;#N/A;#N/A
Zlatá Olešnice;;4;A;CZ;1899;#N/A;#N/A;#N/A;#N/A;#N/A
Zlaté Hory (Benešov);;19;A;CZ;1899;#N/A;#N/A;#N/A;#N/A;#N/A
Zlaté Hory (Bruntál);;13;C;CZ;1899;#N/A;#N/A;#N/A;#N/A;#N/A
Zlaté Klasy;1994-01-01;47;A;SK;1994;48,1194295;17,4195957;Slovensko;Trnavský kraj;okres Dunajská Streda
Zlaté Moravce;1994-01-01;38;D;SK;1994;48,3833333;18,4;Slovensko;Nitriansky kraj;okres Zlaté Moravce
Zlatná na Ostrove;2025-08-02;47;D;SK;2025;47,769836;17,9740132;Slovensko;Nitriansky kraj;okres Komárno
Zlatníky;2018-07-01;38;C;SK;2018;48,7111473;18,1225418;Slovensko;Trenčiansky kraj;okres Bánovce nad Bebravou
Zlatno;2018-07-01;38;C;SK;2018;48,516781;19,8190658;Slovensko;Banskobystrický kraj;okres Poltár
Zlatovce;1994-01-01;38;A;SK;1994;48,9128377;18,0107555;Slovensko;Trenčiansky kraj;okres Trenčín
Zlechov;;37;A;CZ;1899;#N/A;#N/A;#N/A;#N/A;#N/A
Zlíčín;;8;D;CZ;1899;#N/A;#N/A;#N/A;#N/A;#N/A
Zliechov;1994-01-01;38;B;SK;1994;48,9502297;18,4311984;Slovensko;Trenčiansky kraj;okres Ilava
Zliv;1995-08-09;32;B;CZ;1995;#N/A;#N/A;#N/A;#N/A;#N/A
Zlobice;;22;D;CZ;1899;#N/A;#N/A;#N/A;#N/A;#N/A
Zlonice;;8;A;CZ;1899;#N/A;#N/A;#N/A;#N/A;#N/A
Znojmo;2004-05-22;35;A;CZ;2004;#N/A;#N/A;#N/A;#N/A;#N/A
Zohor;1994-01-01;46;A;SK;1994;48,3182771;16,9830535;Slovensko;Bratislavský kraj;okres Malacky
Zolná;1994-01-01;39;D;SK;1994;48,6761851;19,2708061;Slovensko;Banskobystrický kraj;okres Banská Bystrica
Zruč;;17;A;CZ;1899;#N/A;#N/A;#N/A;#N/A;#N/A
Zruč nad Sázavou;;19;B;CZ;1899;#N/A;#N/A;#N/A;#N/A;#N/A
Zubák;2023-07-09;38;A;SK;2023;49,15;18,2166667;Slovensko;Trenčiansky kraj;okres Púchov
Zuberec;1994-01-01;26;C;SK;1994;49,2601209;19,6142571;Slovensko;Žilinský kraj;okres Tvrdošín
Zubné;;44;A;SK;1899;49,0477998;22,0625757;Slovensko;Prešovský kraj;okres Humenné
Zubrohlava;1994-01-01;26;C;SK;1994;49,4450494;19,5116002;Slovensko;Žilinský kraj;okres Námestovo
Zubří (Vsetín);;24;C;CZ;1899;#N/A;#N/A;#N/A;#N/A;#N/A
Zubří (Žďár nad Sázovou);;21;A;CZ;1899;#N/A;#N/A;#N/A;#N/A;#N/A
Zvala;;30;C;SK;1899;49,1312665;22,2443358;Slovensko;Prešovský kraj;okres Snina
Zvěstov;;19;A;CZ;1899;#N/A;#N/A;#N/A;#N/A;#N/A
Zvíkov;;32;B;CZ;1899;#N/A;#N/A;#N/A;#N/A;#N/A
Zvíkovské Podhradí;;18;C;CZ;1899;#N/A;#N/A;#N/A;#N/A;#N/A
Zvírotice;;18;B;CZ;1899;#N/A;#N/A;#N/A;#N/A;#N/A
Zvířetice;;9;A;CZ;1899;#N/A;#N/A;#N/A;#N/A;#N/A
Zvole (Praha-západ);;8;D;CZ;1899;#N/A;#N/A;#N/A;#N/A;#N/A
Zvole (Šumperk);;22;A;CZ;1899;#N/A;#N/A;#N/A;#N/A;#N/A
Zvole (Ždár nad Sázavou);;21;C;CZ;1899;#N/A;#N/A;#N/A;#N/A;#N/A
Zvolen;1994-01-01;39;D;SK;1994;48,5782517;19,1247135;Slovensko;Banskobystrický kraj;okres Zvolen
Zvoleněves;;8;C;CZ;1899;#N/A;#N/A;#N/A;#N/A;#N/A
Zvolenovice;2023-05-01;20;C;CZ;2023;#N/A;#N/A;#N/A;#N/A;#N/A
Zvolenská Slatina;1994-01-01;39;D;SK;1994;48,5607857;19,2604335;Slovensko;Banskobystrický kraj;okres Zvolen
Žabčice;1994-01-01;35;B;CZ;1994;#N/A;#N/A;#N/A;#N/A;#N/A
Žabokreky;1996-08-28;39;A;SK;1996;49,026601;18,9197724;Slovensko;Žilinský kraj;okres Martin
Žabokreky nad Nitrou;2000-07-19;38;C;SK;2000;48,6240096;18,301643;Slovensko;Trenčiansky kraj;okres Partizánske
Žabovřesky;;32;A;CZ;1899;#N/A;#N/A;#N/A;#N/A;#N/A
Žacléř;;10;B;CZ;1899;#N/A;#N/A;#N/A;#N/A;#N/A
Žádovice;;36;B;CZ;1899;#N/A;#N/A;#N/A;#N/A;#N/A
Žakarovce;;42;A;SK;1899;48,8779714;20,9266134;Slovensko;Košický kraj;okres Gelnica
Žákava;;17;A;CZ;1899;#N/A;#N/A;#N/A;#N/A;#N/A
Žáky;;20;A;CZ;1899;#N/A;#N/A;#N/A;#N/A;#N/A
Žalany;1994-01-01;8;A;CZ;1994;#N/A;#N/A;#N/A;#N/A;#N/A
Žalhostice;;8;A;CZ;1899;#N/A;#N/A;#N/A;#N/A;#N/A
Žalobín;2020-07-22;43;B;SK;2020;48,9698054;21,7280436;Slovensko;Prešovský kraj;okres Vranov nad Topľou
Žamberk;;11;D;CZ;1899;#N/A;#N/A;#N/A;#N/A;#N/A
Žandov;;2;B;CZ;1899;#N/A;#N/A;#N/A;#N/A;#N/A
Žantov;;9;B;CZ;1899;#N/A;#N/A;#N/A;#N/A;#N/A
Žarnov;2021-05-22;42;C;SK;2021;48,5830983;20,9263433;Slovensko;Košický kraj;okres Košice - okolie
Žarnovica;1994-01-01;39;C;SK;1994;48,4833983;18,7215497;Slovensko;Banskobystrický kraj;okres Žarnovica
Žarošice;2019-09-06;36;A;CZ;2019;#N/A;#N/A;#N/A;#N/A;#N/A
Žaškov;2000-03-12;25;D;SK;2000;49,1708175;19,2178759;Slovensko;Žilinský kraj;okres Dolný Kubín
Žatec;;7;A;CZ;1899;#N/A;#N/A;#N/A;#N/A;#N/A
Žbince;;43;D;SK;1899;48,6702975;21,885093;Slovensko;Košický kraj;okres Michalovce
Ždaňa;1994-01-01;43;C;SK;1994;48,602393;21,3493569;Slovensko;Košický kraj;okres Košice - okolie
Ždánice (Hodonín);;36;B;CZ;1899;#N/A;#N/A;#N/A;#N/A;#N/A
Ždánice (Kolín);;9;D;CZ;1899;#N/A;#N/A;#N/A;#N/A;#N/A
Žďár (Mladá Boleslav);;9;B;CZ;1899;#N/A;#N/A;#N/A;#N/A;#N/A
Žďár (Rakovník);;7;C;CZ;1899;#N/A;#N/A;#N/A;#N/A;#N/A
Žďár nad Orlicí;;11;C;CZ;1899;#N/A;#N/A;#N/A;#N/A;#N/A
Žďár nad Sázavou;;20;B;CZ;1899;#N/A;#N/A;#N/A;#N/A;#N/A
Žďárec;;21;C;CZ;1899;#N/A;#N/A;#N/A;#N/A;#N/A
Žďárky;;11;A;CZ;1899;#N/A;#N/A;#N/A;#N/A;#N/A
Žďárná;;22;C;CZ;1899;#N/A;#N/A;#N/A;#N/A;#N/A
Ždiar;1994-01-01;27;C;SK;1994;49,2709308;20,2716342;Slovensko;Prešovský kraj;okres Poprad
Ždírec (Jihlava);;20;D;CZ;1899;#N/A;#N/A;#N/A;#N/A;#N/A
Ždírec (Plzeň-jih);1995-08-09;17;A;CZ;1995;#N/A;#N/A;#N/A;#N/A;#N/A
Ždírec nad Doubravou;2005-08-27;20;B;CZ;2005;#N/A;#N/A;#N/A;#N/A;#N/A
Žebětín;;21;D;CZ;1899;#N/A;#N/A;#N/A;#N/A;#N/A
Žebrák;1994-01-01;7;D;CZ;1994;#N/A;#N/A;#N/A;#N/A;#N/A
Žehňa;;43;A;SK;1899;48,9171792;21,3420549;Slovensko;Prešovský kraj;okres Prešov
Žehra;1994-01-01;42;A;SK;1994;48,9804224;20,7920261;Slovensko;Košický kraj;okres Spišská Nová Ves
Žehuň;;10;C;CZ;1899;#N/A;#N/A;#N/A;#N/A;#N/A
Žehušice;;10;C;CZ;1899;#N/A;#N/A;#N/A;#N/A;#N/A
Želatovice;;23;C;CZ;1899;#N/A;#N/A;#N/A;#N/A;#N/A
Želeč (Prostějov);;22;D;CZ;1899;#N/A;#N/A;#N/A;#N/A;#N/A
Želeč (Tábor);;18;D;CZ;1899;#N/A;#N/A;#N/A;#N/A;#N/A
Želechovice n. Dřevnicí;;23;D;CZ;1899;#N/A;#N/A;#N/A;#N/A;#N/A
Želenice;;7;B;CZ;1899;#N/A;#N/A;#N/A;#N/A;#N/A
Želenov;;17;D;CZ;1899;#N/A;#N/A;#N/A;#N/A;#N/A
Želešice;;35;B;CZ;1899;#N/A;#N/A;#N/A;#N/A;#N/A
Želetava;2023-05-01;20;D;CZ;2023;#N/A;#N/A;#N/A;#N/A;#N/A
Železná Breznica;1994-01-01;39;D;SK;1994;48,6148572;19,0114102;Slovensko;Banskobystrický kraj;okres Zvolen
Železná Ruda;1995-07-31;16;D;CZ;1995;#N/A;#N/A;#N/A;#N/A;#N/A
Železnice;;10;A;CZ;1899;#N/A;#N/A;#N/A;#N/A;#N/A
Železnô;1994-01-01;40;A;SK;1994;48,9536496;19,3934942;Slovensko;Žilinský kraj;okres Liptovský Mikuláš
Železný Brod;;9;B;CZ;1899;#N/A;#N/A;#N/A;#N/A;#N/A
Želiezovce;1994-01-01;49;A;SK;1994;48,0492258;18,6583548;Slovensko;Nitriansky kraj;okres Levice
Želiv;2018-10-29;19;B;CZ;2018;#N/A;#N/A;#N/A;#N/A;#N/A
Želízy;1997-05-30;8;B;CZ;1997;#N/A;#N/A;#N/A;#N/A;#N/A
Želnava;2024-03-30;31;B;CZ;2024;#N/A;#N/A;#N/A;#N/A;#N/A
Želovce;2018-07-01;50;A;SK;2018;48,1245541;19,3527584;Slovensko;Banskobystrický kraj;okres Veľký Krtíš
Žemberovce;1994-01-01;49;A;SK;1994;48,2578852;18,7407566;Slovensko;Nitriansky kraj;okres Levice
Žemliare;1994-01-01;48;B;SK;1994;48,1482945;18,6051669;Slovensko;Nitriansky kraj;okres Levice
Ženklava;2003-10-04;24;A;CZ;2003;#N/A;#N/A;#N/A;#N/A;#N/A
Žeranovice;;23;C;CZ;1899;#N/A;#N/A;#N/A;#N/A;#N/A
Žeravice;;36;B;CZ;1899;#N/A;#N/A;#N/A;#N/A;#N/A
Žeretice;;10;A;CZ;1899;#N/A;#N/A;#N/A;#N/A;#N/A
Žernov;;11;A;CZ;1899;#N/A;#N/A;#N/A;#N/A;#N/A
Žešov;;22;D;CZ;1899;#N/A;#N/A;#N/A;#N/A;#N/A
Žiar;1994-01-01;40;A;SK;1994;48,4370596;20,2737217;Slovensko;Banskobystrický kraj;okres Revúca
Žiar nad Hronom;1994-01-01;39;C;SK;1994;48,5910183;18,8500892;Slovensko;Banskobystrický kraj;okres Žiar nad Hronom
Židlochovice;2001-06-16;35;B;CZ;2001;#N/A;#N/A;#N/A;#N/A;#N/A
Žihárec;2025-08-16;47;B;SK;2025;48,0713858;17,8880828;Slovensko;Nitriansky kraj;okres Šaľa
Žihle;;7;C;CZ;1899;#N/A;#N/A;#N/A;#N/A;#N/A
Žichlínek;1994-01-01;21;B;CZ;1994;#N/A;#N/A;#N/A;#N/A;#N/A
Žichovice;;17;C;CZ;1899;#N/A;#N/A;#N/A;#N/A;#N/A
Žikava;2018-07-01;38;D;SK;2018;48,4452265;18,3828842;Slovensko;Nitriansky kraj;okres Zlaté Moravce
Žilina (Kladno);;8;C;CZ;1899;#N/A;#N/A;#N/A;#N/A;#N/A
Žilina (Žilina);1994-01-01;25;C;SK;1994;49,2234674;18,7393139;Slovensko;Žilinský kraj;okres Žilina
Žilina u Nového Jičína;;24;A;CZ;1899;#N/A;#N/A;#N/A;#N/A;#N/A
Žimrovice;;23;B;CZ;1899;#N/A;#N/A;#N/A;#N/A;#N/A
Žinkovy;;17;A;CZ;1899;#N/A;#N/A;#N/A;#N/A;#N/A
Žipov;;42;B;SK;1899;48,966624;21,0850485;Slovensko;Prešovský kraj;okres Prešov
Žireč;;10;B;CZ;1899;#N/A;#N/A;#N/A;#N/A;#N/A
Žirovnice;2021-09-10;19;D;CZ;2021;#N/A;#N/A;#N/A;#N/A;#N/A
Žitavany;2001-07-01;38;D;SK;2001;48,3999204;18,4188607;Slovensko;Nitriansky kraj;okres Zlaté Moravce
Žitavce;2023-08-19;48;A;SK;2023;48,2;18,3;Slovensko;Nitriansky kraj;okres Nitra
Žiteč;;33;A;CZ;1899;#N/A;#N/A;#N/A;#N/A;#N/A
Žitenice;;8;A;CZ;1899;#N/A;#N/A;#N/A;#N/A;#N/A
Žitková;;37;B;CZ;1899;#N/A;#N/A;#N/A;#N/A;#N/A
Živanice;;10;D;CZ;1899;#N/A;#N/A;#N/A;#N/A;#N/A
Živohošt;;18;B;CZ;1899;#N/A;#N/A;#N/A;#N/A;#N/A
Životice;;24;B;CZ;1899;#N/A;#N/A;#N/A;#N/A;#N/A
Žiželice (Kolín);;10;C;CZ;1899;#N/A;#N/A;#N/A;#N/A;#N/A
Žiželice (Louny);;7;A;CZ;1899;#N/A;#N/A;#N/A;#N/A;#N/A
Žižice;;8;C;CZ;1899;#N/A;#N/A;#N/A;#N/A;#N/A
Žižkovo Pole;;20;B;CZ;1899;#N/A;#N/A;#N/A;#N/A;#N/A
Žleby;;20;A;CZ;1899;#N/A;#N/A;#N/A;#N/A;#N/A
Žlunice;;10;A;CZ;1899;#N/A;#N/A;#N/A;#N/A;#N/A
Žlutava;;23;C;CZ;1899;#N/A;#N/A;#N/A;#N/A;#N/A
Žlutice;;6;D;CZ;1899;#N/A;#N/A;#N/A;#N/A;#N/A
Žulová;2022-04-15;12;B;CZ;1899;#N/A;#N/A;#N/A;#N/A;#N/A
Žumberk;;20;B;CZ;1899;#N/A;#N/A;#N/A;#N/A;#N/A
